project_name,location,full_address,cleaned_address,cleaned_query,fallback_query,lat,lon,geocode_provider,formatted_address,quality_note
100 West,"Pio Del Pilar, Makati, Metro Manila","100 West, Pio Del Pilar, Makati, Metro Manila, Philippines",100 west pio del pilar makati metro manila philippines,100 west pio del pilar makati metro manila philippines,"100 West, Pio Del Pilar, Makati, Metro Manila, Philippines, Metro Manila, Philippines",14.5584322,121.0098588,google,"100 Sen. Gil Puyat Ave. Corner Washington St., Brgy. Pio del Pilar, Makati City, 1230 Metro Manila, Philippines",FALLBACK_FULL|GEOMETRIC_CENTER
100 West Makati,"Pio Del Pilar, Makati, Metro Manila","100 West Makati, Pio Del Pilar, Makati, Metro Manila, Philippines",100 west makati pio del pilar makati metro manila philippines,100 west makati pio del pilar makati metro manila philippines,,14.5584322,121.0098588,google,"100 Sen. Gil Puyat Ave. Corner Washington St., Brgy. Pio del Pilar, Makati City, 1230 Metro Manila, Philippines",CLEANED|GEOMETRIC_CENTER
1001 Parkway Residences,"Muntinlupa, Metro Manila","1001 Parkway Residences, Muntinlupa, Metro Manila, Philippines",1001 parkway muntinlupa metro manila philippines,1001 parkway muntinlupa metro manila philippines,,14.4141232,121.0372049,google,"C27P+JVW, Muntinlupa, Metro Manila, Philippines",CLEANED|GEOMETRIC_CENTER
101 Newport BLVD,"Pasay, Metro Manila","101 Newport BLVD, Pasay, Metro Manila, Philippines",101 newport boulevard pasay metro manila philippines,101 newport boulevard pasay metro manila philippines,,14.5237733,121.0129988,google,"101 Newport Blvd, Newport City, Pasay City, Metro Manila, Philippines",CLEANED|ROOFTOP
101 Xavierville,"Loyola Heights, Quezon City, Metro Manila","101 Xavierville, Loyola Heights, Quezon City, Metro Manila, Philippines",101 xavierville loyola heights quezon city metro manila philippines,101 xavierville loyola heights quezon city metro manila philippines,,14.6341152,121.0734137,google,"101 Xavierville Ave, Diliman, Quezon City, 1108 Metro Manila, Philippines",CLEANED|ROOFTOP
110 Benavidez,"San Lorenzo, Makati, Metro Manila","110 Benavidez, San Lorenzo, Makati, Metro Manila, Philippines",110 benavidez san lorenzo makati metro manila philippines,110 benavidez san lorenzo makati metro manila philippines,,14.5515001,121.017292,google,"Parking lot, 110 Benavidez Street, Legazpi Village, Makati City, Metro Manila, Philippines",CLEANED|GEOMETRIC_CENTER
115 Upper Mckinley,"Taguig, Metro Manila","115 Upper Mckinley, Taguig, Metro Manila, Philippines",115 upper mckinley taguig metro manila philippines,115 upper mckinley taguig metro manila philippines,,14.5384933,121.0536581,google,"115 Upper McKinley Hl, Taguig, Metro Manila, Philippines",CLEANED|ROOFTOP
12 Luxury Flats,"Little Baguio, San Juan, Metro Manila","12 Luxury Flats, Little Baguio, San Juan, Metro Manila, Philippines",12 luxury flats little baguio san juan metro manila philippines,12 luxury flats little baguio san juan metro manila philippines,,14.5985054,121.0379052,google,"304 V. Cruz, San Juan City, 1500 Metro Manila, Philippines",CLEANED|ROOFTOP
1322 Golden Empire Tower,"Ermita, Manila, Metro Manila","1322 Golden Empire Tower, Ermita, Manila, Metro Manila, Philippines",1322 golden empire ermita manila metro manila philippines,1322 golden empire ermita manila metro manila philippines,,14.5764256,120.9801932,google,"Golden Empire Tower, 1322 Roxas Blvd, Ermita, Manila, 1000 Metro Manila, Philippines",CLEANED|ROOFTOP
150 Newport BLVD,"Barangay 183, Pasay, Metro Manila","150 Newport BLVD, Barangay 183, Pasay, Metro Manila, Philippines",150 newport boulevard barangay 183 pasay metro manila philippines,150 newport boulevard barangay 183 pasay metro manila philippines,,14.5238317,121.0134284,google,"150 Newport Blvd, Pasay City, 1309 Metro Manila, Philippines",CLEANED|ROOFTOP
205 Santolan by Rockwell,"Valencia, Quezon City, Metro Manila","205 Santolan by Rockwell, Valencia, Quezon City, Metro Manila, Philippines",205 santolan by rockwell valencia quezon city metro manila philippines,205 santolan by rockwell valencia quezon city metro manila philippines,,14.6089277,121.0409041,google,"Santolan by Rockwell, 205 Col. ボニー・セラーノ・アベニュー Quezon City, 1112 Metro Manila, Philippines",CLEANED|ROOFTOP
2Torre Lorenzo,"Malate, Manila, Metro Manila","2Torre Lorenzo, Malate, Manila, Metro Manila, Philippines",2torre lorenzo malate manila metro manila philippines,2torre lorenzo malate manila metro manila philippines,,14.5657169,120.9939639,google,"2-Torre Lorenzo, Taft Ave, Malate, Manila, 1004 Metro Manila, Philippines",CLEANED|ROOFTOP
329 Armstrong,"Parañaque, Metro Manila","329 Armstrong, Parañaque, Metro Manila, Philippines",329 armstrong paranaque metro manila philippines,329 armstrong paranaque metro manila philippines,,14.500145,121.015213,google,"329 Armstrong Ave, Parañaque, 1709 Metro Manila, Philippines",CLEANED|ROOFTOP
3Torre Lorenzo,"Malate, Manila, Metro Manila","3Torre Lorenzo, Malate, Manila, Metro Manila, Philippines",3torre lorenzo malate manila metro manila philippines,3torre lorenzo malate manila metro manila philippines,,14.5638263,120.9979774,google,"994 P.Ocampo St., Malate, Manila, 1004 Metro Manila, Philippines",CLEANED|ROOFTOP
53 Benitez,"Cubao, Quezon City, Metro Manila","53 Benitez, Cubao, Quezon City, Metro Manila, Philippines",53 benitez cubao quezon city metro manila philippines,53 benitez cubao quezon city metro manila philippines,,14.6142978,121.0466262,google,"53 C. Benitez St, Cubao, Quezon City, 1112 Metro Manila, Philippines",CLEANED|ROOFTOP
55 Kalayaan Suites,"Quezon Avenue, Quezon City, Metro Manila","55 Kalayaan Suites, Quezon Avenue, Quezon City, Metro Manila, Philippines",55 kalayaan suites quezon avenue quezon city metro manila philippines,55 kalayaan suites quezon avenue quezon city metro manila philippines,"55 Kalayaan Suites, Quezon Avenue, Quezon City, Metro Manila, Philippines, Metro Manila, Philippines",,,,,
8 ADRIATICO,"Malate, Manila, Metro Manila","8 ADRIATICO, Malate, Manila, Metro Manila, Philippines",8 adriatico malate manila metro manila philippines,8 adriatico malate manila metro manila philippines,,14.5778112,120.982882,google,"8 Adriatico, Ermita, Manila, 1000 Metro Manila, Philippines",CLEANED|ROOFTOP
8 Benitez Suites,"Horseshoe, Quezon City, Metro Manila","8 Benitez Suites, Horseshoe, Quezon City, Metro Manila, Philippines",8 benitez suites horseshoe quezon city metro manila philippines,8 benitez suites horseshoe quezon city metro manila philippines,,14.610583,121.0441936,google,"J26V+6MP, C. Benitez St, Quezon City, Metro Manila, Philippines",CLEANED|GEOMETRIC_CENTER
8 Forbestown Centre,"BGC, Taguig, Metro Manila","8 Forbestown Centre, BGC, Taguig, Metro Manila, Philippines",8 forbestown centre bonifacio global city taguig metro manila philippines,8 forbestown centre bonifacio global city taguig metro manila philippines,"8 Forbestown Centre, BGC, Taguig, Metro Manila, Philippines, Metro Manila, Philippines",,,,,
8 Forbestown Road,"Fort Bonifacio, Taguig, Metro Manila","8 Forbestown Road, Fort Bonifacio, Taguig, Metro Manila, Philippines",8 forbestown road fort bonifacio bonifacio taguig metro manila philippines,8 forbestown road fort bonifacio bonifacio taguig metro manila philippines,"8 Forbestown Road, Fort Bonifacio, Taguig, Metro Manila, Philippines, Metro Manila, Philippines",,,,,
8 Wack Wack Road,"Wack-Wack Greenhills, Mandaluyong, Metro Manila","8 Wack Wack Road, Wack-Wack Greenhills, Mandaluyong, Metro Manila, Philippines",8 wack wack road wack-wack greenhills mandaluyong metro manila philippines,8 wack wack road wack-wack greenhills mandaluyong metro manila philippines,,14.5863487,121.0497064,google,"8 Wack Wack Rd, Mandaluyong City, 1555 Metro Manila, Philippines",CLEANED|ROOFTOP
81 Newport BLVD,"Barangay 183, Pasay, Metro Manila","81 Newport BLVD, Barangay 183, Pasay, Metro Manila, Philippines",81 newport boulevard barangay 183 pasay metro manila philippines,81 newport boulevard barangay 183 pasay metro manila philippines,,14.522868,121.0137567,google,"81 Newport Blvd, Pasay City, 1301 Metro Manila, Philippines",CLEANED|ROOFTOP
81 Newport Boulevard,"Newport City, Pasay, Metro Manila","81 Newport Boulevard, Newport City, Pasay, Metro Manila, Philippines",81 newport boulevard newport city pasay metro manila philippines,81 newport boulevard newport city pasay metro manila philippines,"81 Newport Boulevard, Newport City, Pasay, Metro Manila, Philippines, Metro Manila, Philippines",14.522868,121.0137567,google,"81 Newport Blvd, Pasay City, 1301 Metro Manila, Philippines",FALLBACK_FULL|ROOFTOP
81 Xavier Residences,"Greenhills, San Juan, Metro Manila","81 Xavier Residences, Greenhills, San Juan, Metro Manila, Philippines",81 xavier greenhills san juan metro manila philippines,81 xavier greenhills san juan metro manila philippines,,14.603923,121.038533,google,"Xavier, San Juan City, 1502 Metro Manila, Philippines",CLEANED|GEOMETRIC_CENTER
878 España,"Sampaloc, Manila, Metro Manila","878 España, Sampaloc, Manila, Metro Manila, Philippines",878 espana sampaloc manila metro manila philippines,878 espana sampaloc manila metro manila philippines,,14.6067071,120.9891781,google,"878 España Blvd, Sampaloc, Manila, 1008 Metro Manila, Philippines",CLEANED|ROOFTOP
ADB Avenue Tower,"Bagong Ilog, Pasig, Metro Manila","ADB Avenue Tower, Bagong Ilog, Pasig, Metro Manila, Philippines",adb avenue bagong ilog pasig metro manila philippines,adb avenue bagong ilog pasig metro manila philippines,"ADB Avenue Tower, Bagong Ilog, Pasig, Metro Manila, Philippines, Metro Manila, Philippines",,,,,
ADRIATICO RESIDENCES,"Quiapo, Manila, Metro Manila","ADRIATICO RESIDENCES, Quiapo, Manila, Metro Manila, Philippines",adriatico residences quiapo manila metro manila philippines,adriatico residences quiapo manila metro manila philippines,,14.5746765,120.9839052,google,"Cors. Adriatico Street, Pedro Gil St, Ermita, Manila, 1000 Metro Manila, Philippines",CLEANED|GEOMETRIC_CENTER
ALPHA SALCEDO,"Bel-Air, Makati, Metro Manila","ALPHA SALCEDO, Bel-Air, Makati, Metro Manila, Philippines",alpha salcedo bel-air makati metro manila philippines,alpha salcedo bel-air makati metro manila philippines,,14.5611581,121.0226694,google,"Alpha Salcedo, 124 H.V. Dela Costa, Makati City, 1227 Metro Manila, Philippines",CLEANED|ROOFTOP
AMA TOWER RESIDENCES,"Wack-Wack Greenhills, Mandaluyong, Metro Manila","AMA TOWER RESIDENCES, Wack-Wack Greenhills, Mandaluyong, Metro Manila, Philippines",ama tower residences wack-wack greenhills mandaluyong metro manila philippines,ama tower residences wack-wack greenhills mandaluyong metro manila philippines,,14.5909552,121.0572934,google,"AMA Tower Residences, Epifanio de los Santos Ave, Mandaluyong City, Metro Manila, Philippines",CLEANED|ROOFTOP
AMAIA SKIES AVENIDA,"Quiapo, Manila, Metro Manila","AMAIA SKIES AVENIDA, Quiapo, Manila, Metro Manila, Philippines",amaia skies avenida quiapo manila metro manila philippines,amaia skies avenida quiapo manila metro manila philippines,,14.6050143,120.9813848,google,"1556, Santrans Bus Terminal, Amaia Skies Avenida, 1008 Doroteo Jose St, Santa Cruz, Manila, 1008 Metro Manila, Philippines",CLEANED|ROOFTOP
AMAIA STEPS SUCAT,"Parañaque, Metro Manila","AMAIA STEPS SUCAT, Parañaque, Metro Manila, Philippines",amaia steps sucat paranaque metro manila philippines,amaia steps sucat paranaque metro manila philippines,,14.4626963,121.0245538,google,"8333 Dr Arcadio Santos Ave, Parañaque, 1715 Metro Manila, Philippines",CLEANED|ROOFTOP
ANUVA CONDO,"Alabang, Muntinlupa, Metro Manila","ANUVA CONDO, Alabang, Muntinlupa, Metro Manila, Philippines",anuva condo alabang muntinlupa metro manila philippines,anuva condo alabang muntinlupa metro manila philippines,"ANUVA CONDO, Alabang, Muntinlupa, Metro Manila, Philippines, Metro Manila, Philippines",,,,,
ASIA Enclaves Alabang,"Alabang, Muntinlupa, Metro Manila","ASIA Enclaves Alabang, Alabang, Muntinlupa, Metro Manila, Philippines",asia enclaves alabang alabang muntinlupa metro manila philippines,asia enclaves alabang alabang muntinlupa metro manila philippines,,14.4055591,121.0472066,google,"C24W+6VG, Manila S Rd, Muntinlupa, 1770 Metro Manila, Philippines",CLEANED|GEOMETRIC_CENTER
AURORA GARDENS,"Addition Hills, Mandaluyong, Metro Manila","AURORA GARDENS, Addition Hills, Mandaluyong, Metro Manila, Philippines",aurora gardens addition hills mandaluyong metro manila philippines,aurora gardens addition hills mandaluyong metro manila philippines,"AURORA GARDENS, Addition Hills, Mandaluyong, Metro Manila, Philippines, Metro Manila, Philippines",,,,,
Acacia Escalades,"Manggahan, Pasig, Metro Manila","Acacia Escalades, Manggahan, Pasig, Metro Manila, Philippines",acacia escalades manggahan pasig metro manila philippines,acacia escalades manggahan pasig metro manila philippines,,14.6052209,121.091448,google,"Amang Rodriguez Ave, cor Calle Industria, Pasig, 1611 Metro Manila, Philippines",CLEANED|ROOFTOP
Acacia Escalades – Building B,"Manggahan, Pasig, Metro Manila","Acacia Escalades – Building B, Manggahan, Pasig, Metro Manila, Philippines",acacia escalades – building b manggahan pasig metro manila philippines,acacia escalades – building b manggahan pasig metro manila philippines,"Acacia Escalades – Building B, Manggahan, Pasig, Metro Manila, Philippines, Metro Manila, Philippines",,,,,
Acqua Living Stone,"Hulo, Mandaluyong, Metro Manila","Acqua Living Stone, Hulo, Mandaluyong, Metro Manila, Philippines",acqua living stone hulo mandaluyong metro manila philippines,acqua living stone hulo mandaluyong metro manila philippines,,14.5682037,121.0366861,google,"Mandaluyong City, Metro Manila, Philippines",CLEANED|GEOMETRIC_CENTER
Acqua Private Residences,"Hulo, Mandaluyong, Metro Manila","Acqua Private Residences, Hulo, Mandaluyong, Metro Manila, Philippines",acqua private residences hulo mandaluyong metro manila philippines,acqua private residences hulo mandaluyong metro manila philippines,,14.5682746,121.0360236,google,"H29P+8C2, Coronado, Mandaluyong City, Metro Manila, Philippines",CLEANED|GEOMETRIC_CENTER
Activa Flex,"E. Rodriguez, Quezon City, Metro Manila","Activa Flex, E. Rodriguez, Quezon City, Metro Manila, Philippines",activa flex e. rodriguez quezon city metro manila philippines,activa flex e. rodriguez quezon city metro manila philippines,"Activa Flex, E. Rodriguez, Quezon City, Metro Manila, Philippines, Metro Manila, Philippines",,,,,
Admiral Baysuites,"Malate, Manila, Metro Manila","Admiral Baysuites, Malate, Manila, Metro Manila, Philippines",admiral baysuites malate manila metro manila philippines,admiral baysuites malate manila metro manila philippines,"Admiral Baysuites, Malate, Manila, Metro Manila, Philippines, Metro Manila, Philippines",,,,,
Adriatico Gardens,"Malate, Manila, Metro Manila","Adriatico Gardens, Malate, Manila, Metro Manila, Philippines",adriatico gardens malate manila metro manila philippines,adriatico gardens malate manila metro manila philippines,,14.56444,120.9900071,google,"Adriatico Gardens, Malate, Manila, 1004 Metro Manila, Philippines",CLEANED|ROOFTOP
Adriatico Place,"Malate, Manila, Metro Manila","Adriatico Place, Malate, Manila, Metro Manila, Philippines",adriatico place malate manila metro manila philippines,adriatico place malate manila metro manila philippines,,14.5663115,120.9882828,google,"Adriatico St, Malate, Manila, Metro Manila, Philippines",CLEANED|GEOMETRIC_CENTER
Aguada Residences,"Amparo, Caloocan, Metro Manila","Aguada Residences, Amparo, Caloocan, Metro Manila, Philippines",aguada residences amparo caloocan metro manila philippines,aguada residences amparo caloocan metro manila philippines,"Aguada Residences, Amparo, Caloocan, Metro Manila, Philippines, Metro Manila, Philippines",,,,,
Aic Gold Tower,"Bagong Ilog, Pasig, Metro Manila","Aic Gold Tower, Bagong Ilog, Pasig, Metro Manila, Philippines",aic gold tower bagong ilog pasig metro manila philippines,aic gold tower bagong ilog pasig metro manila philippines,"Aic Gold Tower, Bagong Ilog, Pasig, Metro Manila, Philippines, Metro Manila, Philippines",,,,,
Air Residences,"San Antonio, Makati, Metro Manila","Air Residences, San Antonio, Makati, Metro Manila, Philippines",air residences san antonio makati metro manila philippines,air residences san antonio makati metro manila philippines,,14.5623517,121.0145708,google,"7257 Malugay, Makati, 1203 Kalakhang Maynila, Philippines",CLEANED|ROOFTOP
Al Khor Town Homes,"Batis, San Juan, Metro Manila","Al Khor Town Homes, Batis, San Juan, Metro Manila, Philippines",al khor town homes batis san juan metro manila philippines,al khor town homes batis san juan metro manila philippines,"Al Khor Town Homes, Batis, San Juan, Metro Manila, Philippines, Metro Manila, Philippines",,,,,
Alabang West Village,"Almanza Dos, Las Piñas, Metro Manila","Alabang West Village, Almanza Dos, Las Piñas, Metro Manila, Philippines",alabang west village almanza dos las pinas metro manila philippines,alabang west village almanza dos las pinas metro manila philippines,,14.4081447,121.0091907,google,"Alabang West Village, B22 L9 King’s Road, Las Piñas, 1750 Metro Manila, Philippines",CLEANED|GEOMETRIC_CENTER
Alder Residences,"San Miguel, Taguig, Metro Manila","Alder Residences, San Miguel, Taguig, Metro Manila, Philippines",alder residences san miguel taguig metro manila philippines,alder residences san miguel taguig metro manila philippines,,14.5217031,121.0682164,google,"Alder residences, parking entrance, Alder Building, Acacia Estates Residences, Ipil St, Taguig, Metro Manila, Philippines",CLEANED|ROOFTOP
Alea Residences,"Las Piñas, Metro Manila","Alea Residences, Las Piñas, Metro Manila, Philippines",alea residences las pinas metro manila philippines,alea residences las pinas metro manila philippines,,14.4671115,120.9651164,google,"Las Piñas - Talaba Diversion Rd, Las Piñas, Metro Manila, Philippines",CLEANED|GEOMETRIC_CENTER
Alexandra,"Bagong Ilog, Pasig, Metro Manila","Alexandra, Bagong Ilog, Pasig, Metro Manila, Philippines",alexandra bagong ilog pasig metro manila philippines,alexandra bagong ilog pasig metro manila philippines,"Alexandra, Bagong Ilog, Pasig, Metro Manila, Philippines, Metro Manila, Philippines",,,,,
Alfaro Place,"Bel-Air, Makati, Metro Manila","Alfaro Place, Bel-Air, Makati, Metro Manila, Philippines",alfaro place bel-air makati metro manila philippines,alfaro place bel-air makati metro manila philippines,,14.5595138,121.0238113,google,"146 L.P. Leviste Street, Makati City, 1227 Metro Manila, Philippines",CLEANED|ROOFTOP
Allegra Garden Place,"Bagong Ilog, Pasig, Metro Manila","Allegra Garden Place, Bagong Ilog, Pasig, Metro Manila, Philippines",allegra garden place bagong ilog pasig metro manila philippines,allegra garden place bagong ilog pasig metro manila philippines,,14.5636026,121.0668704,google,"H378+CPV Allegra Garden Place, Pasig Blvd, Pasig, Metro Manila, Philippines",CLEANED|GEOMETRIC_CENTER
Almanza Metropolis,"Almanza Dos, Las Piñas, Metro Manila","Almanza Metropolis, Almanza Dos, Las Piñas, Metro Manila, Philippines",almanza metropolis almanza dos las pinas metro manila philippines,almanza metropolis almanza dos las pinas metro manila philippines,"Almanza Metropolis, Almanza Dos, Las Piñas, Metro Manila, Philippines, Metro Manila, Philippines",,,,,
Almanza Metropolis Condominium,"Almanza Uno, Las Piñas, Metro Manila","Almanza Metropolis Condominium, Almanza Uno, Las Piñas, Metro Manila, Philippines",almanza metropolis condominium almanza uno las pinas metro manila philippines,almanza metropolis condominium almanza uno las pinas metro manila philippines,,14.4364722,121.0288832,google,"C2PH+HHJ, Manila Doctors Village Access Rd, Las Piñas, Metro Manila, Philippines",CLEANED|GEOMETRIC_CENTER
Alpha Grandview,"Malate, Manila, Metro Manila","Alpha Grandview, Malate, Manila, Metro Manila, Philippines",alpha grandview malate manila metro manila philippines,alpha grandview malate manila metro manila philippines,,14.5714073,120.9833679,google,"ALPHA GRANDVIEW CONDO, Del Pilar St, Malate, Manila, 1767 Metro Manila, Philippines",CLEANED|GEOMETRIC_CENTER
Alphaland Makati Place,"Bangkal, Makati, Metro Manila","Alphaland Makati Place, Bangkal, Makati, Metro Manila, Philippines",alphaland makati place bangkal makati metro manila philippines,alphaland makati place bangkal makati metro manila philippines,"Alphaland Makati Place, Bangkal, Makati, Metro Manila, Philippines, Metro Manila, Philippines",,,,,
Alta Spatial,"Karuhatan, Valenzuela, Metro Manila","Alta Spatial, Karuhatan, Valenzuela, Metro Manila, Philippines",alta spatial karuhatan valenzuela metro manila philippines,alta spatial karuhatan valenzuela metro manila philippines,,14.6887511,120.9791041,google,"Karuhatan Rd, Valenzuela, 1441 Metro Manila, Philippines",CLEANED|GEOMETRIC_CENTER
Amaia Skies Avenida - North Tower,"Quiapo, Manila, Metro Manila","Amaia Skies Avenida - North Tower, Quiapo, Manila, Metro Manila, Philippines",amaia skies avenida - north tower quiapo manila metro manila philippines,amaia skies avenida - north tower quiapo manila metro manila philippines,"Amaia Skies Avenida - North Tower, Quiapo, Manila, Metro Manila, Philippines, Metro Manila, Philippines",14.6050143,120.9813848,google,"1556, Santrans Bus Terminal, Amaia Skies Avenida, 1008 Doroteo Jose St, Santa Cruz, Manila, 1008 Metro Manila, Philippines",FALLBACK_FULL|ROOFTOP
Amaia Skies Cubao,"Pasong Tamo, Quezon City, Metro Manila","Amaia Skies Cubao, Pasong Tamo, Quezon City, Metro Manila, Philippines",amaia skies cubao pasong tamo quezon city metro manila philippines,amaia skies cubao pasong tamo quezon city metro manila philippines,"Amaia Skies Cubao, Pasong Tamo, Quezon City, Metro Manila, Philippines, Metro Manila, Philippines",,,,,
Amaia Skies Shaw,"Highway Hills, Mandaluyong, Metro Manila","Amaia Skies Shaw, Highway Hills, Mandaluyong, Metro Manila, Philippines",amaia skies shaw highway hills mandaluyong metro manila philippines,amaia skies shaw highway hills mandaluyong metro manila philippines,"Amaia Skies Shaw, Highway Hills, Mandaluyong, Metro Manila, Philippines, Metro Manila, Philippines",,,,,
Amaia Skies Shaw - North Tower,"Plainview, Mandaluyong, Metro Manila","Amaia Skies Shaw - North Tower, Plainview, Mandaluyong, Metro Manila, Philippines",amaia skies shaw - north tower plainview mandaluyong metro manila philippines,amaia skies shaw - north tower plainview mandaluyong metro manila philippines,"Amaia Skies Shaw - North Tower, Plainview, Mandaluyong, Metro Manila, Philippines, Metro Manila, Philippines",,,,,
Amaia Skies Sta. Mesa,"Santa Mesa, Manila, Metro Manila","Amaia Skies Sta. Mesa, Santa Mesa, Manila, Metro Manila, Philippines",amaia skies sta. mesa santa mesa manila metro manila philippines,amaia skies sta. mesa santa mesa manila metro manila philippines,,14.5976218,121.0188839,google,"Amaia Skies - Santa Mesa, P. Sanchez St, Santa Mesa, Manila, Metro Manila, Philippines",CLEANED|GEOMETRIC_CENTER
Amaia Skies Sta. Mesa - South Tower,"Quiapo, Manila, Metro Manila","Amaia Skies Sta. Mesa - South Tower, Quiapo, Manila, Metro Manila, Philippines",amaia skies sta. mesa - south tower quiapo manila metro manila philippines,amaia skies sta. mesa - south tower quiapo manila metro manila philippines,"Amaia Skies Sta. Mesa - South Tower, Quiapo, Manila, Metro Manila, Philippines, Metro Manila, Philippines",14.5976037,121.0189014,google,"Amaia Skies - Santa Mesa, P. Sanchez St, Santa Mesa, Manila, Metro Manila, Philippines",FALLBACK_FULL|ROOFTOP
Amaia Steps Alabang,"Almanza Dos, Las Piñas, Metro Manila","Amaia Steps Alabang, Almanza Dos, Las Piñas, Metro Manila, Philippines",amaia steps alabang almanza dos las pinas metro manila philippines,amaia steps alabang almanza dos las pinas metro manila philippines,,14.4288088,121.0165043,google,"1750 Alabang–Zapote Rd, Las Piñas, 1750 Metro Manila, Philippines",CLEANED|ROOFTOP
Amaia Steps Bicutan,"Sun Valley, Parañaque, Metro Manila","Amaia Steps Bicutan, Sun Valley, Parañaque, Metro Manila, Philippines",amaia steps bicutan sun valley paranaque metro manila philippines,amaia steps bicutan sun valley paranaque metro manila philippines,,14.493208,121.0413049,google,"W Service Rd, 1709 Sun Valley Dr, Parañaque, 1709 Metro Manila, Philippines",CLEANED|ROOFTOP
Amaia Steps Bicutan 1,"Sun Valley, Parañaque, Metro Manila","Amaia Steps Bicutan 1, Sun Valley, Parañaque, Metro Manila, Philippines",amaia steps bicutan 1 sun valley paranaque metro manila philippines,amaia steps bicutan 1 sun valley paranaque metro manila philippines,"Amaia Steps Bicutan 1, Sun Valley, Parañaque, Metro Manila, Philippines, Metro Manila, Philippines",,,,,
Amaia Steps Nova,"Pasong Tamo, Quezon City, Metro Manila","Amaia Steps Nova, Pasong Tamo, Quezon City, Metro Manila, Philippines",amaia steps nova pasong tamo quezon city metro manila philippines,amaia steps nova pasong tamo quezon city metro manila philippines,"Amaia Steps Nova, Pasong Tamo, Quezon City, Metro Manila, Philippines, Metro Manila, Philippines",,,,,
Amaia Steps Novaliches,"Ramon Magsaysay, Quezon City, Metro Manila","Amaia Steps Novaliches, Ramon Magsaysay, Quezon City, Metro Manila, Philippines",amaia steps novaliches ramon magsaysay quezon city metro manila philippines,amaia steps novaliches ramon magsaysay quezon city metro manila philippines,"Amaia Steps Novaliches, Ramon Magsaysay, Quezon City, Metro Manila, Philippines, Metro Manila, Philippines",,,,,
Amorsolo East,"Makati, Metro Manila","Amorsolo East, Makati, Metro Manila, Philippines",amorsolo east makati metro manila philippines,amorsolo east makati metro manila philippines,,14.5654451,121.0356153,google,"Amorsolo East, Makati City, Metro Manila, Philippines",CLEANED|ROOFTOP
Amorsolo Square,"Rockwell, Makati, Metro Manila","Amorsolo Square, Rockwell, Makati, Metro Manila, Philippines",amorsolo square rockwell makati metro manila philippines,amorsolo square rockwell makati metro manila philippines,,14.5652474,121.0356712,google,"H28P+374, Amorsolo Dr, Makati City, Metro Manila, Philippines",CLEANED|GEOMETRIC_CENTER
Amorsolo Square at Rockwell,"Rockwell, Makati, Metro Manila","Amorsolo Square at Rockwell, Rockwell, Makati, Metro Manila, Philippines",amorsolo square at rockwell rockwell makati metro manila philippines,amorsolo square at rockwell rockwell makati metro manila philippines,"Amorsolo Square at Rockwell, Rockwell, Makati, Metro Manila, Philippines, Metro Manila, Philippines",,,,,
Amorsolo West,"Makati, Metro Manila","Amorsolo West, Makati, Metro Manila, Philippines",amorsolo west makati metro manila philippines,amorsolo west makati metro manila philippines,,14.5655239,121.0350778,google,"Amorsolo West, Amorsolo Dr, Makati City, Metro Manila, Philippines",CLEANED|ROOFTOP
Amvel Mansions,"Tugatog, Malabon, Metro Manila","Amvel Mansions, Tugatog, Malabon, Metro Manila, Philippines",amvel mansions tugatog malabon metro manila philippines,amvel mansions tugatog malabon metro manila philippines,"Amvel Mansions, Tugatog, Malabon, Metro Manila, Philippines, Metro Manila, Philippines",,,,,
Ananda Square,"Zapote, Las Piñas, Metro Manila","Ananda Square, Zapote, Las Piñas, Metro Manila, Philippines",ananda square zapote las pinas metro manila philippines,ananda square zapote las pinas metro manila philippines,,14.4397889,121.0020668,google,"Alabang–Zapote Rd, Las Piñas, 1747 Metro Manila, Philippines",CLEANED|GEOMETRIC_CENTER
Andrea North Towers,"Cubao, Quezon City, Metro Manila","Andrea North Towers, Cubao, Quezon City, Metro Manila, Philippines",andrea north towers cubao quezon city metro manila philippines,andrea north towers cubao quezon city metro manila philippines,,14.6155839,121.039722,google,"Andrea North Tower, Quezon City, Metro Manila, Philippines",CLEANED|GEOMETRIC_CENTER
Anissa Heights,"Pasay, Metro Manila","Anissa Heights, Pasay, Metro Manila, Philippines",anissa heights pasay metro manila philippines,anissa heights pasay metro manila philippines,,14.5438451,121.0017737,google,"P. Zamora St, Pasay City, Metro Manila, Philippines",CLEANED|GEOMETRIC_CENTER
Antel Platinum Tower,"Bel-Air, Makati, Metro Manila","Antel Platinum Tower, Bel-Air, Makati, Metro Manila, Philippines",antel platinum tower bel-air makati metro manila philippines,antel platinum tower bel-air makati metro manila philippines,,14.5591495,121.0240454,google,"Antel Platinum Tower, 154 Valero, Makati City, 1227 Metro Manila, Philippines",CLEANED|ROOFTOP
Antel Seaview,"Pasay, Metro Manila","Antel Seaview, Pasay, Metro Manila, Philippines",antel seaview pasay metro manila philippines,antel seaview pasay metro manila philippines,,14.5409566,120.9926572,google,"202 Service Rd, Pasay City, Metro Manila, Philippines",CLEANED|ROOFTOP
Antel Seaview Towers,"Pasay, Metro Manila","Antel Seaview Towers, Pasay, Metro Manila, Philippines",antel seaview towers pasay metro manila philippines,antel seaview towers pasay metro manila philippines,,14.5409566,120.9926572,google,"202 Service Rd, Pasay City, Metro Manila, Philippines",CLEANED|ROOFTOP
Antel Spa Residences,"Bangkal, Makati, Metro Manila","Antel Spa Residences, Bangkal, Makati, Metro Manila, Philippines",antel spa residences bangkal makati metro manila philippines,antel spa residences bangkal makati metro manila philippines,"Antel Spa Residences, Bangkal, Makati, Metro Manila, Philippines, Metro Manila, Philippines",,,,,
Antel Spa Suites,"Poblacion, Makati, Metro Manila","Antel Spa Suites, Poblacion, Makati, Metro Manila, Philippines",antel spa suites poblacion makati metro manila philippines,antel spa suites poblacion makati metro manila philippines,,14.5663352,121.0289857,google,"7829 Salamanca Street G/F Best Western Antel Hotel Street, Suits Makati, Makati City, 1210 Metro Manila, Philippines",CLEANED|GEOMETRIC_CENTER
Anuva,"Sucat, Muntinlupa, Metro Manila","Anuva, Sucat, Muntinlupa, Metro Manila, Philippines",anuva sucat muntinlupa metro manila philippines,anuva sucat muntinlupa metro manila philippines,,14.4427612,121.0458815,google,"KM 21 E Service Rd, Muntinlupa, 1771 Metro Manila, Philippines",CLEANED|ROOFTOP
Anuva Residences,"Muntinlupa, Metro Manila","Anuva Residences, Muntinlupa, Metro Manila, Philippines",anuva residences muntinlupa metro manila philippines,anuva residences muntinlupa metro manila philippines,,14.4433902,121.0463984,google,"21, 1771 E Service Rd, Muntinlupa, Metro Manila, Philippines",CLEANED|ROOFTOP
Aqua Iguazu,"Addition Hills, Mandaluyong, Metro Manila","Aqua Iguazu, Addition Hills, Mandaluyong, Metro Manila, Philippines",aqua iguazu addition hills mandaluyong metro manila philippines,aqua iguazu addition hills mandaluyong metro manila philippines,"Aqua Iguazu, Addition Hills, Mandaluyong, Metro Manila, Philippines, Metro Manila, Philippines",,,,,
Arbor Lanes,"Western Bicutan, Taguig, Metro Manila","Arbor Lanes, Western Bicutan, Taguig, Metro Manila, Philippines",arbor lanes western bicutan taguig metro manila philippines,arbor lanes western bicutan taguig metro manila philippines,,14.5066222,121.0497643,google,"ARCA South, Nexus St, Taguig, 1630 Metro Manila, Philippines",CLEANED|ROOFTOP
Arca South,"Taguig, Metro Manila","Arca South, Taguig, Metro Manila, Philippines",arca south taguig metro manila philippines,arca south taguig metro manila philippines,,14.4950998,121.0478316,google,"F2WX+24P, Raja Sumakwel, Manila, Metro Manila, Philippines",CLEANED|GEOMETRIC_CENTER
Arezzo Place,"Bagong Ilog, Pasig, Metro Manila","Arezzo Place, Bagong Ilog, Pasig, Metro Manila, Philippines",arezzo place bagong ilog pasig metro manila philippines,arezzo place bagong ilog pasig metro manila philippines,"Arezzo Place, Bagong Ilog, Pasig, Metro Manila, Philippines, Metro Manila, Philippines",,,,,
Arezzo Place Pasig,"San Joaquin, Pasig, Metro Manila","Arezzo Place Pasig, San Joaquin, Pasig, Metro Manila, Philippines",arezzo place pasig san joaquin pasig metro manila philippines,arezzo place pasig san joaquin pasig metro manila philippines,"Arezzo Place Pasig, San Joaquin, Pasig, Metro Manila, Philippines, Metro Manila, Philippines",,,,,
Arista Place,"Santo Niño, Parañaque, Metro Manila","Arista Place, Santo Niño, Parañaque, Metro Manila, Philippines",arista place santo nino paranaque metro manila philippines,arista place santo nino paranaque metro manila philippines,,14.5054824,120.9957485,google,"4-B J.P. Rizal, Brgy, Parañaque, 1704 Kalakhang Maynila, Philippines",CLEANED|ROOFTOP
Arya Residences,"Fort Bonifacio, Taguig, Metro Manila","Arya Residences, Fort Bonifacio, Taguig, Metro Manila, Philippines",arya residences fort bonifacio bonifacio taguig metro manila philippines,arya residences fort bonifacio bonifacio taguig metro manila philippines,"Arya Residences, Fort Bonifacio, Taguig, Metro Manila, Philippines, Metro Manila, Philippines",,,,,
Arya Residences Tower 1,"BGC, Taguig, Metro Manila","Arya Residences Tower 1, BGC, Taguig, Metro Manila, Philippines",arya 1 bonifacio global city taguig metro manila philippines,arya 1 bonifacio global city taguig metro manila philippines,"Arya Residences Tower 1, BGC, Taguig, Metro Manila, Philippines, Metro Manila, Philippines",,,,,
Arya Residences Tower 2,"BGC, Taguig, Metro Manila","Arya Residences Tower 2, BGC, Taguig, Metro Manila, Philippines",arya 2 bonifacio global city taguig metro manila philippines,arya 2 bonifacio global city taguig metro manila philippines,"Arya Residences Tower 2, BGC, Taguig, Metro Manila, Philippines, Metro Manila, Philippines",,,,,
Asia Crest Mansion,"Pasadeña, San Juan, Metro Manila","Asia Crest Mansion, Pasadeña, San Juan, Metro Manila, Philippines",asia crest mansion pasadena san juan metro manila philippines,asia crest mansion pasadena san juan metro manila philippines,,14.6066216,121.0348875,google,"Asia Crest Mansion, M. Paterno, San Juan City, 1500 Metro Manila, Philippines",CLEANED|ROOFTOP
Asia Enclaves,"Alabang, Muntinlupa, Metro Manila","Asia Enclaves, Alabang, Muntinlupa, Metro Manila, Philippines",asia enclaves alabang muntinlupa metro manila philippines,asia enclaves alabang muntinlupa metro manila philippines,,14.4055591,121.0472066,google,"C24W+6VG, Manila S Rd, Muntinlupa, 1770 Metro Manila, Philippines",CLEANED|GEOMETRIC_CENTER
Asiana Oasis,"Moonwalk, Parañaque, Metro Manila","Asiana Oasis, Moonwalk, Parañaque, Metro Manila, Philippines",asiana oasis moonwalk paranaque metro manila philippines,asiana oasis moonwalk paranaque metro manila philippines,,14.494569,121.0053597,google,"Ephesus, Multinational Village, Parañaque, 1708 Metro Manila, Philippines",CLEANED|GEOMETRIC_CENTER
"Asiana Oasis, Parañaque City","Parañaque, Metro Manila","Asiana Oasis, Parañaque City, Parañaque, Metro Manila, Philippines",asiana oasis paranaque city paranaque metro manila philippines,asiana oasis paranaque city paranaque metro manila philippines,,14.494569,121.0053597,google,"Ephesus, Multinational Village, Parañaque, 1708 Metro Manila, Philippines",CLEANED|GEOMETRIC_CENTER
Aspen Towers,"Muntinlupa, Metro Manila","Aspen Towers, Muntinlupa, Metro Manila, Philippines",aspen towers muntinlupa metro manila philippines,aspen towers muntinlupa metro manila philippines,,14.4148209,121.0383175,google,"1645, Bristol at Parkway Place, Filinvest Ave, City Alabang, Muntinlupa, 1781 Metro Manila, Philippines",CLEANED|ROOFTOP
Aspire Tower,"Pasong Tamo, Quezon City, Metro Manila","Aspire Tower, Pasong Tamo, Quezon City, Metro Manila, Philippines",aspire tower pasong tamo quezon city metro manila philippines,aspire tower pasong tamo quezon city metro manila philippines,"Aspire Tower, Pasong Tamo, Quezon City, Metro Manila, Philippines, Metro Manila, Philippines",,,,,
Astela,"Makati, Metro Manila","Astela, Makati, Metro Manila, Philippines",astela makati metro manila philippines,astela makati metro manila philippines,,14.5741998,121.0203371,google,"Gallery Drive corner Symphony, Circuit Makati, Makati City, 1207 Metro Manila, Philippines",CLEANED|GEOMETRIC_CENTER
Astela at Circuit Makati,"Makati, Metro Manila","Astela at Circuit Makati, Makati, Metro Manila, Philippines",astela at circuit makati makati metro manila philippines,astela at circuit makati makati metro manila philippines,,14.5741998,121.0203371,google,"Gallery Drive corner Symphony, Circuit Makati, Makati City, 1207 Metro Manila, Philippines",CLEANED|GEOMETRIC_CENTER
Asteria Residences,"San Isidro, Parañaque, Metro Manila","Asteria Residences, San Isidro, Parañaque, Metro Manila, Philippines",asteria residences san isidro paranaque metro manila philippines,asteria residences san isidro paranaque metro manila philippines,"Asteria Residences, San Isidro, Parañaque, Metro Manila, Philippines, Metro Manila, Philippines",,,,,
Aston at Two Serendra,"Bagong Tanyag, Taguig, Metro Manila","Aston at Two Serendra, Bagong Tanyag, Taguig, Metro Manila, Philippines",aston at two serendra bagong tanyag taguig metro manila philippines,aston at two serendra bagong tanyag taguig metro manila philippines,"Aston at Two Serendra, Bagong Tanyag, Taguig, Metro Manila, Philippines, Metro Manila, Philippines",,,,,
Aurelia Residences,"Fort Bonifacio, Taguig, Metro Manila","Aurelia Residences, Fort Bonifacio, Taguig, Metro Manila, Philippines",aurelia residences fort bonifacio bonifacio taguig metro manila philippines,aurelia residences fort bonifacio bonifacio taguig metro manila philippines,"Aurelia Residences, Fort Bonifacio, Taguig, Metro Manila, Philippines, Metro Manila, Philippines",,,,,
Aurora Escalades,"Cubao, Quezon City, Metro Manila","Aurora Escalades, Cubao, Quezon City, Metro Manila, Philippines",aurora escalades cubao quezon city metro manila philippines,aurora escalades cubao quezon city metro manila philippines,,14.6256728,121.059219,google,"924 Aurora Blvd, Cubao, Quezon City, 1109 Metro Manila, Philippines",CLEANED|ROOFTOP
Aurora Escalades_,"San Roque, Quezon City, Metro Manila","Aurora Escalades_, San Roque, Quezon City, Metro Manila, Philippines",aurora escalades_ san roque quezon city metro manila philippines,aurora escalades_ san roque quezon city metro manila philippines,,14.6256728,121.059219,google,"924 Aurora Blvd, Cubao, Quezon City, 1109 Metro Manila, Philippines",CLEANED|ROOFTOP
Avalon Condominium,"Greenhills, San Juan, Metro Manila","Avalon Condominium, Greenhills, San Juan, Metro Manila, Philippines",avalon condominium greenhills san juan metro manila philippines,avalon condominium greenhills san juan metro manila philippines,,14.6061627,121.0398706,google,"Avalon Condominium, San Juan City, Metro Manila, Philippines",CLEANED|ROOFTOP
Avant at The Fort,"BGC, Taguig, Metro Manila","Avant at The Fort, BGC, Taguig, Metro Manila, Philippines",avant at the fort bonifacio bonifacio global city taguig metro manila philippines,avant at the fort bonifacio bonifacio global city taguig metro manila philippines,"Avant at The Fort, BGC, Taguig, Metro Manila, Philippines, Metro Manila, Philippines",14.5493202,121.0447529,google,"Avant at The Fort, Makati City, Metro Manila, Philippines",FALLBACK_FULL|ROOFTOP
Avida CityFlex Towers BGC,"Fort Bonifacio, Taguig, Metro Manila","Avida CityFlex Towers BGC, Fort Bonifacio, Taguig, Metro Manila, Philippines",avida cityflex towers bonifacio global city fort bonifacio bonifacio taguig metro manila philippines,avida cityflex towers bonifacio global city fort bonifacio bonifacio taguig metro manila philippines,"Avida CityFlex Towers BGC, Fort Bonifacio, Taguig, Metro Manila, Philippines, Metro Manila, Philippines",,,,,
Avida Cityflex Towers,"Fort Bonifacio, Taguig, Metro Manila","Avida Cityflex Towers, Fort Bonifacio, Taguig, Metro Manila, Philippines",avida cityflex towers fort bonifacio bonifacio taguig metro manila philippines,avida cityflex towers fort bonifacio bonifacio taguig metro manila philippines,"Avida Cityflex Towers, Fort Bonifacio, Taguig, Metro Manila, Philippines, Metro Manila, Philippines",,,,,
Avida Cityflex Towers BGC,"Taguig, Metro Manila","Avida Cityflex Towers BGC, Taguig, Metro Manila, Philippines",avida cityflex towers bonifacio global city taguig metro manila philippines,avida cityflex towers bonifacio global city taguig metro manila philippines,"Avida Cityflex Towers BGC, Taguig, Metro Manila, Philippines, Metro Manila, Philippines",14.5563597,121.0502568,google,"7th Ave cor. Lane T, North Bonifacio, Bonifacio Global City, Makati City, Metro Manila, Philippines",FALLBACK_FULL|GEOMETRIC_CENTER
Avida Sola Tower 2,"Bagong Pag-Asa, Quezon City, Metro Manila","Avida Sola Tower 2, Bagong Pag-Asa, Quezon City, Metro Manila, Philippines",avida sola 2 bagong pag-asa quezon city metro manila philippines,avida sola 2 bagong pag-asa quezon city metro manila philippines,,14.647465,121.0368095,google,"J2WP+XPM, Quezon City, Metro Manila, Philippines",CLEANED|GEOMETRIC_CENTER
Avida Tower Alabang,"Alabang, Muntinlupa, Metro Manila","Avida Tower Alabang, Alabang, Muntinlupa, Metro Manila, Philippines",avida tower alabang alabang muntinlupa metro manila philippines,avida tower alabang alabang muntinlupa metro manila philippines,"Avida Tower Alabang, Alabang, Muntinlupa, Metro Manila, Philippines, Metro Manila, Philippines",,,,,
Avida Towers 34th Street,"Taguig, Metro Manila","Avida Towers 34th Street, Taguig, Metro Manila, Philippines",avida 34th street taguig metro manila philippines,avida 34th street taguig metro manila philippines,,14.5544779,121.0546345,google,"34th Street and Lane, T corner, 11th Ave, Makati City, 1634 Metro Manila, Philippines",CLEANED|GEOMETRIC_CENTER
Avida Towers Alabang,"Muntinlupa, Metro Manila","Avida Towers Alabang, Muntinlupa, Metro Manila, Philippines",avida towers alabang muntinlupa metro manila philippines,avida towers alabang muntinlupa metro manila philippines,,14.427023,121.0264803,google,"Alabang–Zapote Rd, cor Prime Street, Muntinlupa, 1780 Metro Manila, Philippines",CLEANED|ROOFTOP
Avida Towers Altura,"Muntinlupa, Metro Manila","Avida Towers Altura, Muntinlupa, Metro Manila, Philippines",avida towers altura muntinlupa metro manila philippines,avida towers altura muntinlupa metro manila philippines,,14.4141234,121.0463665,google,"South Park District, Brgy, National Road, Muntinlupa, 1770 Metro Manila, Philippines",CLEANED|GEOMETRIC_CENTER
Avida Towers Ardane,"Alabang, Muntinlupa, Metro Manila","Avida Towers Ardane, Alabang, Muntinlupa, Metro Manila, Philippines",avida towers ardane alabang muntinlupa metro manila philippines,avida towers ardane alabang muntinlupa metro manila philippines,,14.4136256,121.0468776,google,"National Road, Muntinlupa, 1780 Metro Manila, Philippines",CLEANED|GEOMETRIC_CENTER
Avida Towers Asten,"San Antonio, Makati, Metro Manila","Avida Towers Asten, San Antonio, Makati, Metro Manila, Philippines",avida towers asten san antonio makati metro manila philippines,avida towers asten san antonio makati metro manila philippines,,14.5595721,121.0089597,google,"Yakal Malugay, Makati, 1203 Kalakhang Maynila, Philippines",CLEANED|ROOFTOP
Avida Towers Astrea,"Novaliches, Quezon City, Metro Manila","Avida Towers Astrea, Novaliches, Quezon City, Metro Manila, Philippines",avida towers astrea novaliches quezon city metro manila philippines,avida towers astrea novaliches quezon city metro manila philippines,"Avida Towers Astrea, Novaliches, Quezon City, Metro Manila, Philippines, Metro Manila, Philippines",,,,,
Avida Towers BGC 9TH Avenue,"Taguig, Metro Manila","Avida Towers BGC 9TH Avenue, Taguig, Metro Manila, Philippines",avida bonifacio global city 9th avenue taguig metro manila philippines,avida bonifacio global city 9th avenue taguig metro manila philippines,"Avida Towers BGC 9TH Avenue, Taguig, Metro Manila, Philippines, Metro Manila, Philippines",14.5606785,121.0562237,google,"Triangle Drive, 40th Street North Bonifacio Triangle, Taguig, 1634 Metro Manila, Philippines",FALLBACK_FULL|GEOMETRIC_CENTER
Avida Towers BGC 9th Avenue,"Taguig, Metro Manila","Avida Towers BGC 9th Avenue, Taguig, Metro Manila, Philippines",avida bonifacio global city 9th avenue taguig metro manila philippines,avida bonifacio global city 9th avenue taguig metro manila philippines,"Avida Towers BGC 9th Avenue, Taguig, Metro Manila, Philippines, Metro Manila, Philippines",14.5606785,121.0562237,google,"Triangle Drive, 40th Street North Bonifacio Triangle, Taguig, 1634 Metro Manila, Philippines",FALLBACK_FULL|GEOMETRIC_CENTER
Avida Towers Centera,"Highway Hills, Mandaluyong, Metro Manila","Avida Towers Centera, Highway Hills, Mandaluyong, Metro Manila, Philippines",avida centera highway hills mandaluyong metro manila philippines,avida centera highway hills mandaluyong metro manila philippines,"Avida Towers Centera, Highway Hills, Mandaluyong, Metro Manila, Philippines, Metro Manila, Philippines",14.5765134,121.0509071,google,"Reliance St, Mandaluyong City, Metro Manila, Philippines",FALLBACK_FULL|GEOMETRIC_CENTER
Avida Towers Cloverleaf,"Balingasa, Quezon City, Metro Manila","Avida Towers Cloverleaf, Balingasa, Quezon City, Metro Manila, Philippines",avida towers cloverleaf balingasa quezon city metro manila philippines,avida towers cloverleaf balingasa quezon city metro manila philippines,,14.6541676,121.0015387,google,"Cloverleaf, A. Bonifacio Ave, Quezon City, Metro Manila, Philippines",CLEANED|GEOMETRIC_CENTER
Avida Towers Davao,"Metro Manila, Metro Manila","Avida Towers Davao, Metro Manila, Metro Manila, Philippines",avida towers davao metro manila metro manila philippines,avida towers davao metro manila metro manila philippines,"Avida Towers Davao, Metro Manila, Metro Manila, Philippines, Metro Manila, Philippines",,,,,
Avida Towers Intima,"Paco, Manila, Metro Manila","Avida Towers Intima, Paco, Manila, Metro Manila, Philippines",avida towers intima paco manila metro manila philippines,avida towers intima paco manila metro manila philippines,,14.5832123,120.995821,google,"497 Zulueta, Paco, Manila, Metro Manila, Philippines",CLEANED|ROOFTOP
Avida Towers Makati West,"San Antonio, Makati, Metro Manila","Avida Towers Makati West, San Antonio, Makati, Metro Manila, Philippines",avida towers makati west san antonio makati metro manila philippines,avida towers makati west san antonio makati metro manila philippines,,14.5605315,121.0098233,google,"Avida Towers Makati West, Malugay, Yakal and Lumbayao streets, Makati, Makati City, 1226 Metro Manila, Philippines",CLEANED|ROOFTOP
Avida Towers One Union Place,"Taguig, Metro Manila","Avida Towers One Union Place, Taguig, Metro Manila, Philippines",avida towers one union place taguig metro manila philippines,avida towers one union place taguig metro manila philippines,,14.5029325,121.0476261,google,"ARCA South, South Union Dr, Taguig, 1630 Metro Manila, Philippines",CLEANED|ROOFTOP
Avida Towers Prime Taft,"Barangay 36, Pasay, Metro Manila","Avida Towers Prime Taft, Barangay 36, Pasay, Metro Manila, Philippines",avida prime taft barangay 36 pasay metro manila philippines,avida prime taft barangay 36 pasay metro manila philippines,"Avida Towers Prime Taft, Barangay 36, Pasay, Metro Manila, Philippines, Metro Manila, Philippines",14.5578415,120.9956082,google,"Brgy. 36, zone 3 Taft Ave, Pasay City, Metro Manila, Philippines",FALLBACK_FULL|ROOFTOP
Avida Towers San Lazaro,"Santa Cruz, Manila, Metro Manila","Avida Towers San Lazaro, Santa Cruz, Manila, Metro Manila, Philippines",avida towers san lazaro santa cruz manila metro manila philippines,avida towers san lazaro santa cruz manila metro manila philippines,,14.6185753,120.9873857,google,"JX9P+CXJ, MJC Rd, Santa Cruz, Manila, 1008 Metro Manila, Philippines",CLEANED|GEOMETRIC_CENTER
Avida Towers San Lorenzo,"Bangkal, Makati, Metro Manila","Avida Towers San Lorenzo, Bangkal, Makati, Metro Manila, Philippines",avida towers san lorenzo bangkal makati metro manila philippines,avida towers san lorenzo bangkal makati metro manila philippines,"Avida Towers San Lorenzo, Bangkal, Makati, Metro Manila, Philippines, Metro Manila, Philippines",,,,,
Avida Towers Sola,"North Avenue, Quezon City, Metro Manila","Avida Towers Sola, North Avenue, Quezon City, Metro Manila, Philippines",avida sola north avenue quezon city metro manila philippines,avida sola north avenue quezon city metro manila philippines,"Avida Towers Sola, North Avenue, Quezon City, Metro Manila, Philippines, Metro Manila, Philippines",,,,,
Avida Towers Sucat,"Parañaque, Metro Manila","Avida Towers Sucat, Parañaque, Metro Manila, Philippines",avida towers sucat paranaque metro manila philippines,avida towers sucat paranaque metro manila philippines,,14.4846603,120.9946515,google,"Along Dr Arcadio Santos Ave, Parañaque, 1700 Metro Manila, Philippines",CLEANED|ROOFTOP
Avida Towers Turf,"BGC, Taguig, Metro Manila","Avida Towers Turf, BGC, Taguig, Metro Manila, Philippines",avida towers turf bonifacio global city taguig metro manila philippines,avida towers turf bonifacio global city taguig metro manila philippines,"Avida Towers Turf, BGC, Taguig, Metro Manila, Philippines, Metro Manila, Philippines",14.5545864,121.0524779,google,"9th Avenue, Corner Lane S, Makati City, Metro Manila, Philippines",FALLBACK_FULL|ROOFTOP
Avida Towers Turf BGC,"Fort Bonifacio, Taguig, Metro Manila","Avida Towers Turf BGC, Fort Bonifacio, Taguig, Metro Manila, Philippines",avida towers turf bonifacio global city fort bonifacio bonifacio taguig metro manila philippines,avida towers turf bonifacio global city fort bonifacio bonifacio taguig metro manila philippines,"Avida Towers Turf BGC, Fort Bonifacio, Taguig, Metro Manila, Philippines, Metro Manila, Philippines",,,,,
Avida Towers Verge,"Highway Hills, Mandaluyong, Metro Manila","Avida Towers Verge, Highway Hills, Mandaluyong, Metro Manila, Philippines",avida verge highway hills mandaluyong metro manila philippines,avida verge highway hills mandaluyong metro manila philippines,"Avida Towers Verge, Highway Hills, Mandaluyong, Metro Manila, Philippines, Metro Manila, Philippines",14.5764212,121.052084,google,"Reliance St, corner Mayflower St, Mandaluyong City, 1550 Metro Manila, Philippines",FALLBACK_FULL|ROOFTOP
Avida Towers Verte,"BGC, Taguig, Metro Manila","Avida Towers Verte, BGC, Taguig, Metro Manila, Philippines",avida towers verte bonifacio global city taguig metro manila philippines,avida towers verte bonifacio global city taguig metro manila philippines,"Avida Towers Verte, BGC, Taguig, Metro Manila, Philippines, Metro Manila, Philippines",,,,,
Avida Towers Vireo,"Taguig, Metro Manila","Avida Towers Vireo, Taguig, Metro Manila, Philippines",avida towers vireo taguig metro manila philippines,avida towers vireo taguig metro manila philippines,,14.5030677,121.0469395,google,"ARCA South, 10 South Union Dr, Taguig, 1630 Metro Manila, Philippines",CLEANED|ROOFTOP
Avida Towers Vita,"Quezon City, Metro Manila","Avida Towers Vita, Quezon City, Metro Manila, Philippines",avida towers vita quezon city metro manila philippines,avida towers vita quezon city metro manila philippines,,14.646806,121.036889,google,"Avida Vita Tower, North, 2 Vertis Dr, Diliman, Quezon City, Metro Manila, Philippines",CLEANED|ROOFTOP
Avignon Tower,"Bel-Air, Makati, Metro Manila","Avignon Tower, Bel-Air, Makati, Metro Manila, Philippines",avignon tower bel-air makati metro manila philippines,avignon tower bel-air makati metro manila philippines,,14.5608146,121.0184042,google,"Avignon Tower, 144 H.V. Dela Costa, Makati City, 1227 Metro Manila, Philippines",CLEANED|ROOFTOP
Avila Tower at Circulo Verde,"Bagumbayan, Quezon City, Metro Manila","Avila Tower at Circulo Verde, Bagumbayan, Quezon City, Metro Manila, Philippines",avila tower at circulo verde bagumbayan quezon city metro manila philippines,avila tower at circulo verde bagumbayan quezon city metro manila philippines,"Avila Tower at Circulo Verde, Bagumbayan, Quezon City, Metro Manila, Philippines, Metro Manila, Philippines",,,,,
Avila at Circulo Verde,"Bagumbayan, Quezon City, Metro Manila","Avila at Circulo Verde, Bagumbayan, Quezon City, Metro Manila, Philippines",avila at circulo verde bagumbayan quezon city metro manila philippines,avila at circulo verde bagumbayan quezon city metro manila philippines,"Avila at Circulo Verde, Bagumbayan, Quezon City, Metro Manila, Philippines, Metro Manila, Philippines",,,,,
Axis Residences,"Highway Hills, Mandaluyong, Metro Manila","Axis Residences, Highway Hills, Mandaluyong, Metro Manila, Philippines",axis highway hills mandaluyong metro manila philippines,axis highway hills mandaluyong metro manila philippines,"Axis Residences, Highway Hills, Mandaluyong, Metro Manila, Philippines, Metro Manila, Philippines",,,,,
Ayala Southvale Sonera,"Almanza Dos, Las Piñas, Metro Manila","Ayala Southvale Sonera, Almanza Dos, Las Piñas, Metro Manila, Philippines",ayala southvale sonera almanza dos las pinas metro manila philippines,ayala southvale sonera almanza dos las pinas metro manila philippines,,14.4054191,121.0087982,google,"C245+5G7, Las Piñas, Metro Manila, Philippines",CLEANED|GEOMETRIC_CENTER
Azure Urban Resort Residences,"Marcelo Green Village, Parañaque, Metro Manila","Azure Urban Resort Residences, Marcelo Green Village, Parañaque, Metro Manila, Philippines",azure urban resort residences marcelo green village paranaque metro manila philippines,azure urban resort residences marcelo green village paranaque metro manila philippines,,14.4839108,121.0438694,google,"Azure Urban Residences, KM 16, W Service Rd, Parañaque, 1700 Metro Manila, Philippines",CLEANED|ROOFTOP
Azure Urban Resort Residences Parañaque,"Marcelo Green Village, Parañaque, Metro Manila","Azure Urban Resort Residences Parañaque, Marcelo Green Village, Parañaque, Metro Manila, Philippines",azure urban resort residences paranaque marcelo green village paranaque metro manila philippines,azure urban resort residences paranaque marcelo green village paranaque metro manila philippines,,14.4839108,121.0438694,google,"Azure Urban Residences, KM 16, W Service Rd, Parañaque, 1700 Metro Manila, Philippines",CLEANED|ROOFTOP
"Azure Urban Resort Residences, Century Properties Management Inc","Marcelo Green Village, Parañaque, Metro Manila","Azure Urban Resort Residences, Century Properties Management Inc, Marcelo Green Village, Parañaque, Metro Manila, Philippines",azure urban resort residences century properties management inc marcelo green village paranaque metro manila philippines,azure urban resort residences century properties management inc marcelo green village paranaque metro manila philippines,"Azure Urban Resort Residences, Century Properties Management Inc, Marcelo Green Village, Parañaque, Metro Manila, Philippines, Metro Manila, Philippines",,,,,
BAYWATCH TOWER,"Malate, Manila, Metro Manila","BAYWATCH TOWER, Malate, Manila, Metro Manila, Philippines",baywatch tower malate manila metro manila philippines,baywatch tower malate manila metro manila philippines,,14.5668536,120.9851716,google,"2057 Del Pilar St, Malate, Manila, 1004 Metro Manila, Philippines",CLEANED|ROOFTOP
BELTON PLACE,"Bangkal, Makati, Metro Manila","BELTON PLACE, Bangkal, Makati, Metro Manila, Philippines",belton place bangkal makati metro manila philippines,belton place bangkal makati metro manila philippines,"BELTON PLACE, Bangkal, Makati, Metro Manila, Philippines, Metro Manila, Philippines",,,,,
BF Homes Executive Village,"Parañaque, Metro Manila","BF Homes Executive Village, Parañaque, Metro Manila, Philippines",bf homes executive village paranaque metro manila philippines,bf homes executive village paranaque metro manila philippines,,14.4391947,121.0206525,google,"BF Homes Executive Village, 40 A. Periquet, Parañaque, Kalakhang Maynila, Philippines",CLEANED|GEOMETRIC_CENTER
BLUE SAPPHIRE RESIDENCES,"Pinagsama, Taguig, Metro Manila","BLUE SAPPHIRE RESIDENCES, Pinagsama, Taguig, Metro Manila, Philippines",blue sapphire residences pinagsama taguig metro manila philippines,blue sapphire residences pinagsama taguig metro manila philippines,"BLUE SAPPHIRE RESIDENCES, Pinagsama, Taguig, Metro Manila, Philippines, Metro Manila, Philippines",,,,,
BRESCIA RESIDENCES,"Pasong Tamo, Quezon City, Metro Manila","BRESCIA RESIDENCES, Pasong Tamo, Quezon City, Metro Manila, Philippines",brescia residences pasong tamo quezon city metro manila philippines,brescia residences pasong tamo quezon city metro manila philippines,"BRESCIA RESIDENCES, Pasong Tamo, Quezon City, Metro Manila, Philippines, Metro Manila, Philippines",,,,,
BSA Mansion,"Legazpi Village, Makati, Metro Manila","BSA Mansion, Legazpi Village, Makati, Metro Manila, Philippines",bsa mansion legazpi village makati metro manila philippines,bsa mansion legazpi village makati metro manila philippines,,14.5519566,121.0180327,google,"BSA Mansion, 108 Benavidez Street, Legazpi Village, Makati City, 1229 Metro Manila, Philippines",CLEANED|ROOFTOP
BSA Suites,"Legazpi Village, Makati, Metro Manila","BSA Suites, Legazpi Village, Makati, Metro Manila, Philippines",bsa suites legazpi village makati metro manila philippines,bsa suites legazpi village makati metro manila philippines,,14.5559621,121.0194068,google,"No. 104, Suite A, Basic Petroleum Building, C. Palanca Jr. Street, Legaspi Village, Makati City, Metro Manila, Philippines",CLEANED|GEOMETRIC_CENTER
BSA Tower,"Bangkal, Makati, Metro Manila","BSA Tower, Bangkal, Makati, Metro Manila, Philippines",bsa tower bangkal makati metro manila philippines,bsa tower bangkal makati metro manila philippines,"BSA Tower, Bangkal, Makati, Metro Manila, Philippines, Metro Manila, Philippines",,,,,
BSA Twin Tower,"Wack-Wack Greenhills, Mandaluyong, Metro Manila","BSA Twin Tower, Wack-Wack Greenhills, Mandaluyong, Metro Manila, Philippines",bsa twin tower wack-wack greenhills mandaluyong metro manila philippines,bsa twin tower wack-wack greenhills mandaluyong metro manila philippines,,14.586044,121.058239,google,"St. Francis Square, Ortigas Center, Mandaluyong City, Metro Manila, Philippines",CLEANED|ROOFTOP
BSA Twin Towers,"Wack-Wack Greenhills, Mandaluyong, Metro Manila","BSA Twin Towers, Wack-Wack Greenhills, Mandaluyong, Metro Manila, Philippines",bsa twin towers wack-wack greenhills mandaluyong metro manila philippines,bsa twin towers wack-wack greenhills mandaluyong metro manila philippines,"BSA Twin Towers, Wack-Wack Greenhills, Mandaluyong, Metro Manila, Philippines, Metro Manila, Philippines",,,,,
Bali Oasis Phase,"Bagong Ilog, Pasig, Metro Manila","Bali Oasis Phase, Bagong Ilog, Pasig, Metro Manila, Philippines",bali oasis phase bagong ilog pasig metro manila philippines,bali oasis phase bagong ilog pasig metro manila philippines,"Bali Oasis Phase, Bagong Ilog, Pasig, Metro Manila, Philippines, Metro Manila, Philippines",,,,,
Bali Oasis Phase 2,"Santolan, Pasig, Metro Manila","Bali Oasis Phase 2, Santolan, Pasig, Metro Manila, Philippines",bali oasis 2 santolan pasig metro manila philippines,bali oasis 2 santolan pasig metro manila philippines,,14.6191652,121.0902186,google,"Bali Oasis 2, Pasig, 1800 Metro Manila, Philippines",CLEANED|GEOMETRIC_CENTER
Baron 3 Gardens,"Addition Hills, San Juan, Metro Manila","Baron 3 Gardens, Addition Hills, San Juan, Metro Manila, Philippines",baron 3 gardens addition hills san juan metro manila philippines,baron 3 gardens addition hills san juan metro manila philippines,,14.5962155,121.0396704,google,"194 Baron 3 Gardens, A. Mabini St Metro Manila, San Juan City, 1500 Metro Manila, Philippines",CLEANED|GEOMETRIC_CENTER
Baron Tower,"San Juan, Metro Manila","Baron Tower, San Juan, Metro Manila, Philippines",baron tower san juan metro manila philippines,baron tower san juan metro manila philippines,,14.5967324,121.0369047,google,"191 Wilson, San Juan City, 1500 Metro Manila, Philippines",CLEANED|ROOFTOP
Bay Area Suites Condominium,"Quiapo, Manila, Metro Manila","Bay Area Suites Condominium, Quiapo, Manila, Metro Manila, Philippines",bay area suites condominium quiapo manila metro manila philippines,bay area suites condominium quiapo manila metro manila philippines,"Bay Area Suites Condominium, Quiapo, Manila, Metro Manila, Philippines, Metro Manila, Philippines",,,,,
Bay Garden,"Barangay 76, Pasay, Metro Manila","Bay Garden, Barangay 76, Pasay, Metro Manila, Philippines",bay garden barangay 76 pasay metro manila philippines,bay garden barangay 76 pasay metro manila philippines,"Bay Garden, Barangay 76, Pasay, Metro Manila, Philippines, Metro Manila, Philippines",,,,,
Bay Garden Club and Residences,"Pasay, Metro Manila","Bay Garden Club and Residences, Pasay, Metro Manila, Philippines",bay garden club and residences pasay metro manila philippines,bay garden club and residences pasay metro manila philippines,,14.541045,120.9893447,google,"Metropolitan Park, Diosdado Macapagal Blvd, Zone 10, Cor EDSA Ext, Pasay City, 1226 Metro Manila, Philippines",CLEANED|ROOFTOP
Bayport West NAIA Garden Residences,"Tambo, Parañaque, Metro Manila","Bayport West NAIA Garden Residences, Tambo, Parañaque, Metro Manila, Philippines",bayport west naia garden residences tambo paranaque metro manila philippines,bayport west naia garden residences tambo paranaque metro manila philippines,,14.5172521,120.9974124,google,"412 NAIA Rd, Parañaque, 1701 Metro Manila, Philippines",CLEANED|ROOFTOP
Bayshore Residential Resort,"Tambo, Parañaque, Metro Manila","Bayshore Residential Resort, Tambo, Parañaque, Metro Manila, Philippines",bayshore residential resort tambo paranaque metro manila philippines,bayshore residential resort tambo paranaque metro manila philippines,,14.5168719,120.9799677,google,"GX8H+PXW, Baclaran, Parañaque, 1701 Metro Manila, Philippines",CLEANED|GEOMETRIC_CENTER
Bayview International Tower,"Tambo, Parañaque, Metro Manila","Bayview International Tower, Tambo, Parañaque, Metro Manila, Philippines",bayview international tower tambo paranaque metro manila philippines,bayview international tower tambo paranaque metro manila philippines,"Bayview International Tower, Tambo, Parañaque, Metro Manila, Philippines, Metro Manila, Philippines",,,,,
Beaufort East Condo,"Bagong Tanyag, Taguig, Metro Manila","Beaufort East Condo, Bagong Tanyag, Taguig, Metro Manila, Philippines",beaufort east condo bagong tanyag taguig metro manila philippines,beaufort east condo bagong tanyag taguig metro manila philippines,"Beaufort East Condo, Bagong Tanyag, Taguig, Metro Manila, Philippines, Metro Manila, Philippines",,,,,
Belize Oasis,"Alabang, Muntinlupa, Metro Manila","Belize Oasis, Alabang, Muntinlupa, Metro Manila, Philippines",belize oasis alabang muntinlupa metro manila philippines,belize oasis alabang muntinlupa metro manila philippines,,14.4224777,121.0464096,google,"Lot 160 and Lot, 161-B E Service Rd, Muntinlupa, Metro Manila, Philippines",CLEANED|ROOFTOP
Bellagio Towers,"BGC, Taguig, Metro Manila","Bellagio Towers, BGC, Taguig, Metro Manila, Philippines",bellagio towers bonifacio global city taguig metro manila philippines,bellagio towers bonifacio global city taguig metro manila philippines,"Bellagio Towers, BGC, Taguig, Metro Manila, Philippines, Metro Manila, Philippines",,,,,
Belmont Hotel Pasay,"Pasay, Metro Manila","Belmont Hotel Pasay, Pasay, Metro Manila, Philippines",belmont hotel pasay pasay metro manila philippines,belmont hotel pasay pasay metro manila philippines,,14.5209855,121.016416,google,"Newport Blvd, Newport City, Pasay City, 1309 Metro Manila, Philippines",CLEANED|GEOMETRIC_CENTER
Belton Place Condo,"Bangkal, Makati, Metro Manila","Belton Place Condo, Bangkal, Makati, Metro Manila, Philippines",belton place condo bangkal makati metro manila philippines,belton place condo bangkal makati metro manila philippines,"Belton Place Condo, Bangkal, Makati, Metro Manila, Philippines, Metro Manila, Philippines",,,,,
Berkeley Residences,"Loyola Heights, Quezon City, Metro Manila","Berkeley Residences, Loyola Heights, Quezon City, Metro Manila, Philippines",berkeley residences loyola heights quezon city metro manila philippines,berkeley residences loyola heights quezon city metro manila philippines,,14.6446188,121.0740867,google,"Berkeley Residences, Escaler, Quezon City, 1800 Metro Manila, Philippines",CLEANED|ROOFTOP
Birch Tower,"Malate, Manila, Metro Manila","Birch Tower, Malate, Manila, Metro Manila, Philippines",birch tower malate manila metro manila philippines,birch tower malate manila metro manila philippines,,14.5739868,120.984904,google,"1622 Bocobo St, Malate, Manila, 1004 Metro Manila, Philippines",CLEANED|ROOFTOP
Bloom Residences,"San Antonio, Parañaque, Metro Manila","Bloom Residences, San Antonio, Parañaque, Metro Manila, Philippines",bloom residences san antonio paranaque metro manila philippines,bloom residences san antonio paranaque metro manila philippines,,14.4555862,121.0395104,google,"F24Q+6RJ, Dr Arcadio Santos Ave, Parañaque, Metro Manila, Philippines",CLEANED|GEOMETRIC_CENTER
Blue Residences,"Quezon City, Metro Manila","Blue Residences, Quezon City, Metro Manila, Philippines",blue residences quezon city metro manila philippines,blue residences quezon city metro manila philippines,,14.6328075,121.0747453,google,"41 Katipunan Ave, Quezon City, 1108 Metro Manila, Philippines",CLEANED|ROOFTOP
Bonifacio Heights,"Bagong Tanyag, Taguig, Metro Manila","Bonifacio Heights, Bagong Tanyag, Taguig, Metro Manila, Philippines",bonifacio heights bagong tanyag taguig metro manila philippines,bonifacio heights bagong tanyag taguig metro manila philippines,"Bonifacio Heights, Bagong Tanyag, Taguig, Metro Manila, Philippines, Metro Manila, Philippines",,,,,
Bonifacio Ridge,"BGC, Taguig, Metro Manila","Bonifacio Ridge, BGC, Taguig, Metro Manila, Philippines",bonifacio ridge bonifacio global city taguig metro manila philippines,bonifacio ridge bonifacio global city taguig metro manila philippines,"Bonifacio Ridge, BGC, Taguig, Metro Manila, Philippines, Metro Manila, Philippines",,,,,
Botanika Nature Residences,"Alabang, Muntinlupa, Metro Manila","Botanika Nature Residences, Alabang, Muntinlupa, Metro Manila, Philippines",botanika nature residences alabang muntinlupa metro manila philippines,botanika nature residences alabang muntinlupa metro manila philippines,,14.4092316,121.0345085,google,"C25M+MRR, Laguna Heights Dr, Muntinlupa, 1781 Metro Manila, Philippines",CLEANED|GEOMETRIC_CENTER
Bradbury Heights,"Santa Cruz, Quezon City, Metro Manila","Bradbury Heights, Santa Cruz, Quezon City, Metro Manila, Philippines",bradbury heights santa cruz quezon city metro manila philippines,bradbury heights santa cruz quezon city metro manila philippines,"Bradbury Heights, Santa Cruz, Quezon City, Metro Manila, Philippines, Metro Manila, Philippines",,,,,
Breeze Residences,"Barangay 76, Pasay, Metro Manila","Breeze Residences, Barangay 76, Pasay, Metro Manila, Philippines",breeze barangay 76 pasay metro manila philippines,breeze barangay 76 pasay metro manila philippines,,14.5343823,120.9902083,google,"G/F, A. CBPI, Filinvest Cyberzone Bldg, Diosdado Macapagal Blvd, Pasay City, 1308 Metro Manila, Philippines",CLEANED|ROOFTOP
Brentwood Mansion,"Santolan, Pasig, Metro Manila","Brentwood Mansion, Santolan, Pasig, Metro Manila, Philippines",brentwood mansion santolan pasig metro manila philippines,brentwood mansion santolan pasig metro manila philippines,"Brentwood Mansion, Santolan, Pasig, Metro Manila, Philippines, Metro Manila, Philippines",,,,,
Brio Tower,"Guadalupe Viejo, Makati, Metro Manila","Brio Tower, Guadalupe Viejo, Makati, Metro Manila, Philippines",brio tower guadalupe viejo makati metro manila philippines,brio tower guadalupe viejo makati metro manila philippines,,14.5618599,121.0426415,google,"Brio Tower, 444 Epifanio de los Santos Ave, Guadalupe Viejo, Makati City, 1211 Metro Manila, Philippines",CLEANED|ROOFTOP
Bristol at Parkway Place,"Muntinlupa, Metro Manila","Bristol at Parkway Place, Muntinlupa, Metro Manila, Philippines",bristol at parkway place muntinlupa metro manila philippines,bristol at parkway place muntinlupa metro manila philippines,,14.4146399,121.0382581,google,"Bristol at Parkway Place, Muntinlupa, Metro Manila, Philippines",CLEANED|ROOFTOP
Brixton Place,"Kapitolyo, Pasig, Metro Manila","Brixton Place, Kapitolyo, Pasig, Metro Manila, Philippines",brixton place kapitolyo pasig metro manila philippines,brixton place kapitolyo pasig metro manila philippines,"Brixton Place, Kapitolyo, Pasig, Metro Manila, Philippines, Metro Manila, Philippines",,,,,
Burgundy McKinley Place,"Don Galo, Parañaque, Metro Manila","Burgundy McKinley Place, Don Galo, Parañaque, Metro Manila, Philippines",burgundy mckinley place don galo paranaque metro manila philippines,burgundy mckinley place don galo paranaque metro manila philippines,,14.5102935,120.9780421,google,"Burgundy McKinley Place, Pacific Ave, Parañaque, 1703 Metro Manila, Philippines",CLEANED|ROOFTOP
CBY Tower,"Binondo, Manila, Metro Manila","CBY Tower, Binondo, Manila, Metro Manila, Philippines",cby tower binondo manila metro manila philippines,cby tower binondo manila metro manila philippines,,14.6027076,120.9716205,google,"674 Mlle. de Binondo, Binondo, Manila, 1006 Metro Manila, Philippines",CLEANED|ROOFTOP
CHERRY ORCHARD SUITES,"Ramon Magsaysay, Quezon City, Metro Manila","CHERRY ORCHARD SUITES, Ramon Magsaysay, Quezon City, Metro Manila, Philippines",cherry orchard suites ramon magsaysay quezon city metro manila philippines,cherry orchard suites ramon magsaysay quezon city metro manila philippines,"CHERRY ORCHARD SUITES, Ramon Magsaysay, Quezon City, Metro Manila, Philippines, Metro Manila, Philippines",,,,,
CIVIC PLACE,"Alabang, Muntinlupa, Metro Manila","CIVIC PLACE, Alabang, Muntinlupa, Metro Manila, Philippines",civic place alabang muntinlupa metro manila philippines,civic place alabang muntinlupa metro manila philippines,,14.4141749,121.0434091,google,"Civic Place, Civic Dr, Muntinlupa, Metro Manila, Philippines",CLEANED|ROOFTOP
CORINTHIAN EXECUTIVE REGENCY,"Bagong Ilog, Pasig, Metro Manila","CORINTHIAN EXECUTIVE REGENCY, Bagong Ilog, Pasig, Metro Manila, Philippines",corinthian executive regency bagong ilog pasig metro manila philippines,corinthian executive regency bagong ilog pasig metro manila philippines,"CORINTHIAN EXECUTIVE REGENCY, Bagong Ilog, Pasig, Metro Manila, Philippines, Metro Manila, Philippines",,,,,
COVENT GARDEN,"Santa Mesa, Manila, Metro Manila","COVENT GARDEN, Santa Mesa, Manila, Metro Manila, Philippines",covent garden santa mesa manila metro manila philippines,covent garden santa mesa manila metro manila philippines,,14.6011125,121.0011417,google,"Santol, Extension Magsaysay Blvd, Santa Mesa, Manila, 1632 Metro Manila, Philippines",CLEANED|ROOFTOP
Calathea Place,"San Antonio, Parañaque, Metro Manila","Calathea Place, San Antonio, Parañaque, Metro Manila, Philippines",calathea place san antonio paranaque metro manila philippines,calathea place san antonio paranaque metro manila philippines,,14.4640149,121.0218468,google,"Dr Arcadio Santos Ave, Parañaque, 1715 Metro Manila, Philippines",CLEANED|GEOMETRIC_CENTER
California Garden Square,"Addition Hills, Mandaluyong, Metro Manila","California Garden Square, Addition Hills, Mandaluyong, Metro Manila, Philippines",california garden square addition hills mandaluyong metro manila philippines,california garden square addition hills mandaluyong metro manila philippines,,14.57933,121.04709,google,"8 Domingo M. Guevara, Mandaluyong City, 1550 Metro Manila, Philippines",CLEANED|ROOFTOP
Calle Centrale,"Bagumbayan, Quezon City, Metro Manila","Calle Centrale, Bagumbayan, Quezon City, Metro Manila, Philippines",calle centrale bagumbayan quezon city metro manila philippines,calle centrale bagumbayan quezon city metro manila philippines,,14.6036712,121.0865302,google,"60 Calle Industria, Bagumbayan, Quezon City, Metro Manila, Philippines",CLEANED|ROOFTOP
Callisto,"Makati, Metro Manila","Callisto, Makati, Metro Manila, Philippines",callisto makati metro manila philippines,callisto makati metro manila philippines,,14.575159,121.018862,google,"H2G9+3G9, Makati City, Metro Manila, Philippines",CLEANED|GEOMETRIC_CENTER
Callisto 2,"Carmona, Makati, Metro Manila","Callisto 2, Carmona, Makati, Metro Manila, Philippines",callisto 2 carmona makati metro manila philippines,callisto 2 carmona makati metro manila philippines,"Callisto 2, Carmona, Makati, Metro Manila, Philippines, Metro Manila, Philippines",,,,,
Camella Glenmont,"Novaliches, Quezon City, Metro Manila","Camella Glenmont, Novaliches, Quezon City, Metro Manila, Philippines",camella glenmont novaliches quezon city metro manila philippines,camella glenmont novaliches quezon city metro manila philippines,"Camella Glenmont, Novaliches, Quezon City, Metro Manila, Philippines, Metro Manila, Philippines",,,,,
Cameron Residences,"Mariblo, Quezon City, Metro Manila","Cameron Residences, Mariblo, Quezon City, Metro Manila, Philippines",cameron residences mariblo quezon city metro manila philippines,cameron residences mariblo quezon city metro manila philippines,"Cameron Residences, Mariblo, Quezon City, Metro Manila, Philippines, Metro Manila, Philippines",,,,,
Capitol Park Homes,"Ramon Magsaysay, Quezon City, Metro Manila","Capitol Park Homes, Ramon Magsaysay, Quezon City, Metro Manila, Philippines",capitol park homes ramon magsaysay quezon city metro manila philippines,capitol park homes ramon magsaysay quezon city metro manila philippines,"Capitol Park Homes, Ramon Magsaysay, Quezon City, Metro Manila, Philippines, Metro Manila, Philippines",,,,,
Capri Oasis,"Maybunga, Pasig, Metro Manila","Capri Oasis, Maybunga, Pasig, Metro Manila, Philippines",capri oasis maybunga pasig metro manila philippines,capri oasis maybunga pasig metro manila philippines,,14.5808395,121.0826643,google,"Capri Oasis, Pasig, Metro Manila, Philippines",CLEANED|GEOMETRIC_CENTER
Casiana Residences,"Tambo, Parañaque, Metro Manila","Casiana Residences, Tambo, Parañaque, Metro Manila, Philippines",casiana residences tambo paranaque metro manila philippines,casiana residences tambo paranaque metro manila philippines,,14.5140049,120.9956999,google,"680 Quirino Ave, Parañaque, 1701 Metro Manila, Philippines",CLEANED|ROOFTOP
Cedar Crest,"Taguig, Metro Manila","Cedar Crest, Taguig, Metro Manila, Philippines",cedar crest taguig metro manila philippines,cedar crest taguig metro manila philippines,,14.5217265,121.0673551,google,"Acacia Ave, Acacia Estate, Taguig, Metro Manila, Philippines",CLEANED|GEOMETRIC_CENTER
Celadon Park,"Santa Cruz, Manila, Metro Manila","Celadon Park, Santa Cruz, Manila, Metro Manila, Philippines",celadon park santa cruz manila metro manila philippines,celadon park santa cruz manila metro manila philippines,,14.6195511,120.9861085,google,"Celadon park, Santa Cruz, Manila, 1008 Metro Manila, Philippines",CLEANED|ROOFTOP
Central Park West,"BGC, Taguig, Metro Manila","Central Park West, BGC, Taguig, Metro Manila, Philippines",central park west bonifacio global city taguig metro manila philippines,central park west bonifacio global city taguig metro manila philippines,"Central Park West, BGC, Taguig, Metro Manila, Philippines, Metro Manila, Philippines",,,,,
Centro Residences,"Kaunlaran, Quezon City, Metro Manila","Centro Residences, Kaunlaran, Quezon City, Metro Manila, Philippines",centro residences kaunlaran quezon city metro manila philippines,centro residences kaunlaran quezon city metro manila philippines,,14.6171608,121.0453544,google,"6 Mayor Ignacio Santos Diaz, Quezon City, Metro Manila, Philippines",CLEANED|ROOFTOP
Century Spire,"Makati, Metro Manila","Century Spire, Makati, Metro Manila, Philippines",century spire makati metro manila philippines,century spire makati metro manila philippines,,14.5666654,121.0281379,google,"Century City, Kalayaan Ave, Makati City, 1210 Metro Manila, Philippines",CLEANED|ROOFTOP
Century Spire Makati,"Poblacion, Makati, Metro Manila","Century Spire Makati, Poblacion, Makati, Metro Manila, Philippines",century spire makati poblacion makati metro manila philippines,century spire makati poblacion makati metro manila philippines,"Century Spire Makati, Poblacion, Makati, Metro Manila, Philippines, Metro Manila, Philippines",,,,,
Cerritos East Residences,"Bagong Ilog, Pasig, Metro Manila","Cerritos East Residences, Bagong Ilog, Pasig, Metro Manila, Philippines",cerritos east residences bagong ilog pasig metro manila philippines,cerritos east residences bagong ilog pasig metro manila philippines,"Cerritos East Residences, Bagong Ilog, Pasig, Metro Manila, Philippines, Metro Manila, Philippines",,,,,
Charm Residences,"San Perfecto, San Juan, Metro Manila","Charm Residences, San Perfecto, San Juan, Metro Manila, Philippines",charm residences san perfecto san juan metro manila philippines,charm residences san perfecto san juan metro manila philippines,"Charm Residences, San Perfecto, San Juan, Metro Manila, Philippines, Metro Manila, Philippines",,,,,
Chateau Elysee,"Don Bosco, Parañaque, Metro Manila","Chateau Elysee, Don Bosco, Parañaque, Metro Manila, Philippines",chateau elysee don bosco paranaque metro manila philippines,chateau elysee don bosco paranaque metro manila philippines,,14.4901298,121.020846,google,"Vendome, Extension Doña Soledad Ave, Parañaque, 1709 Metro Manila, Philippines",CLEANED|ROOFTOP
Chateau Residences,"Don Bosco, Parañaque, Metro Manila","Chateau Residences, Don Bosco, Parañaque, Metro Manila, Philippines",chateau residences don bosco paranaque metro manila philippines,chateau residences don bosco paranaque metro manila philippines,"Chateau Residences, Don Bosco, Parañaque, Metro Manila, Philippines, Metro Manila, Philippines",,,,,
Chimes Greenhills,"Greenhills, San Juan, Metro Manila","Chimes Greenhills, Greenhills, San Juan, Metro Manila, Philippines",chimes greenhills greenhills san juan metro manila philippines,chimes greenhills greenhills san juan metro manila philippines,,14.6055414,121.0553235,google,"13 Annapolis St, San Juan City, 1502 Metro Manila, Philippines",CLEANED|ROOFTOP
Cintiley Residences,"Santa Cruz, Manila, Metro Manila","Cintiley Residences, Santa Cruz, Manila, Metro Manila, Philippines",cintiley residences santa cruz manila metro manila philippines,cintiley residences santa cruz manila metro manila philippines,,14.6080502,120.9757023,google,"1278 Abad Santos Ave, Tondo, Manila, Metro Manila, Philippines",CLEANED|ROOFTOP
Circulo Verde,"Quezon City, Metro Manila","Circulo Verde, Quezon City, Metro Manila, Philippines",circulo verde quezon city metro manila philippines,circulo verde quezon city metro manila philippines,,14.6022175,121.088278,google,"70 Calle Industria, Bagumbayan, Quezon City, 1110 Metro Manila, Philippines",CLEANED|ROOFTOP
Circulo Verde Lleida,"Quezon City, Metro Manila","Circulo Verde Lleida, Quezon City, Metro Manila, Philippines",circulo verde lleida quezon city metro manila philippines,circulo verde lleida quezon city metro manila philippines,"Circulo Verde Lleida, Quezon City, Metro Manila, Philippines, Metro Manila, Philippines",,,,,
Cirrus,"Manggahan, Pasig, Metro Manila","Cirrus, Manggahan, Pasig, Metro Manila, Philippines",cirrus manggahan pasig metro manila philippines,cirrus manggahan pasig metro manila philippines,,14.5961454,121.0845987,google,"east, Bridgetown, Pasig, Metro Manila, Philippines",CLEANED|GEOMETRIC_CENTER
Citadines Benavidez Makati,"Legazpi Village, Makati, Metro Manila","Citadines Benavidez Makati, Legazpi Village, Makati, Metro Manila, Philippines",citadines benavidez makati legazpi village makati metro manila philippines,citadines benavidez makati legazpi village makati metro manila philippines,"Citadines Benavidez Makati, Legazpi Village, Makati, Metro Manila, Philippines, Metro Manila, Philippines",,,,,
City Place,"San Nicolas, Manila, Metro Manila","City Place, San Nicolas, Manila, Metro Manila, Philippines",city place san nicolas manila metro manila philippines,city place san nicolas manila metro manila philippines,"City Place, San Nicolas, Manila, Metro Manila, Philippines, Metro Manila, Philippines",,,,,
Cityland Pasong Tamo Calle Estacion,"Makati, Metro Manila","Cityland Pasong Tamo Calle Estacion, Makati, Metro Manila, Philippines",cityland pasong tamo calle estacion makati metro manila philippines,cityland pasong tamo calle estacion makati metro manila philippines,,14.5494919,121.0126159,google,"Cityland Pasong Tamo Tower, Estacion St, Makati City, 1230 Metro Manila, Philippines",CLEANED|ROOFTOP
Cityland Pasong Tamo Tower,"Pio Del Pilar, Makati, Metro Manila","Cityland Pasong Tamo Tower, Pio Del Pilar, Makati, Metro Manila, Philippines",cityland pasong tamo tower pio del pilar makati metro manila philippines,cityland pasong tamo tower pio del pilar makati metro manila philippines,,14.5497934,121.013302,google,"Cityland Pasong Tamo Tower, 2210 Chino Roces Ave, Makati City, 1233 Metro Manila, Philippines",CLEANED|ROOFTOP
Cityland Pioneer,"Addition Hills, Mandaluyong, Metro Manila","Cityland Pioneer, Addition Hills, Mandaluyong, Metro Manila, Philippines",cityland pioneer addition hills mandaluyong metro manila philippines,cityland pioneer addition hills mandaluyong metro manila philippines,"Cityland Pioneer, Addition Hills, Mandaluyong, Metro Manila, Philippines, Metro Manila, Philippines",,,,,
Cityland Rada Regency,"Bangkal, Makati, Metro Manila","Cityland Rada Regency, Bangkal, Makati, Metro Manila, Philippines",cityland rada regency bangkal makati metro manila philippines,cityland rada regency bangkal makati metro manila philippines,"Cityland Rada Regency, Bangkal, Makati, Metro Manila, Philippines, Metro Manila, Philippines",,,,,
Cityland Shaw Tower,"Addition Hills, Mandaluyong, Metro Manila","Cityland Shaw Tower, Addition Hills, Mandaluyong, Metro Manila, Philippines",cityland shaw tower addition hills mandaluyong metro manila philippines,cityland shaw tower addition hills mandaluyong metro manila philippines,"Cityland Shaw Tower, Addition Hills, Mandaluyong, Metro Manila, Philippines, Metro Manila, Philippines",,,,,
Clairemont Hills,"Corazon de Jesus, San Juan, Metro Manila","Clairemont Hills, Corazon de Jesus, San Juan, Metro Manila, Philippines",clairemont hills corazon de jesus san juan metro manila philippines,clairemont hills corazon de jesus san juan metro manila philippines,,14.606923,121.0324471,google,"Alfonso XIII, San Juan City, Metro Manila, Philippines",CLEANED|GEOMETRIC_CENTER
Classica Manor,"Addition Hills, San Juan, Metro Manila","Classica Manor, Addition Hills, San Juan, Metro Manila, Philippines",classica manor addition hills san juan metro manila philippines,classica manor addition hills san juan metro manila philippines,,14.5923441,121.0369583,google,"H2RP+WQP, Montessori Ln, San Juan City, 1500 Metro Manila, Philippines",CLEANED|GEOMETRIC_CENTER
Cleveland Tower,"Don Galo, Parañaque, Metro Manila","Cleveland Tower, Don Galo, Parañaque, Metro Manila, Philippines",cleveland tower don galo paranaque metro manila philippines,cleveland tower don galo paranaque metro manila philippines,"Cleveland Tower, Don Galo, Parañaque, Metro Manila, Philippines, Metro Manila, Philippines",14.5105073,120.9776836,google,"Cleveland Tower, Pacific Ave, Parañaque, 1700 Metro Manila, Philippines",FALLBACK_FULL|GEOMETRIC_CENTER
Coast Residences,"Barangay 76, Pasay, Metro Manila","Coast Residences, Barangay 76, Pasay, Metro Manila, Philippines",coast barangay 76 pasay metro manila philippines,coast barangay 76 pasay metro manila philippines,"Coast Residences, Barangay 76, Pasay, Metro Manila, Philippines, Metro Manila, Philippines",,,,,
Coastal Luxury Residences,"Tambo, Parañaque, Metro Manila","Coastal Luxury Residences, Tambo, Parañaque, Metro Manila, Philippines",coastal luxury residences tambo paranaque metro manila philippines,coastal luxury residences tambo paranaque metro manila philippines,,14.5130258,120.9905459,google,"Coastal Luxury Residences, E3, Parañaque, Metro Manila, Philippines",CLEANED|GEOMETRIC_CENTER
Copeton Baysuites,"Tambo, Parañaque, Metro Manila","Copeton Baysuites, Tambo, Parañaque, Metro Manila, Philippines",copeton baysuites tambo paranaque metro manila philippines,copeton baysuites tambo paranaque metro manila philippines,,14.521631,120.991287,google,"Belle Ave, cor Diosdado Macapagal Blvd, Parañaque, Metro Manila, Philippines",CLEANED|ROOFTOP
Cortijos Condominium,"Greenhills, San Juan, Metro Manila","Cortijos Condominium, Greenhills, San Juan, Metro Manila, Philippines",cortijos condominium greenhills san juan metro manila philippines,cortijos condominium greenhills san juan metro manila philippines,,14.605522,121.048936,google,"25 Eisenhower St, San Juan City, Metro Manila, Philippines",CLEANED|ROOFTOP
Crescent Park Residences,"Bagong Tanyag, Taguig, Metro Manila","Crescent Park Residences, Bagong Tanyag, Taguig, Metro Manila, Philippines",crescent park residences bagong tanyag taguig metro manila philippines,crescent park residences bagong tanyag taguig metro manila philippines,"Crescent Park Residences, Bagong Tanyag, Taguig, Metro Manila, Philippines, Metro Manila, Philippines",,,,,
Crown Tower,"Manila, Metro Manila","Crown Tower, Manila, Metro Manila, Philippines",crown tower manila metro manila philippines,crown tower manila metro manila philippines,,14.605359,120.9896093,google,"Commercial Space 6 G/F, Crown Tower, 839 Tolentino St, Sampaloc, Manila, 1008 Metro Manila, Philippines",CLEANED|ROOFTOP
Crown Tower University Belt,"Sampaloc, Manila, Metro Manila","Crown Tower University Belt, Sampaloc, Manila, Metro Manila, Philippines",crown tower university belt sampaloc manila metro manila philippines,crown tower university belt sampaloc manila metro manila philippines,,14.605359,120.9896093,google,"Commercial Space 6 G/F, Crown Tower, 839 Tolentino St, Sampaloc, Manila, 1008 Metro Manila, Philippines",CLEANED|ROOFTOP
Cypress Towers,"Bagong Tanyag, Taguig, Metro Manila","Cypress Towers, Bagong Tanyag, Taguig, Metro Manila, Philippines",cypress towers bagong tanyag taguig metro manila philippines,cypress towers bagong tanyag taguig metro manila philippines,"Cypress Towers, Bagong Tanyag, Taguig, Metro Manila, Philippines, Metro Manila, Philippines",,,,,
D Ace Suites,"Bagong Ilog, Pasig, Metro Manila","D Ace Suites, Bagong Ilog, Pasig, Metro Manila, Philippines",d ace suites bagong ilog pasig metro manila philippines,d ace suites bagong ilog pasig metro manila philippines,"D Ace Suites, Bagong Ilog, Pasig, Metro Manila, Philippines, Metro Manila, Philippines",,,,,
D' University Place,"Malate, Manila, Metro Manila","D' University Place, Malate, Manila, Metro Manila, Philippines",d' university place malate manila metro manila philippines,d' university place malate manila metro manila philippines,,14.5656912,120.9946629,google,"2421 Leon Guinto St, Malate, Manila, 1004 Metro Manila, Philippines",CLEANED|ROOFTOP
Dansalan Garden,"Malamig, Mandaluyong, Metro Manila","Dansalan Garden, Malamig, Mandaluyong, Metro Manila, Philippines",dansalan garden malamig mandaluyong metro manila philippines,dansalan garden malamig mandaluyong metro manila philippines,,14.5753154,121.0437537,google,"347 M. Vicente St, Mandaluyong City, 1550 Metro Manila, Philippines",CLEANED|ROOFTOP
Dansalan Gardens,"Addition Hills, Mandaluyong, Metro Manila","Dansalan Gardens, Addition Hills, Mandaluyong, Metro Manila, Philippines",dansalan gardens addition hills mandaluyong metro manila philippines,dansalan gardens addition hills mandaluyong metro manila philippines,,14.5794443,121.0359174,google,"H2HP+Q9F, Mandaluyong City, Metro Manila, Philippines",CLEANED|GEOMETRIC_CENTER
Discovery Primea,"Quiapo, Manila, Metro Manila","Discovery Primea, Quiapo, Manila, Metro Manila, Philippines",discovery primea quiapo manila metro manila philippines,discovery primea quiapo manila metro manila philippines,,14.5537613,121.0269433,google,"6749 Ayala Ave, Makati City, 1226 Metro Manila, Philippines",CLEANED|ROOFTOP
Dream Tower,"Bagumbayan, Quezon City, Metro Manila","Dream Tower, Bagumbayan, Quezon City, Metro Manila, Philippines",dream tower bagumbayan quezon city metro manila philippines,dream tower bagumbayan quezon city metro manila philippines,,14.6065965,121.0813576,google,"Dream Tower, 1 Calle Industria, Barangay Bagumbayan, Quezon City, 1110 Metro Manila, Philippines",CLEANED|ROOFTOP
Dream Tower at Nuvo District,"Bagumbayan, Quezon City, Metro Manila","Dream Tower at Nuvo District, Bagumbayan, Quezon City, Metro Manila, Philippines",dream tower at nuvo district bagumbayan quezon city metro manila philippines,dream tower at nuvo district bagumbayan quezon city metro manila philippines,"Dream Tower at Nuvo District, Bagumbayan, Quezon City, Metro Manila, Philippines, Metro Manila, Philippines",,,,,
Dynasty Tower,"Tondo, Manila, Metro Manila","Dynasty Tower, Tondo, Manila, Metro Manila, Philippines",dynasty tower tondo manila metro manila philippines,dynasty tower tondo manila metro manila philippines,,14.6126087,120.9760477,google,"Dynasty Twin Towers, 1930 Bambang St, Tondo, Manila, Metro Manila, Philippines",CLEANED|ROOFTOP
EDADES TOWER AND GARDEN VILLAS,"Rockwell, Makati, Metro Manila","EDADES TOWER AND GARDEN VILLAS, Rockwell, Makati, Metro Manila, Philippines",edades tower and garden villas rockwell makati metro manila philippines,edades tower and garden villas rockwell makati metro manila philippines,,14.5664278,121.0364517,google,"Amorsolo Drive, H28P+HHG, Rockwell Dr, Makati City, Metro Manila, Philippines",CLEANED|GEOMETRIC_CENTER
EIGHT FORBESTOWN ROAD,"Bagong Tanyag, Taguig, Metro Manila","EIGHT FORBESTOWN ROAD, Bagong Tanyag, Taguig, Metro Manila, Philippines",eight forbestown road bagong tanyag taguig metro manila philippines,eight forbestown road bagong tanyag taguig metro manila philippines,"EIGHT FORBESTOWN ROAD, Bagong Tanyag, Taguig, Metro Manila, Philippines, Metro Manila, Philippines",,,,,
EL JARDIN DEL PRESIDENTE 2,"South Triangle, Quezon City, Metro Manila","EL JARDIN DEL PRESIDENTE 2, South Triangle, Quezon City, Metro Manila, Philippines",el jardin del presidente 2 south triangle quezon city metro manila philippines,el jardin del presidente 2 south triangle quezon city metro manila philippines,,14.6379689,121.0388494,google,"38 Sgt. Esguerra Ave, Diliman, Quezon City, 1103 Metro Manila, Philippines",CLEANED|ROOFTOP
ETON EMERALD LOFTS,"San Antonio, Pasig, Metro Manila","ETON EMERALD LOFTS, San Antonio, Pasig, Metro Manila, Philippines",eton emerald lofts san antonio pasig metro manila philippines,eton emerald lofts san antonio pasig metro manila philippines,,14.5882999,121.0624436,google,"Eton Emerald Lofts, F. Ortigas Jr. Rd, Ortigas Center, Pasig, Metro Manila, Philippines",CLEANED|ROOFTOP
East Bay Residences,"Muntinlupa, Metro Manila","East Bay Residences, Muntinlupa, Metro Manila, Philippines",east bay residences muntinlupa metro manila philippines,east bay residences muntinlupa metro manila philippines,,14.4469478,121.0466934,google,"C2WW+QMG, Sucat, Muntinlupa, Metro Manila, Philippines",CLEANED|GEOMETRIC_CENTER
East Bel-Air Residences,"Tondo, Manila, Metro Manila","East Bel-Air Residences, Tondo, Manila, Metro Manila, Philippines",east bel-air residences tondo manila metro manila philippines,east bel-air residences tondo manila metro manila philippines,"East Bel-Air Residences, Tondo, Manila, Metro Manila, Philippines, Metro Manila, Philippines",,,,,
East Gallery Place,"BGC, Taguig, Metro Manila","East Gallery Place, BGC, Taguig, Metro Manila, Philippines",east gallery place bonifacio global city taguig metro manila philippines,east gallery place bonifacio global city taguig metro manila philippines,,14.5488603,121.0522573,google,"28th Street, corner 11th Ave, Makati City, 1634 Metro Manila, Philippines",CLEANED|ROOFTOP
East Of Galeria,"San Antonio, Pasig, Metro Manila","East Of Galeria, San Antonio, Pasig, Metro Manila, Philippines",east of galeria san antonio pasig metro manila philippines,east of galeria san antonio pasig metro manila philippines,,14.5884375,121.0606114,google,"Topaz Rd, Ortigas Center, Pasig, 1605 Metro Manila, Philippines",CLEANED|GEOMETRIC_CENTER
East Ortigas Mansions,"Bagong Ilog, Pasig, Metro Manila","East Ortigas Mansions, Bagong Ilog, Pasig, Metro Manila, Philippines",east ortigas mansions bagong ilog pasig metro manila philippines,east ortigas mansions bagong ilog pasig metro manila philippines,"East Ortigas Mansions, Bagong Ilog, Pasig, Metro Manila, Philippines, Metro Manila, Philippines",,,,,
East Raya Garden,"Bagong Ilog, Pasig, Metro Manila","East Raya Garden, Bagong Ilog, Pasig, Metro Manila, Philippines",east raya garden bagong ilog pasig metro manila philippines,east raya garden bagong ilog pasig metro manila philippines,"East Raya Garden, Bagong Ilog, Pasig, Metro Manila, Philippines, Metro Manila, Philippines",,,,,
East of Galleria,"San Antonio, Pasig, Metro Manila","East of Galleria, San Antonio, Pasig, Metro Manila, Philippines",east of galleria san antonio pasig metro manila philippines,east of galleria san antonio pasig metro manila philippines,,14.5884375,121.0606114,google,"Topaz Rd, Ortigas Center, Pasig, 1605 Metro Manila, Philippines",CLEANED|GEOMETRIC_CENTER
Easton Place,"Bel-Air, Makati, Metro Manila","Easton Place, Bel-Air, Makati, Metro Manila, Philippines",easton place bel-air makati metro manila philippines,easton place bel-air makati metro manila philippines,"Easton Place, Bel-Air, Makati, Metro Manila, Philippines, Metro Manila, Philippines",14.5592636,121.019723,google,"H259+PV5, Valero Street Cor Rufino Street, Salcedo Village, Makati City, 1221 Metro Manila, Philippines",FALLBACK_FULL|GEOMETRIC_CENTER
Eastwood Excelsior,"Eastwood City, Quezon City, Metro Manila","Eastwood Excelsior, Eastwood City, Quezon City, Metro Manila, Philippines",eastwood excelsior eastwood city quezon city metro manila philippines,eastwood excelsior eastwood city quezon city metro manila philippines,,14.6094297,121.0789009,google,"18 Eastwood City, 1110, Metro, 1800 Eastwood Ave, Quezon City, 1800 Metro Manila, Philippines",CLEANED|ROOFTOP
Eastwood Global Plaza Luxury Residence,"Bagumbayan, Quezon City, Metro Manila","Eastwood Global Plaza Luxury Residence, Bagumbayan, Quezon City, Metro Manila, Philippines",eastwood global plaza luxury residence bagumbayan quezon city metro manila philippines,eastwood global plaza luxury residence bagumbayan quezon city metro manila philippines,,14.6074846,121.0815122,google,"Eastwood City, Eastwood Palm Tree Avenue, Bagumbayan, Quezon City, 1109 Metro Manila, Philippines",CLEANED|ROOFTOP
Eastwood Lafayette,"Eastwood City, Quezon City, Metro Manila","Eastwood Lafayette, Eastwood City, Quezon City, Metro Manila, Philippines",eastwood lafayette eastwood city quezon city metro manila philippines,eastwood lafayette eastwood city quezon city metro manila philippines,"Eastwood Lafayette, Eastwood City, Quezon City, Metro Manila, Philippines, Metro Manila, Philippines",,,,,
Eastwood LeGrand,"Bagumbayan, Quezon City, Metro Manila","Eastwood LeGrand, Bagumbayan, Quezon City, Metro Manila, Philippines",eastwood legrand bagumbayan quezon city metro manila philippines,eastwood legrand bagumbayan quezon city metro manila philippines,,14.6075776,121.0818933,google,"1, 1800 Economia Road, Quezon City, 1800 Metro Manila, Philippines",CLEANED|ROOFTOP
Eastwood Park Residences,"Eastwood City, Quezon City, Metro Manila","Eastwood Park Residences, Eastwood City, Quezon City, Metro Manila, Philippines",eastwood park residences eastwood city quezon city metro manila philippines,eastwood park residences eastwood city quezon city metro manila philippines,"Eastwood Park Residences, Eastwood City, Quezon City, Metro Manila, Philippines, Metro Manila, Philippines",,,,,
Eastwood Parkview,"Eastwood City, Quezon City, Metro Manila","Eastwood Parkview, Eastwood City, Quezon City, Metro Manila, Philippines",eastwood parkview eastwood city quezon city metro manila philippines,eastwood parkview eastwood city quezon city metro manila philippines,,14.61085,121.0801086,google,"East Cyber, 15 Orchard Rd, Quezon City, 1110 Metro Manila, Philippines",CLEANED|ROOFTOP
Echelon Tower,"Malate, Manila, Metro Manila","Echelon Tower, Malate, Manila, Metro Manila, Philippines",echelon tower malate manila metro manila philippines,echelon tower malate manila metro manila philippines,,14.5668258,120.9865825,google,"2100, 1004 A. Mabini St, Malate, Manila, 1004 Metro Manila, Philippines",CLEANED|ROOFTOP
Edades Suites,"Makati, Metro Manila","Edades Suites, Makati, Metro Manila, Philippines",edades suites makati metro manila philippines,edades suites makati metro manila philippines,,14.5663172,121.0352474,google,"Amorsolo Dr, Makati City, 1210 Metro Manila, Philippines",CLEANED|GEOMETRIC_CENTER
Edades Tower,"Rockwell, Makati, Metro Manila","Edades Tower, Rockwell, Makati, Metro Manila, Philippines",edades tower rockwell makati metro manila philippines,edades tower rockwell makati metro manila philippines,,14.5664278,121.0364517,google,"Amorsolo Drive, H28P+HHG, Rockwell Dr, Makati City, Metro Manila, Philippines",CLEANED|GEOMETRIC_CENTER
Eight Wack Wack,"Plainview, Mandaluyong, Metro Manila","Eight Wack Wack, Plainview, Mandaluyong, Metro Manila, Philippines",eight wack wack plainview mandaluyong metro manila philippines,eight wack wack plainview mandaluyong metro manila philippines,"Eight Wack Wack, Plainview, Mandaluyong, Metro Manila, Philippines, Metro Manila, Philippines",,,,,
El Jardin del Presidente,"South Triangle, Quezon City, Metro Manila","El Jardin del Presidente, South Triangle, Quezon City, Metro Manila, Philippines",el jardin del presidente south triangle quezon city metro manila philippines,el jardin del presidente south triangle quezon city metro manila philippines,"El Jardin del Presidente, South Triangle, Quezon City, Metro Manila, Philippines, Metro Manila, Philippines",,,,,
Elements Eco-Efficient Residences,"Kapitolyo, Pasig, Metro Manila","Elements Eco-Efficient Residences, Kapitolyo, Pasig, Metro Manila, Philippines",elements eco-efficient residences kapitolyo pasig metro manila philippines,elements eco-efficient residences kapitolyo pasig metro manila philippines,"Elements Eco-Efficient Residences, Kapitolyo, Pasig, Metro Manila, Philippines, Metro Manila, Philippines",,,,,
Elevé Homes Camarin,"Camarin, Caloocan, Metro Manila","Elevé Homes Camarin, Camarin, Caloocan, Metro Manila, Philippines",eleve homes camarin camarin caloocan metro manila philippines,eleve homes camarin camarin caloocan metro manila philippines,,14.7529347,121.0397486,google,"292 Camarin Rd, brgy 172, Caloocan, 1400 Metro Manila, Philippines",CLEANED|ROOFTOP
Elizabeth Place,"Bel-Air, Makati, Metro Manila","Elizabeth Place, Bel-Air, Makati, Metro Manila, Philippines",elizabeth place bel-air makati metro manila philippines,elizabeth place bel-air makati metro manila philippines,,14.5616881,121.0208173,google,"Elizabeth Place, 332 Sen. Gil J. Puyat Ave, Makati City, Metro Manila, Philippines",CLEANED|ROOFTOP
Eluria,"Legazpi Village, Makati, Metro Manila","Eluria, Legazpi Village, Makati, Metro Manila, Philippines",eluria legazpi village makati metro manila philippines,eluria legazpi village makati metro manila philippines,"Eluria, Legazpi Village, Makati, Metro Manila, Philippines, Metro Manila, Philippines",,,,,
Entrata Urban Complex,"Alabang, Muntinlupa, Metro Manila","Entrata Urban Complex, Alabang, Muntinlupa, Metro Manila, Philippines",entrata urban complex alabang muntinlupa metro manila philippines,entrata urban complex alabang muntinlupa metro manila philippines,"Entrata Urban Complex, Alabang, Muntinlupa, Metro Manila, Philippines, Metro Manila, Philippines",,,,,
Escala Salcedo,"Bel-Air, Makati, Metro Manila","Escala Salcedo, Bel-Air, Makati, Metro Manila, Philippines",escala salcedo bel-air makati metro manila philippines,escala salcedo bel-air makati metro manila philippines,,14.559459,121.023351,google,"Salcedo Village, 144 L.P. Leviste Street, Makati City, 1209 Metro Manila, Philippines",CLEANED|ROOFTOP
Escalades @20th Avenue,"San Roque, Quezon City, Metro Manila","Escalades @20th Avenue, San Roque, Quezon City, Metro Manila, Philippines",escalades @20th avenue san roque quezon city metro manila philippines,escalades @20th avenue san roque quezon city metro manila philippines,,14.6252291,121.0609035,google,"20th Ave, Cubao, Quezon City, 1100 Metro Manila, Philippines",CLEANED|GEOMETRIC_CENTER
Escalades East Tower,"Pasong Tamo, Quezon City, Metro Manila","Escalades East Tower, Pasong Tamo, Quezon City, Metro Manila, Philippines",escalades east tower pasong tamo quezon city metro manila philippines,escalades east tower pasong tamo quezon city metro manila philippines,"Escalades East Tower, Pasong Tamo, Quezon City, Metro Manila, Philippines, Metro Manila, Philippines",,,,,
Escalades South Metro,"Salapan, San Juan, Metro Manila","Escalades South Metro, Salapan, San Juan, Metro Manila, Philippines",escalades south metro salapan san juan metro manila philippines,escalades south metro salapan san juan metro manila philippines,"Escalades South Metro, Salapan, San Juan, Metro Manila, Philippines, Metro Manila, Philippines",,,,,
Escalades at 20th Avenue,"Pasong Tamo, Quezon City, Metro Manila","Escalades at 20th Avenue, Pasong Tamo, Quezon City, Metro Manila, Philippines",escalades at 20th avenue pasong tamo quezon city metro manila philippines,escalades at 20th avenue pasong tamo quezon city metro manila philippines,"Escalades at 20th Avenue, Pasong Tamo, Quezon City, Metro Manila, Philippines, Metro Manila, Philippines",,,,,
España Tower,"Sampaloc, Manila, Metro Manila","España Tower, Sampaloc, Manila, Metro Manila, Philippines",espana tower sampaloc manila metro manila philippines,espana tower sampaloc manila metro manila philippines,,14.6169553,120.9998761,google,"España Tower, Sampaloc, Manila, 1008 Metro Manila, Philippines",CLEANED|ROOFTOP
Essensa East Forbes,"Fort Bonifacio, Taguig, Metro Manila","Essensa East Forbes, Fort Bonifacio, Taguig, Metro Manila, Philippines",essensa east forbes fort bonifacio bonifacio taguig metro manila philippines,essensa east forbes fort bonifacio bonifacio taguig metro manila philippines,"Essensa East Forbes, Fort Bonifacio, Taguig, Metro Manila, Philippines, Metro Manila, Philippines",,,,,
Essensa Towers,"BGC, Taguig, Metro Manila","Essensa Towers, BGC, Taguig, Metro Manila, Philippines",essensa towers bonifacio global city taguig metro manila philippines,essensa towers bonifacio global city taguig metro manila philippines,"Essensa Towers, BGC, Taguig, Metro Manila, Philippines, Metro Manila, Philippines",,,,,
Eton Baypark Manila,"Tondo, Manila, Metro Manila","Eton Baypark Manila, Tondo, Manila, Metro Manila, Philippines",eton baypark manila tondo manila metro manila philippines,eton baypark manila tondo manila metro manila philippines,,14.5798051,120.9778181,google,"Eton Baypark Manila, Roxas Blvd, Ermita, Manila, 1000 Metro Manila, Philippines",CLEANED|ROOFTOP
Eton Parkview Greenbelt,"Bangkal, Makati, Metro Manila","Eton Parkview Greenbelt, Bangkal, Makati, Metro Manila, Philippines",eton parkview greenbelt bangkal makati metro manila philippines,eton parkview greenbelt bangkal makati metro manila philippines,"Eton Parkview Greenbelt, Bangkal, Makati, Metro Manila, Philippines, Metro Manila, Philippines",,,,,
Eton Residences Greenbelt,"San Lorenzo, Makati, Metro Manila","Eton Residences Greenbelt, San Lorenzo, Makati, Metro Manila, Philippines",eton residences greenbelt san lorenzo makati metro manila philippines,eton residences greenbelt san lorenzo makati metro manila philippines,,14.553936,121.0203846,google,"The Eton Residences Greenbelt, Legazpi Street, Legazpi Village, Makati City, Metro Manila, Philippines",CLEANED|ROOFTOP
Eton Tower Makati,"Legazpi Village, Makati, Metro Manila","Eton Tower Makati, Legazpi Village, Makati, Metro Manila, Philippines",eton tower makati legazpi village makati metro manila philippines,eton tower makati legazpi village makati metro manila philippines,,14.5575903,121.0180551,google,"Eton Tower Makati, Legazpi Village, Makati City, Metro Manila, Philippines",CLEANED|ROOFTOP
F1 City Center,"Fort Bonifacio, Taguig, Metro Manila","F1 City Center, Fort Bonifacio, Taguig, Metro Manila, Philippines",f1 city center fort bonifacio bonifacio taguig metro manila philippines,f1 city center fort bonifacio bonifacio taguig metro manila philippines,"F1 City Center, Fort Bonifacio, Taguig, Metro Manila, Philippines, Metro Manila, Philippines",,,,,
Fairlane Residences,"Kapitolyo, Pasig, Metro Manila","Fairlane Residences, Kapitolyo, Pasig, Metro Manila, Philippines",fairlane kapitolyo pasig metro manila philippines,fairlane kapitolyo pasig metro manila philippines,,14.5694776,121.0540739,google,"Fairlane, Pasig, Metro Manila, Philippines",CLEANED|GEOMETRIC_CENTER
Fairway Tarraces,"Villamor Airbase, Pasay, Metro Manila","Fairway Tarraces, Villamor Airbase, Pasay, Metro Manila, Philippines",fairway tarraces villamor airbase pasay metro manila philippines,fairway tarraces villamor airbase pasay metro manila philippines,"Fairway Tarraces, Villamor Airbase, Pasay, Metro Manila, Philippines, Metro Manila, Philippines",,,,,
Fairway Terraces,"Barangay 97, Pasay, Metro Manila","Fairway Terraces, Barangay 97, Pasay, Metro Manila, Philippines",fairway terraces barangay 97 pasay metro manila philippines,fairway terraces barangay 97 pasay metro manila philippines,"Fairway Terraces, Barangay 97, Pasay, Metro Manila, Philippines, Metro Manila, Philippines",,,,,
Fairways Tower,"BGC, Taguig, Metro Manila","Fairways Tower, BGC, Taguig, Metro Manila, Philippines",fairways tower bonifacio global city taguig metro manila philippines,fairways tower bonifacio global city taguig metro manila philippines,"Fairways Tower, BGC, Taguig, Metro Manila, Philippines, Metro Manila, Philippines",,,,,
Fame Residences,"Highway Hills, Mandaluyong, Metro Manila","Fame Residences, Highway Hills, Mandaluyong, Metro Manila, Philippines",fame highway hills mandaluyong metro manila philippines,fame highway hills mandaluyong metro manila philippines,,14.5774232,121.0523664,google,"H3G2+XW9, Mandaluyong City, Metro Manila, Philippines",CLEANED|GEOMETRIC_CENTER
Fern at Grass Residences,"Quezon City, Metro Manila","Fern at Grass Residences, Quezon City, Metro Manila, Philippines",fern at grass residences quezon city metro manila philippines,fern at grass residences quezon city metro manila philippines,,14.6590376,121.0274589,google,"Sm North Edsa Nueva Vizcaya, Bago Bantay, Quezon City, Metro Manila, Philippines",CLEANED|GEOMETRIC_CENTER
Field Residences,"San Dionisio, Parañaque, Metro Manila","Field Residences, San Dionisio, Parañaque, Metro Manila, Philippines",field residences san dionisio paranaque metro manila philippines,field residences san dionisio paranaque metro manila philippines,,14.4813862,120.9928326,google,"5 Tower 4, 6 Dr Arcadio Santos Ave, Parañaque, 1700 Metro Manila, Philippines",CLEANED|ROOFTOP
Fifth Avenue Place,"BGC, Taguig, Metro Manila","Fifth Avenue Place, BGC, Taguig, Metro Manila, Philippines",fifth avenue place bonifacio global city taguig metro manila philippines,fifth avenue place bonifacio global city taguig metro manila philippines,,14.5426666,121.0464309,google,"5th Ave, Taguig, Metro Manila, Philippines",CLEANED|GEOMETRIC_CENTER
Flair Towers,"Highway Hills, Mandaluyong, Metro Manila","Flair Towers, Highway Hills, Mandaluyong, Metro Manila, Philippines",flair highway hills mandaluyong metro manila philippines,flair highway hills mandaluyong metro manila philippines,,14.5751783,121.0516097,google,"Reliance, H3G2+3JH, Pines, Mandaluyong City, 1550 Metro Manila, Philippines",CLEANED|GEOMETRIC_CENTER
Flora Vista,"Commonwealth, Quezon City, Metro Manila","Flora Vista, Commonwealth, Quezon City, Metro Manila, Philippines",flora vista commonwealth quezon city metro manila philippines,flora vista commonwealth quezon city metro manila philippines,,14.7035541,121.0748509,google,"345 Peacock Street, East Fairview, Quezon City, 1118 Metro Manila, Philippines",CLEANED|ROOFTOP
Forbes Tower Condominium,"Bel-Air, Makati, Metro Manila","Forbes Tower Condominium, Bel-Air, Makati, Metro Manila, Philippines",forbes tower condominium bel-air makati metro manila philippines,forbes tower condominium bel-air makati metro manila philippines,,14.559814,121.0256452,google,"Forbes Tower Condominium, 168 Valero, Makati City, Metro Manila, Philippines",CLEANED|ROOFTOP
Forbestown Place at The Fort BGC,"Fort Bonifacio, Taguig, Metro Manila","Forbestown Place at The Fort BGC, Fort Bonifacio, Taguig, Metro Manila, Philippines",forbestown place at the fort bonifacio bonifacio global city fort bonifacio bonifacio taguig metro manila philippines,forbestown place at the fort bonifacio bonifacio global city fort bonifacio bonifacio taguig metro manila philippines,"Forbestown Place at The Fort BGC, Fort Bonifacio, Taguig, Metro Manila, Philippines, Metro Manila, Philippines",,,,,
Forbeswood Heights,"Bagong Tanyag, Taguig, Metro Manila","Forbeswood Heights, Bagong Tanyag, Taguig, Metro Manila, Philippines",forbeswood heights bagong tanyag taguig metro manila philippines,forbeswood heights bagong tanyag taguig metro manila philippines,"Forbeswood Heights, Bagong Tanyag, Taguig, Metro Manila, Philippines, Metro Manila, Philippines",,,,,
Forbeswood Parklane,"Fort Bonifacio, Taguig, Metro Manila","Forbeswood Parklane, Fort Bonifacio, Taguig, Metro Manila, Philippines",forbeswood parklane fort bonifacio bonifacio taguig metro manila philippines,forbeswood parklane fort bonifacio bonifacio taguig metro manila philippines,"Forbeswood Parklane, Fort Bonifacio, Taguig, Metro Manila, Philippines, Metro Manila, Philippines",,,,,
Fort Palm Spring,"Bagong Tanyag, Taguig, Metro Manila","Fort Palm Spring, Bagong Tanyag, Taguig, Metro Manila, Philippines",fort bonifacio palm spring bagong tanyag taguig metro manila philippines,fort bonifacio palm spring bagong tanyag taguig metro manila philippines,"Fort Palm Spring, Bagong Tanyag, Taguig, Metro Manila, Philippines, Metro Manila, Philippines",,,,,
Fort Victoria,"BGC, Taguig, Metro Manila","Fort Victoria, BGC, Taguig, Metro Manila, Philippines",fort bonifacio victoria bonifacio global city taguig metro manila philippines,fort bonifacio victoria bonifacio global city taguig metro manila philippines,"Fort Victoria, BGC, Taguig, Metro Manila, Philippines, Metro Manila, Philippines",14.5469102,121.0457164,google,"5th Ave, corner 23rd St, Makati City, 1634 Metro Manila, Philippines",FALLBACK_FULL|ROOFTOP
Fortis Residences,"Bangkal, Makati, Metro Manila","Fortis Residences, Bangkal, Makati, Metro Manila, Philippines",fortis residences bangkal makati metro manila philippines,fortis residences bangkal makati metro manila philippines,,14.5424841,121.0168226,google,"1233, 2250 Chino Roces Ave, Makati City, 1233 Metro Manila, Philippines",CLEANED|ROOFTOP
Fortune Hill,"Addition Hills, San Juan, Metro Manila","Fortune Hill, Addition Hills, San Juan, Metro Manila, Philippines",fortune hill addition hills san juan metro manila philippines,fortune hill addition hills san juan metro manila philippines,,14.5933873,121.0387956,google,"Fortune Hill, P. Gomez, San Juan City, Metro Manila, Philippines",CLEANED|GEOMETRIC_CENTER
Fountain Breeze,"Tondo, Manila, Metro Manila","Fountain Breeze, Tondo, Manila, Metro Manila, Philippines",fountain breeze tondo manila metro manila philippines,fountain breeze tondo manila metro manila philippines,"Fountain Breeze, Tondo, Manila, Metro Manila, Philippines, Metro Manila, Philippines",,,,,
Four Season Riviera,"Binondo, Manila, Metro Manila","Four Season Riviera, Binondo, Manila, Metro Manila, Philippines",four season riviera binondo manila metro manila philippines,four season riviera binondo manila metro manila philippines,,14.5964609,120.9731022,google,"Muelle De La Industria corner Prensa Street and, Numancia St, Binondo, Manila, 1010 Metro Manila, Philippines",CLEANED|GEOMETRIC_CENTER
Four Seasons Riviera,"Binondo, Manila, Metro Manila","Four Seasons Riviera, Binondo, Manila, Metro Manila, Philippines",four seasons riviera binondo manila metro manila philippines,four seasons riviera binondo manila metro manila philippines,,14.5964609,120.9731022,google,"Muelle De La Industria corner Prensa Street and, Numancia St, Binondo, Manila, 1010 Metro Manila, Philippines",CLEANED|GEOMETRIC_CENTER
Francesca Tower 2,"Ramon Magsaysay, Quezon City, Metro Manila","Francesca Tower 2, Ramon Magsaysay, Quezon City, Metro Manila, Philippines",francesca 2 ramon magsaysay quezon city metro manila philippines,francesca 2 ramon magsaysay quezon city metro manila philippines,"Francesca Tower 2, Ramon Magsaysay, Quezon City, Metro Manila, Philippines, Metro Manila, Philippines",,,,,
Fraser Place Manila,"Bangkal, Makati, Metro Manila","Fraser Place Manila, Bangkal, Makati, Metro Manila, Philippines",fraser place manila bangkal makati metro manila philippines,fraser place manila bangkal makati metro manila philippines,"Fraser Place Manila, Bangkal, Makati, Metro Manila, Philippines, Metro Manila, Philippines",,,,,
Futura Centro,"Santa Mesa, Manila, Metro Manila","Futura Centro, Santa Mesa, Manila, Metro Manila, Philippines",futura centro santa mesa manila metro manila philippines,futura centro santa mesa manila metro manila philippines,,14.596283,121.0125141,google,"Anonas, Santa Mesa, Manila, 1008 Kalakhang Maynila, Philippines",CLEANED|GEOMETRIC_CENTER
Future Point Plaza,"Diliman, Quezon City, Metro Manila","Future Point Plaza, Diliman, Quezon City, Metro Manila, Philippines",future point plaza diliman quezon city metro manila philippines,future point plaza diliman quezon city metro manila philippines,,14.6395892,121.0318927,google,"Future Point Plaza III, Panay Ave, Diliman, Quezon City, 1103 Metro Manila, Philippines",CLEANED|ROOFTOP
GA Tower,"Malamig, Mandaluyong, Metro Manila","GA Tower, Malamig, Mandaluyong, Metro Manila, Philippines",ga tower malamig mandaluyong metro manila philippines,ga tower malamig mandaluyong metro manila philippines,"GA Tower, Malamig, Mandaluyong, Metro Manila, Philippines, Metro Manila, Philippines",,,,,
GA Tower Two,"Addition Hills, Mandaluyong, Metro Manila","GA Tower Two, Addition Hills, Mandaluyong, Metro Manila, Philippines",ga tower two addition hills mandaluyong metro manila philippines,ga tower two addition hills mandaluyong metro manila philippines,"GA Tower Two, Addition Hills, Mandaluyong, Metro Manila, Philippines, Metro Manila, Philippines",,,,,
GATEWAY GARDEN HEIGHTS (GGH),"Quiapo, Manila, Metro Manila","GATEWAY GARDEN HEIGHTS (GGH), Quiapo, Manila, Metro Manila, Philippines",gateway garden heights (ggh) quiapo manila metro manila philippines,gateway garden heights (ggh) quiapo manila metro manila philippines,,14.5705462,121.0487839,google,"Gateway Garden Heights, Mandaluyong City, 1550 Metro Manila, Philippines",CLEANED|ROOFTOP
GOLFHILL GARDENS,"Ramon Magsaysay, Quezon City, Metro Manila","GOLFHILL GARDENS, Ramon Magsaysay, Quezon City, Metro Manila, Philippines",golfhill gardens ramon magsaysay quezon city metro manila philippines,golfhill gardens ramon magsaysay quezon city metro manila philippines,"GOLFHILL GARDENS, Ramon Magsaysay, Quezon City, Metro Manila, Philippines, Metro Manila, Philippines",,,,,
GRAND HYATT RESIDENCES,"BGC, Taguig, Metro Manila","GRAND HYATT RESIDENCES, BGC, Taguig, Metro Manila, Philippines",grand hyatt residences bonifacio global city taguig metro manila philippines,grand hyatt residences bonifacio global city taguig metro manila philippines,,14.5575286,121.052148,google,"North Bonifacio District, 8th Avenue, corner 36th St, Makati City, 1637 Metro Manila, Philippines",CLEANED|ROOFTOP
Galeria de Magallanes,"Makati, Metro Manila","Galeria de Magallanes, Makati, Metro Manila, Philippines",galeria de magallanes makati metro manila philippines,galeria de magallanes makati metro manila philippines,,14.5328751,121.019986,google,"G2M9+5X5, Makati City, Metro Manila, Philippines",CLEANED|GEOMETRIC_CENTER
Galleria Regency,"San Antonio, Pasig, Metro Manila","Galleria Regency, San Antonio, Pasig, Metro Manila, Philippines",galleria regency san antonio pasig metro manila philippines,galleria regency san antonio pasig metro manila philippines,,14.5905502,121.0608561,google,"ADB Ave, H3R6+68H, Ortigas Ave, Ortigas Center, Quezon City, Metro Manila, Philippines",CLEANED|GEOMETRIC_CENTER
Garden Court,"Western Bicutan, Taguig, Metro Manila","Garden Court, Western Bicutan, Taguig, Metro Manila, Philippines",garden court western bicutan taguig metro manila philippines,garden court western bicutan taguig metro manila philippines,,14.5042267,121.0452082,google,"ARCA South, E Union Dr, Taguig, 1630 Metro Manila, Philippines",CLEANED|ROOFTOP
Garden Towers,"San Lorenzo, Makati, Metro Manila","Garden Towers, San Lorenzo, Makati, Metro Manila, Philippines",garden towers san lorenzo makati metro manila philippines,garden towers san lorenzo makati metro manila philippines,,14.5494582,121.0249072,google,"Ayala Center, East St, Makati City, 1224 Metro Manila, Philippines",CLEANED|ROOFTOP
Gardencourt Residences,"Taguig, Metro Manila","Gardencourt Residences, Taguig, Metro Manila, Philippines",gardencourt residences taguig metro manila philippines,gardencourt residences taguig metro manila philippines,,14.5042267,121.0452082,google,"ARCA South, E Union Dr, Taguig, 1630 Metro Manila, Philippines",CLEANED|ROOFTOP
Gardencourt Residences at Arca South,"Taguig, Metro Manila","Gardencourt Residences at Arca South, Taguig, Metro Manila, Philippines",gardencourt residences at arca south taguig metro manila philippines,gardencourt residences at arca south taguig metro manila philippines,,14.5042267,121.0452082,google,"ARCA South, E Union Dr, Taguig, 1630 Metro Manila, Philippines",CLEANED|ROOFTOP
Gateway Garden Heights,"Barangka Ilaya, Mandaluyong, Metro Manila","Gateway Garden Heights, Barangka Ilaya, Mandaluyong, Metro Manila, Philippines",gateway garden heights barangka ilaya mandaluyong metro manila philippines,gateway garden heights barangka ilaya mandaluyong metro manila philippines,,14.5705462,121.0487839,google,"Gateway Garden Heights, Mandaluyong City, 1550 Metro Manila, Philippines",CLEANED|ROOFTOP
Gateway Garden Ridge,"Plainview, Mandaluyong, Metro Manila","Gateway Garden Ridge, Plainview, Mandaluyong, Metro Manila, Philippines",gateway garden ridge plainview mandaluyong metro manila philippines,gateway garden ridge plainview mandaluyong metro manila philippines,,14.5794443,121.0359174,google,"H2HP+Q9F, Mandaluyong City, Metro Manila, Philippines",CLEANED|GEOMETRIC_CENTER
Gateway Regency,"Barangka Ilaya, Mandaluyong, Metro Manila","Gateway Regency, Barangka Ilaya, Mandaluyong, Metro Manila, Philippines",gateway regency barangka ilaya mandaluyong metro manila philippines,gateway regency barangka ilaya mandaluyong metro manila philippines,,14.5708583,121.0494109,google,"Gateway Regency, Pioneer St, Mandaluyong City, Metro Manila, Philippines",CLEANED|ROOFTOP
Gateway Regency Studios,"Barangka Ilaya, Mandaluyong, Metro Manila","Gateway Regency Studios, Barangka Ilaya, Mandaluyong, Metro Manila, Philippines",gateway regency studios barangka ilaya mandaluyong metro manila philippines,gateway regency studios barangka ilaya mandaluyong metro manila philippines,,14.5703125,121.0490625,google,"H2CX+4JG, Pioneer St, Mandaluyong City, 1550 Metro Manila, Philippines",CLEANED|GEOMETRIC_CENTER
Gem Residences,"Ugong, Pasig, Metro Manila","Gem Residences, Ugong, Pasig, Metro Manila, Philippines",gem residences ugong pasig metro manila philippines,gem residences ugong pasig metro manila philippines,,14.5815288,121.0763385,google,"Pasig, Metro Manila, Philippines",CLEANED|GEOMETRIC_CENTER
Gentry Manor,"Tambo, Parañaque, Metro Manila","Gentry Manor, Tambo, Parañaque, Metro Manila, Philippines",gentry manor tambo paranaque metro manila philippines,gentry manor tambo paranaque metro manila philippines,,14.5151748,120.9842143,google,"GX8M+3M8, New Seaside Dr, Parañaque, Metro Manila, Philippines",CLEANED|GEOMETRIC_CENTER
Gilmore Tower,"New Manila, Quezon City, Metro Manila","Gilmore Tower, New Manila, Quezon City, Metro Manila, Philippines",gilmore tower new manila quezon city metro manila philippines,gilmore tower new manila quezon city metro manila philippines,,14.6119108,121.0360502,google,"2 Gilmore Ave, Quezon City, 1112 Metro Manila, Philippines",CLEANED|ROOFTOP
Glam Residences,"South Triangle, Quezon City, Metro Manila","Glam Residences, South Triangle, Quezon City, Metro Manila, Philippines",glam residences south triangle quezon city metro manila philippines,glam residences south triangle quezon city metro manila philippines,,14.634881,121.0423566,google,"1103 Samar Ave, Diliman, Quezon City, 1103 Metro Manila, Philippines",CLEANED|ROOFTOP
Gold Residences,"Santo Niño, Parañaque, Metro Manila","Gold Residences, Santo Niño, Parañaque, Metro Manila, Philippines",gold residences santo nino paranaque metro manila philippines,gold residences santo nino paranaque metro manila philippines,,14.5056016,121.0002073,google,"Gold City, Naia Road, Ninoy Aquino Ave, Pasay City, 1704 Metro Manila, Philippines",CLEANED|ROOFTOP
Goldland Millenia Suites,"Greenhills, San Juan, Metro Manila","Goldland Millenia Suites, Greenhills, San Juan, Metro Manila, Philippines",goldland millenia suites greenhills san juan metro manila philippines,goldland millenia suites greenhills san juan metro manila philippines,"Goldland Millenia Suites, Greenhills, San Juan, Metro Manila, Philippines, Metro Manila, Philippines",,,,,
Goldland Plaza,"Greenhills, San Juan, Metro Manila","Goldland Plaza, Greenhills, San Juan, Metro Manila, Philippines",goldland plaza greenhills san juan metro manila philippines,goldland plaza greenhills san juan metro manila philippines,,14.602389,121.0464229,google,"J22W+XH3, San Juan City, Metro Manila, Philippines",CLEANED|GEOMETRIC_CENTER
Goldland Tower,"Greenhills, San Juan, Metro Manila","Goldland Tower, Greenhills, San Juan, Metro Manila, Philippines",goldland tower greenhills san juan metro manila philippines,goldland tower greenhills san juan metro manila philippines,,14.6046402,121.0494109,google,"Goldland Tower, Rd 11, San Juan City, Metro Manila, Philippines",CLEANED|ROOFTOP
Golf Hill Terraces,"Matandang Balara, Quezon City, Metro Manila","Golf Hill Terraces, Matandang Balara, Quezon City, Metro Manila, Philippines",golf hill terraces matandang balara quezon city metro manila philippines,golf hill terraces matandang balara quezon city metro manila philippines,,14.6667008,121.0827735,google,"Golf Hill Terraces, Quezon City, Metro Manila, Philippines",CLEANED|ROOFTOP
Governor's Place,"Shaw Boulevard, Mandaluyong, Metro Manila","Governor's Place, Shaw Boulevard, Mandaluyong, Metro Manila, Philippines",governor's place shaw boulevard mandaluyong metro manila philippines,governor's place shaw boulevard mandaluyong metro manila philippines,,14.5858159,121.0480523,google,"562 Shaw Blvd, Mandaluyong City, Metro Manila, Philippines",CLEANED|ROOFTOP
Grace Residences,"Bagong Tanyag, Taguig, Metro Manila","Grace Residences, Bagong Tanyag, Taguig, Metro Manila, Philippines",grace residences bagong tanyag taguig metro manila philippines,grace residences bagong tanyag taguig metro manila philippines,"Grace Residences, Bagong Tanyag, Taguig, Metro Manila, Philippines, Metro Manila, Philippines",,,,,
Grand Central Park,"Fort Bonifacio, Taguig, Metro Manila","Grand Central Park, Fort Bonifacio, Taguig, Metro Manila, Philippines",grand central park fort bonifacio bonifacio taguig metro manila philippines,grand central park fort bonifacio bonifacio taguig metro manila philippines,,14.5588405,121.0516049,google,"North Bonifacio District, Makati City, 1637 Metro Manila, Philippines",CLEANED|GEOMETRIC_CENTER
Grand Central Residences Tower I,"Highway Hills, Mandaluyong, Metro Manila","Grand Central Residences Tower I, Highway Hills, Mandaluyong, Metro Manila, Philippines",grand central i highway hills mandaluyong metro manila philippines,grand central i highway hills mandaluyong metro manila philippines,"Grand Central Residences Tower I, Highway Hills, Mandaluyong, Metro Manila, Philippines, Metro Manila, Philippines",14.5808956,121.0528154,google,"EDSA cor. Sultan Rd., Sultan Rd 1, Mandaluyong City, Kalakhang Maynila, Philippines",FALLBACK_FULL|ROOFTOP
Grand Emerald Tower,"San Antonio, Pasig, Metro Manila","Grand Emerald Tower, San Antonio, Pasig, Metro Manila, Philippines",grand emerald tower san antonio pasig metro manila philippines,grand emerald tower san antonio pasig metro manila philippines,,14.5884986,121.0614232,google,"Grand Emerald Tower F. Ortigas Jr, Corner Garnet Rd, Ortigas Center, Pasig, 1605 Metro Manila, Philippines",CLEANED|ROOFTOP
Grand Hamptons,"Taguig, Metro Manila","Grand Hamptons, Taguig, Metro Manila, Philippines",grand hamptons taguig metro manila philippines,grand hamptons taguig metro manila philippines,,14.5544018,121.0441006,google,"H23V+QJ9, 1st Ave, Makati City, 1634 Metro Manila, Philippines",CLEANED|GEOMETRIC_CENTER
Grand Hyatt Manila Residences,"BGC, Taguig, Metro Manila","Grand Hyatt Manila Residences, BGC, Taguig, Metro Manila, Philippines",grand hyatt manila residences bonifacio global city taguig metro manila philippines,grand hyatt manila residences bonifacio global city taguig metro manila philippines,,14.5575286,121.052148,google,"North Bonifacio District, 8th Avenue, corner 36th St, Makati City, 1637 Metro Manila, Philippines",CLEANED|ROOFTOP
Grand Mesa Residences,"Fairview, Quezon City, Metro Manila","Grand Mesa Residences, Fairview, Quezon City, Metro Manila, Philippines",grand mesa residences fairview quezon city metro manila philippines,grand mesa residences fairview quezon city metro manila philippines,,14.707315,121.0734253,google,"P34F+W9F, Quezon City, Metro Manila, Philippines",CLEANED|GEOMETRIC_CENTER
Grand Residences España 2,"Manila, Metro Manila","Grand Residences España 2, Manila, Metro Manila, Philippines",grand espana 2 manila metro manila philippines,grand espana 2 manila metro manila philippines,,14.6104426,120.9924071,google,"2F, Grand Residences, 958 Lacson Ave, Sampaloc, Manila, 1008 Metro Manila, Philippines",CLEANED|ROOFTOP
Grand Riviera Suites,"Ermita, Manila, Metro Manila","Grand Riviera Suites, Ermita, Manila, Metro Manila, Philippines",grand riviera suites ermita manila metro manila philippines,grand riviera suites ermita manila metro manila philippines,,14.576666,120.9796555,google,"Grand Riviera Suites, Padre Faura St, Ermita, Manila, 1000 Metro Manila, Philippines",CLEANED|ROOFTOP
Grand Soho Makati,"Bel-Air, Makati, Metro Manila","Grand Soho Makati, Bel-Air, Makati, Metro Manila, Philippines",grand soho makati bel-air makati metro manila philippines,grand soho makati bel-air makati metro manila philippines,,14.5617893,121.0231165,google,"Manila, Salcedo Village, Makati City, Metro Manila, Philippines",CLEANED|ROOFTOP
Grand Tower,"Malate, Manila, Metro Manila","Grand Tower, Malate, Manila, Metro Manila, Philippines",grand tower malate manila metro manila philippines,grand tower malate manila metro manila philippines,,14.5617489,120.9942766,google,"The Grand Tower, 719 P.Ocampo St., Malate, Manila, 1004 Metro Manila, Philippines",CLEANED|ROOFTOP
Grass Residences,"Alicia, Quezon City, Metro Manila","Grass Residences, Alicia, Quezon City, Metro Manila, Philippines",grass residences alicia quezon city metro manila philippines,grass residences alicia quezon city metro manila philippines,,14.6603303,121.0281954,google,"The Grass Residences, Bago Bantay, Quezon City, Metro Manila, Philippines",CLEANED|GEOMETRIC_CENTER
Green Residences,"Malate, Manila, Metro Manila","Green Residences, Malate, Manila, Metro Manila, Philippines",green residences malate manila metro manila philippines,green residences malate manila metro manila philippines,,14.5678088,120.9925388,google,"2241 Taft Ave, Malate, Manila, 1000 Metro Manila, Philippines",CLEANED|ROOFTOP
Greenbelt Chancellor,"San Lorenzo, Makati, Metro Manila","Greenbelt Chancellor, San Lorenzo, Makati, Metro Manila, Philippines",greenbelt chancellor san lorenzo makati metro manila philippines,greenbelt chancellor san lorenzo makati metro manila philippines,,14.5552203,121.0182343,google,"112 Rada, Legazpi Village, Makati City, 1229 Metro Manila, Philippines",CLEANED|ROOFTOP
Greenbelt Excelsior,"Legazpi Village, Makati, Metro Manila","Greenbelt Excelsior, Legazpi Village, Makati, Metro Manila, Philippines",greenbelt excelsior legazpi village makati metro manila philippines,greenbelt excelsior legazpi village makati metro manila philippines,,14.5557358,121.0191303,google,"Greenbelt Excelsior, 105 Don Carlos Palanca, Legazpi Village, Makati City, 1229 Metro Manila, Philippines",CLEANED|ROOFTOP
Greenbelt Hamilton,"Legazpi Village, Makati, Metro Manila","Greenbelt Hamilton, Legazpi Village, Makati, Metro Manila, Philippines",greenbelt hamilton legazpi village makati metro manila philippines,greenbelt hamilton legazpi village makati metro manila philippines,"Greenbelt Hamilton, Legazpi Village, Makati, Metro Manila, Philippines, Metro Manila, Philippines",,,,,
Greenbelt Hamilton 2,"San Lorenzo, Makati, Metro Manila","Greenbelt Hamilton 2, San Lorenzo, Makati, Metro Manila, Philippines",greenbelt hamilton 2 san lorenzo makati metro manila philippines,greenbelt hamilton 2 san lorenzo makati metro manila philippines,"Greenbelt Hamilton 2, San Lorenzo, Makati, Metro Manila, Philippines, Metro Manila, Philippines",,,,,
Greenbelt Hamilton Tower 2,"San Lorenzo, Makati, Metro Manila","Greenbelt Hamilton Tower 2, San Lorenzo, Makati, Metro Manila, Philippines",greenbelt hamilton 2 san lorenzo makati metro manila philippines,greenbelt hamilton 2 san lorenzo makati metro manila philippines,"Greenbelt Hamilton Tower 2, San Lorenzo, Makati, Metro Manila, Philippines, Metro Manila, Philippines",14.5560862,121.0162585,google,"147, 149 Legazpi Street, Legazpi Village, Makati, 1229 Kalakhang Maynila, Philippines",FALLBACK_FULL|ROOFTOP
Greenbelt Hamilton Two,"Bangkal, Makati, Metro Manila","Greenbelt Hamilton Two, Bangkal, Makati, Metro Manila, Philippines",greenbelt hamilton two bangkal makati metro manila philippines,greenbelt hamilton two bangkal makati metro manila philippines,"Greenbelt Hamilton Two, Bangkal, Makati, Metro Manila, Philippines, Metro Manila, Philippines",,,,,
Greenbelt Madison,"Legazpi Village, Makati, Metro Manila","Greenbelt Madison, Legazpi Village, Makati, Metro Manila, Philippines",greenbelt madison legazpi village makati metro manila philippines,greenbelt madison legazpi village makati metro manila philippines,"Greenbelt Madison, Legazpi Village, Makati, Metro Manila, Philippines, Metro Manila, Philippines",,,,,
Greenbelt Parkplace,"Urdaneta, Makati, Metro Manila","Greenbelt Parkplace, Urdaneta, Makati, Metro Manila, Philippines",greenbelt parkplace urdaneta makati metro manila philippines,greenbelt parkplace urdaneta makati metro manila philippines,"Greenbelt Parkplace, Urdaneta, Makati, Metro Manila, Philippines, Metro Manila, Philippines",,,,,
Greenbelt Radissons,"Legazpi Village, Makati, Metro Manila","Greenbelt Radissons, Legazpi Village, Makati, Metro Manila, Philippines",greenbelt radissons legazpi village makati metro manila philippines,greenbelt radissons legazpi village makati metro manila philippines,,14.5526343,121.0175264,google,"Greenbelt Radissons, 106 Aguirre, Legazpi Village, Makati City, 1229 Metro Manila, Philippines",CLEANED|ROOFTOP
Greenhills Court,"Greenhills, San Juan, Metro Manila","Greenhills Court, Greenhills, San Juan, Metro Manila, Philippines",greenhills court greenhills san juan metro manila philippines,greenhills court greenhills san juan metro manila philippines,,14.6051269,121.0538001,google,"Greenhills Court, San Juan City, Metro Manila, Philippines",CLEANED|ROOFTOP
Greenhills Garden Square,"Bagong Lipunan Ng Crame, Quezon City, Metro Manila","Greenhills Garden Square, Bagong Lipunan Ng Crame, Quezon City, Metro Manila, Philippines",greenhills garden square bagong lipunan ng crame quezon city metro manila philippines,greenhills garden square bagong lipunan ng crame quezon city metro manila philippines,"Greenhills Garden Square, Bagong Lipunan Ng Crame, Quezon City, Metro Manila, Philippines, Metro Manila, Philippines",,,,,
Greenhills Heights,"Pedro Cruz, San Juan, Metro Manila","Greenhills Heights, Pedro Cruz, San Juan, Metro Manila, Philippines",greenhills heights pedro cruz san juan metro manila philippines,greenhills heights pedro cruz san juan metro manila philippines,,14.6054799,121.0278871,google,"136 Pinaglabanan, San Juan City, 1500 Metro Manila, Philippines",CLEANED|ROOFTOP
Hacienda Balai,"Barangay 177, Quezon City, Metro Manila","Hacienda Balai, Barangay 177, Quezon City, Metro Manila, Philippines",hacienda balai barangay 177 quezon city metro manila philippines,hacienda balai barangay 177 quezon city metro manila philippines,"Hacienda Balai, Barangay 177, Quezon City, Metro Manila, Philippines, Metro Manila, Philippines",,,,,
Hampton Gardens,"Bagong Ilog, Pasig, Metro Manila","Hampton Gardens, Bagong Ilog, Pasig, Metro Manila, Philippines",hampton gardens bagong ilog pasig metro manila philippines,hampton gardens bagong ilog pasig metro manila philippines,"Hampton Gardens, Bagong Ilog, Pasig, Metro Manila, Philippines, Metro Manila, Philippines",,,,,
Haraya Residences,"Project 4, Quezon City, Metro Manila","Haraya Residences, Project 4, Quezon City, Metro Manila, Philippines",haraya project 4 quezon city metro manila philippines,haraya project 4 quezon city metro manila philippines,,14.5945332,121.0831124,google,"Riverside Drive, cor Bridgetowne Blvd, Pasig, 1609 Metro Manila, Philippines",CLEANED|ROOFTOP
Harbour Park Residences,"Vergara, Mandaluyong, Metro Manila","Harbour Park Residences, Vergara, Mandaluyong, Metro Manila, Philippines",harbour park residences vergara mandaluyong metro manila philippines,harbour park residences vergara mandaluyong metro manila philippines,,14.5761753,121.0243679,google,"530 J.P. Rizal, Mandaluyong City, 1551 Metro Manila, Philippines",CLEANED|ROOFTOP
Hawthorne Heights,"Loyola Heights, Quezon City, Metro Manila","Hawthorne Heights, Loyola Heights, Quezon City, Metro Manila, Philippines",hawthorne heights loyola heights quezon city metro manila philippines,hawthorne heights loyola heights quezon city metro manila philippines,,14.6329749,121.0739748,google,"267 Katipunan Ave, Quezon City, 1108 Metro Manila, Philippines",CLEANED|ROOFTOP
Heart Tower,"Bel-Air, Makati, Metro Manila","Heart Tower, Bel-Air, Makati, Metro Manila, Philippines",heart tower bel-air makati metro manila philippines,heart tower bel-air makati metro manila philippines,,14.559985,121.018663,google,"Salcedo Village, 108 Valero, Makati City, 1200 Metro Manila, Philippines",CLEANED|ROOFTOP
Heritage Homes Marilao,"Bagong Silang, Caloocan, Metro Manila","Heritage Homes Marilao, Bagong Silang, Caloocan, Metro Manila, Philippines",heritage homes marilao bagong silang caloocan metro manila philippines,heritage homes marilao bagong silang caloocan metro manila philippines,"Heritage Homes Marilao, Bagong Silang, Caloocan, Metro Manila, Philippines, Metro Manila, Philippines",,,,,
Hidalgo Place,"Rockwell, Makati, Metro Manila","Hidalgo Place, Rockwell, Makati, Metro Manila, Philippines",hidalgo place rockwell makati metro manila philippines,hidalgo place rockwell makati metro manila philippines,,14.5637863,121.0350268,google,"Hidalgo Place, Hidalgo Dr, Makati City, 1200 Metro Manila, Philippines",CLEANED|ROOFTOP
High Park Towers,"Diliman, Quezon City, Metro Manila","High Park Towers, Diliman, Quezon City, Metro Manila, Philippines",high park towers diliman quezon city metro manila philippines,high park towers diliman quezon city metro manila philippines,,14.6480664,121.0383708,google,"J2XQ+68H, Agham Rd, Diliman, Quezon City, Metro Manila, Philippines",CLEANED|GEOMETRIC_CENTER
High Park at Vertis North,"Bagong Pag-Asa, Quezon City, Metro Manila","High Park at Vertis North, Bagong Pag-Asa, Quezon City, Metro Manila, Philippines",high park at vertis north bagong pag-asa quezon city metro manila philippines,high park at vertis north bagong pag-asa quezon city metro manila philippines,,14.6484198,121.0382333,google,"Hydra, Bagong Pag-asa, Quezon City, Metro Manila, Philippines",CLEANED|GEOMETRIC_CENTER
High Street South Block,"Pinagsama, Taguig, Metro Manila","High Street South Block, Pinagsama, Taguig, Metro Manila, Philippines",high street south pinagsama taguig metro manila philippines,high street south pinagsama taguig metro manila philippines,"High Street South Block, Pinagsama, Taguig, Metro Manila, Philippines, Metro Manila, Philippines",,,,,
Hill Residences,"Novaliches, Quezon City, Metro Manila","Hill Residences, Novaliches, Quezon City, Metro Manila, Philippines",hill residences novaliches quezon city metro manila philippines,hill residences novaliches quezon city metro manila philippines,"Hill Residences, Novaliches, Quezon City, Metro Manila, Philippines, Metro Manila, Philippines",,,,,
Hillsborough,"Alabang, Muntinlupa, Metro Manila","Hillsborough, Alabang, Muntinlupa, Metro Manila, Philippines",hillsborough alabang muntinlupa metro manila philippines,hillsborough alabang muntinlupa metro manila philippines,,14.439989,121.0363802,google,"Hillsborough Village, 40 Buckingham, Muntinlupa, 1771 Metro Manila, Philippines",CLEANED|ROOFTOP
Horizon Homes,"Fort Bonifacio, Taguig, Metro Manila","Horizon Homes, Fort Bonifacio, Taguig, Metro Manila, Philippines",horizon homes fort bonifacio bonifacio taguig metro manila philippines,horizon homes fort bonifacio bonifacio taguig metro manila philippines,"Horizon Homes, Fort Bonifacio, Taguig, Metro Manila, Philippines, Metro Manila, Philippines",,,,,
Hotel 101 The Fort,"Pembo, Makati, Metro Manila","Hotel 101 The Fort, Pembo, Makati, Metro Manila, Philippines",hotel 101 the fort bonifacio pembo makati metro manila philippines,hotel 101 the fort bonifacio pembo makati metro manila philippines,"Hotel 101 The Fort, Pembo, Makati, Metro Manila, Philippines, Metro Manila, Philippines",14.5457975,121.0562303,google,"C5, corner Target Street, Makati City, Metro Manila, Philippines",FALLBACK_FULL|ROOFTOP
I-Land Residences,"B.F. Homes, Parañaque, Metro Manila","I-Land Residences, B.F. Homes, Parañaque, Metro Manila, Philippines",i-land residences b.f. homes paranaque metro manila philippines,i-land residences b.f. homes paranaque metro manila philippines,,14.4637682,121.0214158,google,"8362 Dr Arcadio Santos Ave, Brgy.BF, Parañaque, 1720 Metro Manila, Philippines",CLEANED|ROOFTOP
INFINA TOWERS,"Marilag, Quezon City, Metro Manila","INFINA TOWERS, Marilag, Quezon City, Metro Manila, Philippines",infina towers marilag quezon city metro manila philippines,infina towers marilag quezon city metro manila philippines,,14.6282201,121.0674028,google,"992 Aurora Blvd, Project 4, Quezon City, Metro Manila, Philippines",CLEANED|ROOFTOP
Ibiza at Circulo Verde,"Quezon City, Metro Manila","Ibiza at Circulo Verde, Quezon City, Metro Manila, Philippines",ibiza at circulo verde quezon city metro manila philippines,ibiza at circulo verde quezon city metro manila philippines,,14.6027008,121.0888068,google,"Calle Industria, Quezon City, 1100 Metro Manila, Philippines",CLEANED|GEOMETRIC_CENTER
Ice Tower,"Pasay, Metro Manila","Ice Tower, Pasay, Metro Manila, Philippines",ice tower pasay metro manila philippines,ice tower pasay metro manila philippines,,14.5350647,120.9857992,google,"GXPP+28F, Sunrise Dr, Pasay City, Metro Manila, Philippines",CLEANED|GEOMETRIC_CENTER
Icon Plaza,"BGC, Taguig, Metro Manila","Icon Plaza, BGC, Taguig, Metro Manila, Philippines",icon plaza bonifacio global city taguig metro manila philippines,icon plaza bonifacio global city taguig metro manila philippines,"Icon Plaza, BGC, Taguig, Metro Manila, Philippines, Metro Manila, Philippines",,,,,
Icon Residences,"BGC, Taguig, Metro Manila","Icon Residences, BGC, Taguig, Metro Manila, Philippines",icon residences bonifacio global city taguig metro manila philippines,icon residences bonifacio global city taguig metro manila philippines,"Icon Residences, BGC, Taguig, Metro Manila, Philippines, Metro Manila, Philippines",,,,,
Illumina Residences,"Bagong Ilog, Pasig, Metro Manila","Illumina Residences, Bagong Ilog, Pasig, Metro Manila, Philippines",illumina residences bagong ilog pasig metro manila philippines,illumina residences bagong ilog pasig metro manila philippines,"Illumina Residences, Bagong Ilog, Pasig, Metro Manila, Philippines, Metro Manila, Philippines",,,,,
Illumina Residences Manila,"Santa Mesa, Manila, Metro Manila","Illumina Residences Manila, Santa Mesa, Manila, Metro Manila, Philippines",illumina residences manila santa mesa manila metro manila philippines,illumina residences manila santa mesa manila metro manila philippines,,14.5956339,121.0207456,google,"Victorino Mapa St, Santa Mesa, Manila, Metro Manila, Philippines",CLEANED|GEOMETRIC_CENTER
Imperial Plaza,"Don Galo, Parañaque, Metro Manila","Imperial Plaza, Don Galo, Parañaque, Metro Manila, Philippines",imperial plaza don galo paranaque metro manila philippines,imperial plaza don galo paranaque metro manila philippines,,14.5096804,120.9896321,google,"Imperial Plaza, 7 Diosdado Macapagal Blvd, Tambo, Parañaque, 1701 Metro Manila, Philippines",CLEANED|ROOFTOP
Isabelle de Valenzuela,"Isla, Valenzuela, Metro Manila","Isabelle de Valenzuela, Isla, Valenzuela, Metro Manila, Philippines",isabelle de valenzuela isla valenzuela metro manila philippines,isabelle de valenzuela isla valenzuela metro manila philippines,"Isabelle de Valenzuela, Isla, Valenzuela, Metro Manila, Philippines, Metro Manila, Philippines",,,,,
Ivory Wood,"Bambang, Taguig, Metro Manila","Ivory Wood, Bambang, Taguig, Metro Manila, Philippines",ivory wood bambang taguig metro manila philippines,ivory wood bambang taguig metro manila philippines,,14.5210897,121.0635071,google,"Acacia Ave, Taguig, Metro Manila, Philippines",CLEANED|GEOMETRIC_CENTER
Jazz Residences,"Bel-Air, Makati, Metro Manila","Jazz Residences, Bel-Air, Makati, Metro Manila, Philippines",jazz residences bel-air makati metro manila philippines,jazz residences bel-air makati metro manila philippines,,14.563092,121.0218149,google,"H27C+6PP, Nicanor Garcia St, Makati City, Metro Manila, Philippines",CLEANED|GEOMETRIC_CENTER
Joya Lofts and Towers,"Rockwell, Makati, Metro Manila","Joya Lofts and Towers, Rockwell, Makati, Metro Manila, Philippines",joya lofts and towers rockwell makati metro manila philippines,joya lofts and towers rockwell makati metro manila philippines,,14.5651562,121.0375876,google,"28 Plaza Dr, Rockwell Center, Makati City, 1210 Metro Manila, Philippines",CLEANED|ROOFTOP
Joya South Tower,"Bangkal, Makati, Metro Manila","Joya South Tower, Bangkal, Makati, Metro Manila, Philippines",joya south tower bangkal makati metro manila philippines,joya south tower bangkal makati metro manila philippines,"Joya South Tower, Bangkal, Makati, Metro Manila, Philippines, Metro Manila, Philippines",,,,,
Juez Residences,"Maysilo, Malabon, Metro Manila","Juez Residences, Maysilo, Malabon, Metro Manila, Philippines",juez residences maysilo malabon metro manila philippines,juez residences maysilo malabon metro manila philippines,,14.6756945,120.9629704,google,"MXG7+75H, Marcelo H. Del Pilar St, Malabon, Metro Manila, Philippines",CLEANED|GEOMETRIC_CENTER
KASARA Urban Resort Residences,"Ugong, Pasig, Metro Manila","KASARA Urban Resort Residences, Ugong, Pasig, Metro Manila, Philippines",kasara urban resort residences ugong pasig metro manila philippines,kasara urban resort residences ugong pasig metro manila philippines,,14.5817871,121.0783535,google,"P. E Antonio and Eagle st., 88 P.E. Antonio, Ugong, Pasig, 1604 Metro Manila, Philippines",CLEANED|ROOFTOP
KIRANA,"Bagong Ilog, Pasig, Metro Manila","KIRANA, Bagong Ilog, Pasig, Metro Manila, Philippines",kirana bagong ilog pasig metro manila philippines,kirana bagong ilog pasig metro manila philippines,"KIRANA, Bagong Ilog, Pasig, Metro Manila, Philippines, Metro Manila, Philippines",,,,,
KL MALVAR Residences,"Bagong Ilog, Pasig, Metro Manila","KL MALVAR Residences, Bagong Ilog, Pasig, Metro Manila, Philippines",kl malvar residences bagong ilog pasig metro manila philippines,kl malvar residences bagong ilog pasig metro manila philippines,"KL MALVAR Residences, Bagong Ilog, Pasig, Metro Manila, Philippines, Metro Manila, Philippines",,,,,
KL Mosaic,"Bangkal, Makati, Metro Manila","KL Mosaic, Bangkal, Makati, Metro Manila, Philippines",kl mosaic bangkal makati metro manila philippines,kl mosaic bangkal makati metro manila philippines,"KL Mosaic, Bangkal, Makati, Metro Manila, Philippines, Metro Manila, Philippines",,,,,
KL Tower,"Valenzuela, Makati, Metro Manila","KL Tower, Valenzuela, Makati, Metro Manila, Philippines",kl tower valenzuela makati metro manila philippines,kl tower valenzuela makati metro manila philippines,"KL Tower, Valenzuela, Makati, Metro Manila, Philippines, Metro Manila, Philippines",,,,,
Kai Garden Residences,"Malamig, Mandaluyong, Metro Manila","Kai Garden Residences, Malamig, Mandaluyong, Metro Manila, Philippines",kai garden residences malamig mandaluyong metro manila philippines,kai garden residences malamig mandaluyong metro manila philippines,,14.5759944,121.044818,google,"Sugi Kai Garden Residences, 721 M. Vicente St, Mandaluyong City, Metro Manila, Philippines",CLEANED|ROOFTOP
Kasara,"Ugong, Pasig, Metro Manila","Kasara, Ugong, Pasig, Metro Manila, Philippines",kasara ugong pasig metro manila philippines,kasara ugong pasig metro manila philippines,,14.5817871,121.0783535,google,"P. E Antonio and Eagle st., 88 P.E. Antonio, Ugong, Pasig, 1604 Metro Manila, Philippines",CLEANED|ROOFTOP
Kasara Urban Resort,"Ugong, Pasig, Metro Manila","Kasara Urban Resort, Ugong, Pasig, Metro Manila, Philippines",kasara urban resort ugong pasig metro manila philippines,kasara urban resort ugong pasig metro manila philippines,"Kasara Urban Resort, Ugong, Pasig, Metro Manila, Philippines, Metro Manila, Philippines",,,,,
Kensington Place,"BGC, Taguig, Metro Manila","Kensington Place, BGC, Taguig, Metro Manila, Philippines",kensington place bonifacio global city taguig metro manila philippines,kensington place bonifacio global city taguig metro manila philippines,"Kensington Place, BGC, Taguig, Metro Manila, Philippines, Metro Manila, Philippines",,,,,
Kingswood,"La Paz, Makati, Metro Manila","Kingswood, La Paz, Makati, Metro Manila, Philippines",kingswood la paz makati metro manila philippines,kingswood la paz makati metro manila philippines,,14.5671883,121.0122533,google,"Kingswood, Pablo Ocampo, Makati City, 1204 Metro Manila, Philippines",CLEANED|ROOFTOP
Kingswood Square,"Bangkal, Makati, Metro Manila","Kingswood Square, Bangkal, Makati, Metro Manila, Philippines",kingswood square bangkal makati metro manila philippines,kingswood square bangkal makati metro manila philippines,"Kingswood Square, Bangkal, Makati, Metro Manila, Philippines, Metro Manila, Philippines",,,,,
Kizuna Heights,"Malate, Manila, Metro Manila","Kizuna Heights, Malate, Manila, Metro Manila, Philippines",kizuna heights malate manila metro manila philippines,kizuna heights malate manila metro manila philippines,,14.5610945,120.9953403,google,"2665 Taft Ave, Malate, Manila, 1004 Metro Manila, Philippines",CLEANED|ROOFTOP
Knightsbridge Residences,"Makati, Metro Manila","Knightsbridge Residences, Makati, Metro Manila, Philippines",knightsbridge residences makati metro manila philippines,knightsbridge residences makati metro manila philippines,,14.5672255,121.0277382,google,"4392 B. Valdez, Makati, 1210 Kalakhang Maynila, Philippines",CLEANED|ROOFTOP
Kosi Residences,"Sun Valley, Parañaque, Metro Manila","Kosi Residences, Sun Valley, Parañaque, Metro Manila, Philippines",kosi residences sun valley paranaque metro manila philippines,kosi residences sun valley paranaque metro manila philippines,,14.4914812,121.0318271,google,"F2RJ+HPW, Parañaque, 1709 Metro Manila, Philippines",CLEANED|GEOMETRIC_CENTER
Kroma Tower,"San Lorenzo, Makati, Metro Manila","Kroma Tower, San Lorenzo, Makati, Metro Manila, Philippines",kroma tower san lorenzo makati metro manila philippines,kroma tower san lorenzo makati metro manila philippines,,14.5586592,121.0168143,google,"Dela Rosa Access Rd 3, Legazpi Village, Makati City, Metro Manila, Philippines",CLEANED|GEOMETRIC_CENTER
LAKEVIEW MANORS,"Ususan, Taguig, Metro Manila","LAKEVIEW MANORS, Ususan, Taguig, Metro Manila, Philippines",lakeview manors ususan taguig metro manila philippines,lakeview manors ususan taguig metro manila philippines,,14.5365086,121.0705302,google,"Bagong Calzada, Taguig, 1630 Metro Manila, Philippines",CLEANED|GEOMETRIC_CENTER
LPL Center,"Salcedo Village, Makati, Metro Manila","LPL Center, Salcedo Village, Makati, Metro Manila, Philippines",lpl center salcedo village makati metro manila philippines,lpl center salcedo village makati metro manila philippines,"LPL Center, Salcedo Village, Makati, Metro Manila, Philippines, Metro Manila, Philippines",,,,,
LPL Greenhills,"Greenhills, San Juan, Metro Manila","LPL Greenhills, Greenhills, San Juan, Metro Manila, Philippines",lpl greenhills greenhills san juan metro manila philippines,lpl greenhills greenhills san juan metro manila philippines,,14.6049635,121.0494109,google,"LPL Greenhills, 11 Eisenhower St, San Juan City, Metro Manila, Philippines",CLEANED|ROOFTOP
LPL Manor,"Bel-Air, Makati, Metro Manila","LPL Manor, Bel-Air, Makati, Metro Manila, Philippines",lpl manor bel-air makati metro manila philippines,lpl manor bel-air makati metro manila philippines,,14.5595713,121.0203045,google,"LPL Manor, 116 L.P. Leviste Street, Makati City, 1227 Metro Manila, Philippines",CLEANED|ROOFTOP
La Nobleza Terrazas,"Malate, Manila, Metro Manila","La Nobleza Terrazas, Malate, Manila, Metro Manila, Philippines",la nobleza terrazas malate manila metro manila philippines,la nobleza terrazas malate manila metro manila philippines,,14.5746557,120.9823443,google,"La Nobleza Terrazas, A. Mabini St, Ermita, Manila, 1000 Metro Manila, Philippines",CLEANED|GEOMETRIC_CENTER
La Verti Residences,"Pasay, Metro Manila","La Verti Residences, Pasay, Metro Manila, Philippines",la verti residences pasay metro manila philippines,la verti residences pasay metro manila philippines,,14.5564398,120.9956354,google,"Pasay City, 1300 Metro Manila, Philippines",CLEANED|GEOMETRIC_CENTER
La Vie Flats,"Alabang, Muntinlupa, Metro Manila","La Vie Flats, Alabang, Muntinlupa, Metro Manila, Philippines",la vie flats alabang muntinlupa metro manila philippines,la vie flats alabang muntinlupa metro manila philippines,,14.4131293,121.0361529,google,"La Vie Flats, Parkway St, Muntinlupa, 1781 Metro Manila, Philippines",CLEANED|ROOFTOP
LaVie Flat,"Alabang, Muntinlupa, Metro Manila","LaVie Flat, Alabang, Muntinlupa, Metro Manila, Philippines",lavie flat alabang muntinlupa metro manila philippines,lavie flat alabang muntinlupa metro manila philippines,,14.413244,121.0361993,google,"Parkway Ave., Filinvest Corporate City, Alabang, Muntinlupa City, 1781 Metro Manila, Philippines",CLEANED|GEOMETRIC_CENTER
Lancaster Hotel Manila,"Shaw Boulevard, Mandaluyong, Metro Manila","Lancaster Hotel Manila, Shaw Boulevard, Mandaluyong, Metro Manila, Philippines",lancaster hotel manila shaw boulevard mandaluyong metro manila philippines,lancaster hotel manila shaw boulevard mandaluyong metro manila philippines,,14.5836983,121.0501246,google,"622 Shaw Blvd, Mandaluyong City, 1552 Metro Manila, Philippines",CLEANED|ROOFTOP
Lancris Residences,"Don Bosco, Parañaque, Metro Manila","Lancris Residences, Don Bosco, Parañaque, Metro Manila, Philippines",lancris residences don bosco paranaque metro manila philippines,lancris residences don bosco paranaque metro manila philippines,,14.4753955,121.0281159,google,"Dominic Savio St, Better Living Subdivision, Cor Japan, Parañaque, Metro Manila, Philippines",CLEANED|ROOFTOP
Larossa In Capitol Hills,"Matandang Balara, Quezon City, Metro Manila","Larossa In Capitol Hills, Matandang Balara, Quezon City, Metro Manila, Philippines",larossa in capitol hills matandang balara quezon city metro manila philippines,larossa in capitol hills matandang balara quezon city metro manila philippines,,14.6649406,121.0823425,google,"Capitol Hills Dr, Quezon City, 1126 Metro Manila, Philippines",CLEANED|GEOMETRIC_CENTER
Laureano Di Trevi,"Pio Del Pilar, Makati, Metro Manila","Laureano Di Trevi, Pio Del Pilar, Makati, Metro Manila, Philippines",laureano di trevi pio del pilar makati metro manila philippines,laureano di trevi pio del pilar makati metro manila philippines,,14.5490105,121.01389,google,"2216 Chino Roces Ave, Makati City, 1233 Metro Manila, Philippines",CLEANED|ROOFTOP
Laureano di Trevi Towers,"Bangkal, Makati, Metro Manila","Laureano di Trevi Towers, Bangkal, Makati, Metro Manila, Philippines",laureano di trevi towers bangkal makati metro manila philippines,laureano di trevi towers bangkal makati metro manila philippines,"Laureano di Trevi Towers, Bangkal, Makati, Metro Manila, Philippines, Metro Manila, Philippines",,,,,
Laurent Park,"G. Araneta Avenue, Quezon City, Metro Manila","Laurent Park, G. Araneta Avenue, Quezon City, Metro Manila, Philippines",laurent park g. araneta avenue quezon city metro manila philippines,laurent park g. araneta avenue quezon city metro manila philippines,"Laurent Park, G. Araneta Avenue, Quezon City, Metro Manila, Philippines, Metro Manila, Philippines",,,,,
Le Gran Condominium,"Greenhills, San Juan, Metro Manila","Le Gran Condominium, Greenhills, San Juan, Metro Manila, Philippines",le gran condominium greenhills san juan metro manila philippines,le gran condominium greenhills san juan metro manila philippines,,14.6073154,121.0483176,google,"Unit 1215, Le Gran, 45 Eisenhower St, San Juan City, 1500 Metro Manila, Philippines",CLEANED|ROOFTOP
Leaf Residences,"Tunasan, Muntinlupa, Metro Manila","Leaf Residences, Tunasan, Muntinlupa, Metro Manila, Philippines",leaf residences tunasan muntinlupa metro manila philippines,leaf residences tunasan muntinlupa metro manila philippines,"Leaf Residences, Tunasan, Muntinlupa, Metro Manila, Philippines, Metro Manila, Philippines",,,,,
Lee Gardens,"Addition Hills, Mandaluyong, Metro Manila","Lee Gardens, Addition Hills, Mandaluyong, Metro Manila, Philippines",lee gardens addition hills mandaluyong metro manila philippines,lee gardens addition hills mandaluyong metro manila philippines,,14.5878054,121.0462983,google,"H2QW+4GF, Lee, Mandaluyong City, 1550 Kalakhang Maynila, Philippines",CLEANED|GEOMETRIC_CENTER
Legaspi Towers 300,"Malate, Manila, Metro Manila","Legaspi Towers 300, Malate, Manila, Metro Manila, Philippines",legaspi 300 malate manila metro manila philippines,legaspi 300 malate manila metro manila philippines,,14.5596712,120.988088,google,"2600 Roxas Blvd, Malate, Manila, 1004 Metro Manila, Philippines",CLEANED|ROOFTOP
Levina Place,"Rosario, Pasig, Metro Manila","Levina Place, Rosario, Pasig, Metro Manila, Philippines",levina place rosario pasig metro manila philippines,levina place rosario pasig metro manila philippines,,14.5814814,121.0921329,google,"Jenny's Ave, Pasig, 1609 Metro Manila, Philippines",CLEANED|GEOMETRIC_CENTER
Light 2 Residences,"Barangka Ilaya, Mandaluyong, Metro Manila","Light 2 Residences, Barangka Ilaya, Mandaluyong, Metro Manila, Philippines",light 2 barangka ilaya mandaluyong metro manila philippines,light 2 barangka ilaya mandaluyong metro manila philippines,"Light 2 Residences, Barangka Ilaya, Mandaluyong, Metro Manila, Philippines, Metro Manila, Philippines",,,,,
Light Residences,"Addition Hills, Mandaluyong, Metro Manila","Light Residences, Addition Hills, Mandaluyong, Metro Manila, Philippines",light residences addition hills mandaluyong metro manila philippines,light residences addition hills mandaluyong metro manila philippines,"Light Residences, Addition Hills, Mandaluyong, Metro Manila, Philippines, Metro Manila, Philippines",,,,,
Lions Park Residences,"Sta Ana Dr, Parañaque, Metro Manila","Lions Park Residences, Sta Ana Dr, Parañaque, Metro Manila, Philippines",lions park residences sta ana dr paranaque metro manila philippines,lions park residences sta ana dr paranaque metro manila philippines,,14.490401,121.0320375,google,"F2RJ+5R7, Sta Ana Dr, Parañaque, 1700 Metro Manila, Philippines",CLEANED|GEOMETRIC_CENTER
Little Baguio Gardens,"Little Baguio, San Juan, Metro Manila","Little Baguio Gardens, Little Baguio, San Juan, Metro Manila, Philippines",little baguio gardens little baguio san juan metro manila philippines,little baguio gardens little baguio san juan metro manila philippines,"Little Baguio Gardens, Little Baguio, San Juan, Metro Manila, Philippines, Metro Manila, Philippines",,,,,
Little Baguio Terraces,"Ermitaño, San Juan, Metro Manila","Little Baguio Terraces, Ermitaño, San Juan, Metro Manila, Philippines",little baguio terraces ermitano san juan metro manila philippines,little baguio terraces ermitano san juan metro manila philippines,"Little Baguio Terraces, Ermitaño, San Juan, Metro Manila, Philippines, Metro Manila, Philippines",,,,,
Lleida Tower,"Bagumbayan, Quezon City, Metro Manila","Lleida Tower, Bagumbayan, Quezon City, Metro Manila, Philippines",lleida tower bagumbayan quezon city metro manila philippines,lleida tower bagumbayan quezon city metro manila philippines,,14.6022545,121.0883293,google,"Calle Industria, Quezon City, 1100 Metro Manila, Philippines",CLEANED|GEOMETRIC_CENTER
Lleida Tower at Circulo Verde,"Bagumbayan, Quezon City, Metro Manila","Lleida Tower at Circulo Verde, Bagumbayan, Quezon City, Metro Manila, Philippines",lleida tower at circulo verde bagumbayan quezon city metro manila philippines,lleida tower at circulo verde bagumbayan quezon city metro manila philippines,,14.6022545,121.0883293,google,"Calle Industria, Quezon City, 1100 Metro Manila, Philippines",CLEANED|GEOMETRIC_CENTER
Lumiere Residences,"Bagong Ilog, Pasig, Metro Manila","Lumiere Residences, Bagong Ilog, Pasig, Metro Manila, Philippines",lumiere residences bagong ilog pasig metro manila philippines,lumiere residences bagong ilog pasig metro manila philippines,,14.5695891,121.0665511,google,"P1/Basement 1, 38 Pasig Blvd, Pasig, Metro Manila, Philippines",CLEANED|ROOFTOP
Luna Gardens,"Makati, Metro Manila","Luna Gardens, Makati, Metro Manila, Philippines",luna gardens makati metro manila philippines,luna gardens makati metro manila philippines,,14.5651198,121.0350778,google,"Luna Gardens, Residential Dr, Makati City, Metro Manila, Philippines",CLEANED|ROOFTOP
Lush Residences,"San Antonio, Makati, Metro Manila","Lush Residences, San Antonio, Makati, Metro Manila, Philippines",lush residences san antonio makati metro manila philippines,lush residences san antonio makati metro manila philippines,,14.5636922,121.0151551,google,"Bagtikan Street, Makati, Kalakhang Maynila, Philippines",CLEANED|GEOMETRIC_CENTER
Luxe Residences,"Bagong Tanyag, Taguig, Metro Manila","Luxe Residences, Bagong Tanyag, Taguig, Metro Manila, Philippines",luxe residences bagong tanyag taguig metro manila philippines,luxe residences bagong tanyag taguig metro manila philippines,"Luxe Residences, Bagong Tanyag, Taguig, Metro Manila, Philippines, Metro Manila, Philippines",,,,,
M PLACE,"Ramon Magsaysay, Quezon City, Metro Manila","M PLACE, Ramon Magsaysay, Quezon City, Metro Manila, Philippines",m place ramon magsaysay quezon city metro manila philippines,m place ramon magsaysay quezon city metro manila philippines,"M PLACE, Ramon Magsaysay, Quezon City, Metro Manila, Philippines, Metro Manila, Philippines",,,,,
M Place Residences,"South Triangle, Quezon City, Metro Manila","M Place Residences, South Triangle, Quezon City, Metro Manila, Philippines",m place residences south triangle quezon city metro manila philippines,m place residences south triangle quezon city metro manila philippines,"M Place Residences, South Triangle, Quezon City, Metro Manila, Philippines, Metro Manila, Philippines",,,,,
MAGNOLIA RESIDENCES,"Ramon Magsaysay, Quezon City, Metro Manila","MAGNOLIA RESIDENCES, Ramon Magsaysay, Quezon City, Metro Manila, Philippines",magnolia residences ramon magsaysay quezon city metro manila philippines,magnolia residences ramon magsaysay quezon city metro manila philippines,"MAGNOLIA RESIDENCES, Ramon Magsaysay, Quezon City, Metro Manila, Philippines, Metro Manila, Philippines",,,,,
MALATE BAYVIEW MANSION,"Tondo, Manila, Metro Manila","MALATE BAYVIEW MANSION, Tondo, Manila, Metro Manila, Philippines",malate bayview mansion tondo manila metro manila philippines,malate bayview mansion tondo manila metro manila philippines,,14.5704987,120.9856156,google,"Malate Bayview mansion, Malate, Manila, 1004 Metro Manila, Philippines",CLEANED|ROOFTOP
MANHATTAN GARDEN,"Ramon Magsaysay, Quezon City, Metro Manila","MANHATTAN GARDEN, Ramon Magsaysay, Quezon City, Metro Manila, Philippines",manhattan garden ramon magsaysay quezon city metro manila philippines,manhattan garden ramon magsaysay quezon city metro manila philippines,"MANHATTAN GARDEN, Ramon Magsaysay, Quezon City, Metro Manila, Philippines, Metro Manila, Philippines",,,,,
MANILA RESIDENCES,"Tondo, Manila, Metro Manila","MANILA RESIDENCES, Tondo, Manila, Metro Manila, Philippines",manila residences tondo manila metro manila philippines,manila residences tondo manila metro manila philippines,,14.5668868,120.9934182,google,"The Manila Residences, 2320 Taft Ave, Malate, Manila, 1004 Metro Manila, Philippines",CLEANED|ROOFTOP
MIRA,"Cubao, Quezon City, Metro Manila","MIRA, Cubao, Quezon City, Metro Manila, Philippines",mira cubao quezon city metro manila philippines,mira cubao quezon city metro manila philippines,"MIRA, Cubao, Quezon City, Metro Manila, Philippines, Metro Manila, Philippines",,,,,
MONTECITO RESIDENTIAL RESORT,"Pasay, Metro Manila","MONTECITO RESIDENTIAL RESORT, Pasay, Metro Manila, Philippines",montecito residential resort pasay metro manila philippines,montecito residential resort pasay metro manila philippines,,14.5222514,121.0174281,google,"G2C8+WX3, Resort Dr, Pasay City, Metro Manila, Philippines",CLEANED|GEOMETRIC_CENTER
MPT Suites,"Makati, Metro Manila","MPT Suites, Makati, Metro Manila, Philippines",mpt suites makati metro manila philippines,mpt suites makati metro manila philippines,,14.5641417,121.030322,google,"Kalayaan Avenue, corner Mercado, Makati City, Metro Manila, Philippines",CLEANED|ROOFTOP
MPlace South Triangle,"Pasong Tamo, Quezon City, Metro Manila","MPlace South Triangle, Pasong Tamo, Quezon City, Metro Manila, Philippines",mplace south triangle pasong tamo quezon city metro manila philippines,mplace south triangle pasong tamo quezon city metro manila philippines,"MPlace South Triangle, Pasong Tamo, Quezon City, Metro Manila, Philippines, Metro Manila, Philippines",,,,,
Madison Park,"Bagong Tanyag, Taguig, Metro Manila","Madison Park, Bagong Tanyag, Taguig, Metro Manila, Philippines",madison park bagong tanyag taguig metro manila philippines,madison park bagong tanyag taguig metro manila philippines,"Madison Park, Bagong Tanyag, Taguig, Metro Manila, Philippines, Metro Manila, Philippines",,,,,
Madison Park West,"Pinagsama, Taguig, Metro Manila","Madison Park West, Pinagsama, Taguig, Metro Manila, Philippines",madison park west pinagsama taguig metro manila philippines,madison park west pinagsama taguig metro manila philippines,"Madison Park West, Pinagsama, Taguig, Metro Manila, Philippines, Metro Manila, Philippines",,,,,
Magnolia Place,"Talipapa, Quezon City, Metro Manila","Magnolia Place, Talipapa, Quezon City, Metro Manila, Philippines",magnolia place talipapa quezon city metro manila philippines,magnolia place talipapa quezon city metro manila philippines,,14.67955,121.0235238,google,"Tandang Sora Ave, Quezon City, Metro Manila, Philippines",CLEANED|GEOMETRIC_CENTER
Mahogany Place - Taguig,"Taguig, Metro Manila","Mahogany Place - Taguig, Taguig, Metro Manila, Philippines",mahogany place - taguig taguig metro manila philippines,mahogany place - taguig taguig metro manila philippines,,14.5245479,121.0675471,google,"2 Altadena, Taguig, Metro Manila, Philippines",CLEANED|ROOFTOP
Majorca Tower,"Ramon Magsaysay, Quezon City, Metro Manila","Majorca Tower, Ramon Magsaysay, Quezon City, Metro Manila, Philippines",majorca tower ramon magsaysay quezon city metro manila philippines,majorca tower ramon magsaysay quezon city metro manila philippines,"Majorca Tower, Ramon Magsaysay, Quezon City, Metro Manila, Philippines, Metro Manila, Philippines",,,,,
Makati Cinema Square Tower,"Antonio Arnaiz Avenue, Makati, Metro Manila","Makati Cinema Square Tower, Antonio Arnaiz Avenue, Makati, Metro Manila, Philippines",makati cinema square antonio arnaiz avenue makati metro manila philippines,makati cinema square antonio arnaiz avenue makati metro manila philippines,,14.5523286,121.0146088,google,"Makati Square, GF Chino Roces Ave, Legazpi Village, Makati City, Metro Manila, Philippines",CLEANED|ROOFTOP
Makati Executive Tower,"Makati, Metro Manila","Makati Executive Tower, Makati, Metro Manila, Philippines",makati executive tower makati metro manila philippines,makati executive tower makati metro manila philippines,"Makati Executive Tower, Makati, Metro Manila, Philippines, Metro Manila, Philippines",14.5573914,121.0089155,google,"Makati Executive Tower, Makati City, Metro Manila, Philippines",FALLBACK_FULL|ROOFTOP
Makati Executive Tower III,"Pio Del Pilar, Makati, Metro Manila","Makati Executive Tower III, Pio Del Pilar, Makati, Metro Manila, Philippines",makati executive tower iii pio del pilar makati metro manila philippines,makati executive tower iii pio del pilar makati metro manila philippines,,14.5579163,121.0086605,google,"98 Sen. Gil J. Puyat Ave, Makati City, 1230 Metro Manila, Philippines",CLEANED|ROOFTOP
Makati Executive Tower IV,"Pio Del Pilar, Makati, Metro Manila","Makati Executive Tower IV, Pio Del Pilar, Makati, Metro Manila, Philippines",makati executive tower iv pio del pilar makati metro manila philippines,makati executive tower iv pio del pilar makati metro manila philippines,,14.5577447,121.0081611,google,"H255+37V, Sen. Gil J. Puyat Ave, Makati City, 1230 Metro Manila, Philippines",CLEANED|GEOMETRIC_CENTER
Makati Executive Towers,"Bangkal, Makati, Metro Manila","Makati Executive Towers, Bangkal, Makati, Metro Manila, Philippines",makati executive towers bangkal makati metro manila philippines,makati executive towers bangkal makati metro manila philippines,"Makati Executive Towers, Bangkal, Makati, Metro Manila, Philippines, Metro Manila, Philippines",,,,,
Makati Palace Hotel,"Makati, Metro Manila","Makati Palace Hotel, Makati, Metro Manila, Philippines",makati palace hotel makati metro manila philippines,makati palace hotel makati metro manila philippines,,14.5631438,121.0296587,google,"5011 P. Burgos, corner Caceres, Makati City, 1200 Metro Manila, Philippines",CLEANED|ROOFTOP
Malate Crown Plaza,"Manila, Metro Manila","Malate Crown Plaza, Manila, Metro Manila, Philippines",malate crown plaza manila metro manila philippines,malate crown plaza manila metro manila philippines,,14.5688501,120.9864418,google,"HX9Q+47V, 597 San Andres St, Malate, Manila, 1004 Metro Manila, Philippines",CLEANED|ROOFTOP
Manansala Rockwell,"Bangkal, Makati, Metro Manila","Manansala Rockwell, Bangkal, Makati, Metro Manila, Philippines",manansala rockwell bangkal makati metro manila philippines,manansala rockwell bangkal makati metro manila philippines,"Manansala Rockwell, Bangkal, Makati, Metro Manila, Philippines, Metro Manila, Philippines",,,,,
Manansala Tower,"Bangkal, Makati, Metro Manila","Manansala Tower, Bangkal, Makati, Metro Manila, Philippines",manansala tower bangkal makati metro manila philippines,manansala tower bangkal makati metro manila philippines,"Manansala Tower, Bangkal, Makati, Metro Manila, Philippines, Metro Manila, Philippines",,,,,
Mandaluyong Executive Mansion,"Vergara, Mandaluyong, Metro Manila","Mandaluyong Executive Mansion, Vergara, Mandaluyong, Metro Manila, Philippines",mandaluyong executive mansion vergara mandaluyong metro manila philippines,mandaluyong executive mansion vergara mandaluyong metro manila philippines,,14.5787612,121.0240917,google,"Mandaluyong Executive Mansion Tower, G. Enriquez, Mandaluyong City, 1551 Metro Manila, Philippines",CLEANED|ROOFTOP
Mandaluyong Executive Mansion III,"Namayan, Mandaluyong, Metro Manila","Mandaluyong Executive Mansion III, Namayan, Mandaluyong, Metro Manila, Philippines",mandaluyong executive mansion iii namayan mandaluyong metro manila philippines,mandaluyong executive mansion iii namayan mandaluyong metro manila philippines,"Mandaluyong Executive Mansion III, Namayan, Mandaluyong, Metro Manila, Philippines, Metro Manila, Philippines",14.5796108,121.0238789,google,"Mandaluyong Executive Mansion III, Mandaluyong City, Metro Manila, Philippines",FALLBACK_FULL|ROOFTOP
Manggahan Village,"Bagong Ilog, Pasig, Metro Manila","Manggahan Village, Bagong Ilog, Pasig, Metro Manila, Philippines",manggahan village bagong ilog pasig metro manila philippines,manggahan village bagong ilog pasig metro manila philippines,"Manggahan Village, Bagong Ilog, Pasig, Metro Manila, Philippines, Metro Manila, Philippines",,,,,
Mango Tree Residences,"Pasadena, San Juan, Metro Manila","Mango Tree Residences, Pasadena, San Juan, Metro Manila, Philippines",mango tree residences pasadena san juan metro manila philippines,mango tree residences pasadena san juan metro manila philippines,,14.6070092,121.0344806,google,"M. Paterno, cor ledesma, Pasadena, San Juan City, 1500 Metro Manila, Philippines",CLEANED|ROOFTOP
Manhattan Heights,"Cubao, Quezon City, Metro Manila","Manhattan Heights, Cubao, Quezon City, Metro Manila, Philippines",manhattan heights cubao quezon city metro manila philippines,manhattan heights cubao quezon city metro manila philippines,,14.6199682,121.0576616,google,"J395+X3M, General Romulo Ave, Cubao, Quezon City, Metro Manila, Philippines",CLEANED|GEOMETRIC_CENTER
Manhattan Parkview,"Cubao, Quezon City, Metro Manila","Manhattan Parkview, Cubao, Quezon City, Metro Manila, Philippines",manhattan parkview cubao quezon city metro manila philippines,manhattan parkview cubao quezon city metro manila philippines,,14.6229078,121.0551885,google,"Manhattan Parkview, Cubao, Quezon City, Metro Manila, Philippines",CLEANED|ROOFTOP
Manhattan Parkway Residences,"Socorro, Quezon City, Metro Manila","Manhattan Parkway Residences, Socorro, Quezon City, Metro Manila, Philippines",manhattan parkway residences socorro quezon city metro manila philippines,manhattan parkway residences socorro quezon city metro manila philippines,,14.6233573,121.0546062,google,"Manhattan Parkway Residences, General Malvar Ave, Cubao, Quezon City, 1109 Metro Manila, Philippines",CLEANED|ROOFTOP
Manhattan Plaza,"Cubao, Quezon City, Metro Manila","Manhattan Plaza, Cubao, Quezon City, Metro Manila, Philippines",manhattan plaza cubao quezon city metro manila philippines,manhattan plaza cubao quezon city metro manila philippines,,14.6214898,121.0561334,google,"Manhattan Plaza Condominium, General Romulo Ave, Cubao, Quezon City, 1101 Metro Manila, Philippines",CLEANED|ROOFTOP
Manhattan Square,"Bangkal, Makati, Metro Manila","Manhattan Square, Bangkal, Makati, Metro Manila, Philippines",manhattan square bangkal makati metro manila philippines,manhattan square bangkal makati metro manila philippines,"Manhattan Square, Bangkal, Makati, Metro Manila, Philippines, Metro Manila, Philippines",,,,,
Manila Executive Regency,"Ermita, Manila, Metro Manila","Manila Executive Regency, Ermita, Manila, Metro Manila, Philippines",manila executive regency ermita manila metro manila philippines,manila executive regency ermita manila metro manila philippines,,14.5787629,120.9822507,google,"Unit 101 Tower 1 1200, Cityland Manila Executive Regency, 1000 Bocobo St, Ermita, Manila, 1000 Metro Manila, Philippines",CLEANED|ROOFTOP
Maple Place,"Bangkal, Makati, Metro Manila","Maple Place, Bangkal, Makati, Metro Manila, Philippines",maple place bangkal makati metro manila philippines,maple place bangkal makati metro manila philippines,"Maple Place, Bangkal, Makati, Metro Manila, Philippines, Metro Manila, Philippines",,,,,
Maple at Verdant Towers,"Ugong, Pasig, Metro Manila","Maple at Verdant Towers, Ugong, Pasig, Metro Manila, Philippines",maple at verdant towers ugong pasig metro manila philippines,maple at verdant towers ugong pasig metro manila philippines,,14.5880008,121.076828,google,"H3QG+6MX, Pasig, Metro Manila, Philippines",CLEANED|GEOMETRIC_CENTER
Maricielo Villas,"Pulang Lupa Uno, Las Piñas, Metro Manila","Maricielo Villas, Pulang Lupa Uno, Las Piñas, Metro Manila, Philippines",maricielo villas pulang lupa uno las pinas metro manila philippines,maricielo villas pulang lupa uno las pinas metro manila philippines,,14.4682726,120.9701955,google,"Quirino Avenue, Casimiro Ave, Las Piñas, 1740 Metro Manila, Philippines",CLEANED|GEOMETRIC_CENTER
Marquinton Residences,"Santo Niño, Marikina, Metro Manila","Marquinton Residences, Santo Niño, Marikina, Metro Manila, Philippines",marquinton residences santo nino marikina metro manila philippines,marquinton residences santo nino marikina metro manila philippines,,14.6364357,121.0995518,google,"Cirma st. (near Toyota Ave corner) (parallel to, Sumulong Hwy, Marikina, 1800 Metro Manila, Philippines",CLEANED|GEOMETRIC_CENTER
Maui Oasis,"Maybunga, Pasig, Metro Manila","Maui Oasis, Maybunga, Pasig, Metro Manila, Philippines",maui oasis maybunga pasig metro manila philippines,maui oasis maybunga pasig metro manila philippines,"Maui Oasis, Maybunga, Pasig, Metro Manila, Philippines, Metro Manila, Philippines",,,,,
Maven,"Oranbo, Pasig, Metro Manila","Maven, Oranbo, Pasig, Metro Manila, Philippines",maven oranbo pasig metro manila philippines,maven oranbo pasig metro manila philippines,,14.5760998,121.0650585,google,"2nd floor, Main lobby, Maven at, Capitol Commons, Camino Verde Rd, Pasig, Metro Manila, Philippines",CLEANED|ROOFTOP
Mayfair Mansion,"Legazpi Village, Makati, Metro Manila","Mayfair Mansion, Legazpi Village, Makati, Metro Manila, Philippines",mayfair mansion legazpi village makati metro manila philippines,mayfair mansion legazpi village makati metro manila philippines,,14.5543532,121.020295,google,"Mayfair Mansion, Makati City, Metro Manila, Philippines",CLEANED|ROOFTOP
Mayfair Tower,"Ermita, Manila, Metro Manila","Mayfair Tower, Ermita, Manila, Metro Manila, Philippines",mayfair tower ermita manila metro manila philippines,mayfair tower ermita manila metro manila philippines,,14.5800456,120.9805966,google,"Mayfair Tower, United Nations Ave, Ermita, Manila, 1000 Metro Manila, Philippines",CLEANED|ROOFTOP
Mayfield Park Residences,"Rosario, Pasig, Metro Manila","Mayfield Park Residences, Rosario, Pasig, Metro Manila, Philippines",mayfield park residences rosario pasig metro manila philippines,mayfield park residences rosario pasig metro manila philippines,,14.5931432,121.1076764,google,"Felix Ave, Cainta, 1609 Metro Manila, Philippines",CLEANED|GEOMETRIC_CENTER
McKinley Garden Villas,"Pinagsama, Taguig, Metro Manila","McKinley Garden Villas, Pinagsama, Taguig, Metro Manila, Philippines",mckinley garden villas pinagsama taguig metro manila philippines,mckinley garden villas pinagsama taguig metro manila philippines,"McKinley Garden Villas, Pinagsama, Taguig, Metro Manila, Philippines, Metro Manila, Philippines",,,,,
McKinley Park Residences,"BGC, Taguig, Metro Manila","McKinley Park Residences, BGC, Taguig, Metro Manila, Philippines",mckinley park residences bonifacio global city taguig metro manila philippines,mckinley park residences bonifacio global city taguig metro manila philippines,"McKinley Park Residences, BGC, Taguig, Metro Manila, Philippines, Metro Manila, Philippines",,,,,
Mckinley West Village,"Pinagsama, Taguig, Metro Manila","Mckinley West Village, Pinagsama, Taguig, Metro Manila, Philippines",mckinley west village pinagsama taguig metro manila philippines,mckinley west village pinagsama taguig metro manila philippines,,14.5384013,121.0456664,google,"Mckinley west village, 124 Savoy street, Taguig, 1645 Metro Manila, Philippines",CLEANED|GEOMETRIC_CENTER
Melbourne Residences,"Urdaneta, Makati, Metro Manila","Melbourne Residences, Urdaneta, Makati, Metro Manila, Philippines",melbourne residences urdaneta makati metro manila philippines,melbourne residences urdaneta makati metro manila philippines,"Melbourne Residences, Urdaneta, Makati, Metro Manila, Philippines, Metro Manila, Philippines",,,,,
Mercedes Residences,"San Miguel, Pasig, Metro Manila","Mercedes Residences, San Miguel, Pasig, Metro Manila, Philippines",mercedes residences san miguel pasig metro manila philippines,mercedes residences san miguel pasig metro manila philippines,,14.5681782,121.0873274,google,"Mercedes Residences, 29 Mercedes Ave, Pasig, Metro Manila, Philippines",CLEANED|ROOFTOP
Mergent Residences,"Poblacion, Makati, Metro Manila","Mergent Residences, Poblacion, Makati, Metro Manila, Philippines",mergent residences poblacion makati metro manila philippines,mergent residences poblacion makati metro manila philippines,,14.5666523,121.0292711,google,"Salamanca Street, corner B Valdez, Makati City, 1630 Metro Manila, Philippines",CLEANED|ROOFTOP
Mezza 2 Residences,"Doña Imelda, Quezon City, Metro Manila","Mezza 2 Residences, Doña Imelda, Quezon City, Metro Manila, Philippines",mezza 2 dona imelda quezon city metro manila philippines,mezza 2 dona imelda quezon city metro manila philippines,,14.6070319,121.0195749,google,"Mezza II Residences, Guirayan Street, corner Aurora Blvd, Quezon City, Metro Manila, Philippines",CLEANED|ROOFTOP
Mezza II Residences,"Pasong Tamo, Quezon City, Metro Manila","Mezza II Residences, Pasong Tamo, Quezon City, Metro Manila, Philippines",mezza ii residences pasong tamo quezon city metro manila philippines,mezza ii residences pasong tamo quezon city metro manila philippines,"Mezza II Residences, Pasong Tamo, Quezon City, Metro Manila, Philippines, Metro Manila, Philippines",,,,,
Mezza Residences,"Kaunlaran, Quezon City, Metro Manila","Mezza Residences, Kaunlaran, Quezon City, Metro Manila, Philippines",mezza residences kaunlaran quezon city metro manila philippines,mezza residences kaunlaran quezon city metro manila philippines,"Mezza Residences, Kaunlaran, Quezon City, Metro Manila, Philippines, Metro Manila, Philippines",,,,,
Mi Casa,"Pasay, Metro Manila","Mi Casa, Pasay, Metro Manila, Philippines",mi casa pasay metro manila philippines,mi casa pasay metro manila philippines,,14.5387505,120.9900073,google,"Metrobank Avenue, Metropolitan Park, EDSA, corner Diosdado Macapagal Blvd, Pasay City, 1226 Metro Manila, Philippines",CLEANED|ROOFTOP
MidPark Towers,"Baclaran, Parañaque, Metro Manila","MidPark Towers, Baclaran, Parañaque, Metro Manila, Philippines",midpark towers baclaran paranaque metro manila philippines,midpark towers baclaran paranaque metro manila philippines,"MidPark Towers, Baclaran, Parañaque, Metro Manila, Philippines, Metro Manila, Philippines",,,,,
Milan Residenze,"Bagbag, Quezon City, Metro Manila","Milan Residenze, Bagbag, Quezon City, Metro Manila, Philippines",milan residenze bagbag quezon city metro manila philippines,milan residenze bagbag quezon city metro manila philippines,"Milan Residenze, Bagbag, Quezon City, Metro Manila, Philippines, Metro Manila, Philippines",,,,,
Milan Residenze Fairview,"Fairview, Quezon City, Metro Manila","Milan Residenze Fairview, Fairview, Quezon City, Metro Manila, Philippines",milan residenze fairview fairview quezon city metro manila philippines,milan residenze fairview fairview quezon city metro manila philippines,"Milan Residenze Fairview, Fairview, Quezon City, Metro Manila, Philippines, Metro Manila, Philippines",,,,,
Mint Residences,"Urdaneta, Makati, Metro Manila","Mint Residences, Urdaneta, Makati, Metro Manila, Philippines",mint residences urdaneta makati metro manila philippines,mint residences urdaneta makati metro manila philippines,"Mint Residences, Urdaneta, Makati, Metro Manila, Philippines, Metro Manila, Philippines",,,,,
Mirea Residences,"Santolan, Pasig, Metro Manila","Mirea Residences, Santolan, Pasig, Metro Manila, Philippines",mirea residences santolan pasig metro manila philippines,mirea residences santolan pasig metro manila philippines,,14.614892,121.0913989,google,"Eulogio Amang Rodriguez Ave, Pasig, 1800 Metro Manila, Philippines",CLEANED|GEOMETRIC_CENTER
Molave Park Subdivision,"Parañaque, Metro Manila","Molave Park Subdivision, Parañaque, Metro Manila, Philippines",molave park subdivision paranaque metro manila philippines,molave park subdivision paranaque metro manila philippines,,14.4997938,121.0316671,google,"F2XJ+WM7, Parañaque, 1709 Metro Manila, Philippines",CLEANED|GEOMETRIC_CENTER
Moldex Residences Valenzuela,"Paso de Blas, Valenzuela, Metro Manila","Moldex Residences Valenzuela, Paso de Blas, Valenzuela, Metro Manila, Philippines",moldex residences valenzuela paso de blas valenzuela metro manila philippines,moldex residences valenzuela paso de blas valenzuela metro manila philippines,,14.7047464,120.9887325,google,"Maysan Road, corner E Miranda St, Valenzuela, Metro Manila, Philippines",CLEANED|ROOFTOP
Monarch Parksuites,"Parañaque, Metro Manila","Monarch Parksuites, Parañaque, Metro Manila, Philippines",monarch parksuites paranaque metro manila philippines,monarch parksuites paranaque metro manila philippines,,14.5295643,120.9854747,google,"Aseana Business Park, Bradco Ave, Parañaque, Metro Manila, Philippines",CLEANED|ROOFTOP
Mondrian Residences,"Alabang, Muntinlupa, Metro Manila","Mondrian Residences, Alabang, Muntinlupa, Metro Manila, Philippines",mondrian residences alabang muntinlupa metro manila philippines,mondrian residences alabang muntinlupa metro manila philippines,,14.419093,121.035289,google,"5321 E Asia Dr, Muntinlupa, 1781 Metro Manila, Philippines",CLEANED|ROOFTOP
Monte Carlo Towers,"Longos, Malolos, Metro Manila","Monte Carlo Towers, Longos, Malolos, Metro Manila, Philippines",monte carlo towers longos malolos metro manila philippines,monte carlo towers longos malolos metro manila philippines,"Monte Carlo Towers, Longos, Malolos, Metro Manila, Philippines, Metro Manila, Philippines",,,,,
Morgan Suites,"Pinagsama, Taguig, Metro Manila","Morgan Suites, Pinagsama, Taguig, Metro Manila, Philippines",morgan suites pinagsama taguig metro manila philippines,morgan suites pinagsama taguig metro manila philippines,,14.5331541,121.049065,google,"Morgan Suites Executive Residences, 1634 Florence Wy, Taguig, Metro Manila, Philippines",CLEANED|ROOFTOP
Morgan Suites Executive Residences,"McKinley Hill, Taguig, Metro Manila","Morgan Suites Executive Residences, McKinley Hill, Taguig, Metro Manila, Philippines",morgan suites executive residences mckinley hill taguig metro manila philippines,morgan suites executive residences mckinley hill taguig metro manila philippines,,14.5338105,121.0486047,google,"Morgan Suites Executive Residences, Mckinley Hill Florence Wy, Taguig, Metro Manila, Philippines",CLEANED|ROOFTOP
Mosaic,"Valenzuela, Makati, Metro Manila","Mosaic, Valenzuela, Makati, Metro Manila, Philippines",mosaic valenzuela makati metro manila philippines,mosaic valenzuela makati metro manila philippines,"Mosaic, Valenzuela, Makati, Metro Manila, Philippines, Metro Manila, Philippines",,,,,
Mulberry Place,"Taguig, Metro Manila","Mulberry Place, Taguig, Metro Manila, Philippines",mulberry place taguig metro manila philippines,mulberry place taguig metro manila philippines,,14.5228923,121.06598,google,"Acacia Estates, Taguig, Metro Manila, Philippines",CLEANED|GEOMETRIC_CENTER
Multinational Village,"Parañaque, Metro Manila","Multinational Village, Parañaque, Metro Manila, Philippines",multinational village paranaque metro manila philippines,multinational village paranaque metro manila philippines,,14.4943618,121.0031547,google,"2D goodness st, Multinational Ave, Parañaque, 1709 Metro Manila, Philippines",CLEANED|GEOMETRIC_CENTER
My Place at Ortigas,"Ugong, Pasig, Metro Manila","My Place at Ortigas, Ugong, Pasig, Metro Manila, Philippines",my place at ortigas ugong pasig metro manila philippines,my place at ortigas ugong pasig metro manila philippines,"My Place at Ortigas, Ugong, Pasig, Metro Manila, Philippines, Metro Manila, Philippines",,,,,
My Place at South Triangle,"South Triangle, Quezon City, Metro Manila","My Place at South Triangle, South Triangle, Quezon City, Metro Manila, Philippines",my place at south triangle south triangle quezon city metro manila philippines,my place at south triangle south triangle quezon city metro manila philippines,"My Place at South Triangle, South Triangle, Quezon City, Metro Manila, Philippines, Metro Manila, Philippines",,,,,
Neopolitan Condominium,"Ramon Magsaysay, Quezon City, Metro Manila","Neopolitan Condominium, Ramon Magsaysay, Quezon City, Metro Manila, Philippines",neopolitan condominium ramon magsaysay quezon city metro manila philippines,neopolitan condominium ramon magsaysay quezon city metro manila philippines,"Neopolitan Condominium, Ramon Magsaysay, Quezon City, Metro Manila, Philippines, Metro Manila, Philippines",,,,,
Neopolitan Condominiums,"Fairview, Quezon City, Metro Manila","Neopolitan Condominiums, Fairview, Quezon City, Metro Manila, Philippines",neopolitan condominiums fairview quezon city metro manila philippines,neopolitan condominiums fairview quezon city metro manila philippines,"Neopolitan Condominiums, Fairview, Quezon City, Metro Manila, Philippines, Metro Manila, Philippines",,,,,
Noble Place,"Binondo, Manila, Metro Manila","Noble Place, Binondo, Manila, Metro Manila, Philippines",noble place binondo manila metro manila philippines,noble place binondo manila metro manila philippines,,14.5968848,120.9753589,google,"Juan Luna St, 1006 Dasmariñas St, Binondo, Manila, 1006 Metro Manila, Philippines",CLEANED|ROOFTOP
North Gate,"Muntinlupa, Metro Manila","North Gate, Muntinlupa, Metro Manila, Philippines",north gate muntinlupa metro manila philippines,north gate muntinlupa metro manila philippines,,14.425768,121.0385805,google,"Northgate Ave, Muntinlupa, Metro Manila, Philippines",CLEANED|GEOMETRIC_CENTER
North Residences,"Veterans Village, Quezon City, Metro Manila","North Residences, Veterans Village, Quezon City, Metro Manila, Philippines",north residences veterans village quezon city metro manila philippines,north residences veterans village quezon city metro manila philippines,,14.6570094,121.0220208,google,"Epifanio de los Santos Avenue, cor Lanutan, Project 7, Quezon City, Metro Manila, Philippines",CLEANED|ROOFTOP
Novotel Suites Manila,"Makati, Metro Manila","Novotel Suites Manila, Makati, Metro Manila, Philippines",novotel suites manila makati metro manila philippines,novotel suites manila makati metro manila philippines,"Novotel Suites Manila, Makati, Metro Manila, Philippines, Metro Manila, Philippines",14.56769,121.0353413,google,"Novotel Tower, Brgy, Coronado, Mandaluyong City, 1550 Metro Manila, Philippines",FALLBACK_FULL|GEOMETRIC_CENTER
Number One West Tower,"Bangkal, Makati, Metro Manila","Number One West Tower, Bangkal, Makati, Metro Manila, Philippines",number one west tower bangkal makati metro manila philippines,number one west tower bangkal makati metro manila philippines,"Number One West Tower, Bangkal, Makati, Metro Manila, Philippines, Metro Manila, Philippines",,,,,
Nuveo at Cerca,"Almanza Uno, Las Piñas, Metro Manila","Nuveo at Cerca, Almanza Uno, Las Piñas, Metro Manila, Philippines",nuveo at cerca almanza uno las pinas metro manila philippines,nuveo at cerca almanza uno las pinas metro manila philippines,,14.4263024,121.0208091,google,"Investment Dr, Las Piñas, 1750 Metro Manila, Philippines",CLEANED|GEOMETRIC_CENTER
OLYMPIC HEIGHTS,"Ramon Magsaysay, Quezon City, Metro Manila","OLYMPIC HEIGHTS, Ramon Magsaysay, Quezon City, Metro Manila, Philippines",olympic heights ramon magsaysay quezon city metro manila philippines,olympic heights ramon magsaysay quezon city metro manila philippines,"OLYMPIC HEIGHTS, Ramon Magsaysay, Quezon City, Metro Manila, Philippines, Metro Manila, Philippines",,,,,
ONE BURGUNDY PLAZA,"Ramon Magsaysay, Quezon City, Metro Manila","ONE BURGUNDY PLAZA, Ramon Magsaysay, Quezon City, Metro Manila, Philippines",one burgundy plaza ramon magsaysay quezon city metro manila philippines,one burgundy plaza ramon magsaysay quezon city metro manila philippines,"ONE BURGUNDY PLAZA, Ramon Magsaysay, Quezon City, Metro Manila, Philippines, Metro Manila, Philippines",,,,,
ONE86 at Wilson,"Maytunas, San Juan, Metro Manila","ONE86 at Wilson, Maytunas, San Juan, Metro Manila, Philippines",one86 at wilson maytunas san juan metro manila philippines,one86 at wilson maytunas san juan metro manila philippines,,14.5960965,121.0363051,google,"186 Wilson, San Juan City, 1500 Metro Manila, Philippines",CLEANED|ROOFTOP
Oak Harbor Residences,"Don Bosco, Parañaque, Metro Manila","Oak Harbor Residences, Don Bosco, Parañaque, Metro Manila, Philippines",oak harbor residences don bosco paranaque metro manila philippines,oak harbor residences don bosco paranaque metro manila philippines,"Oak Harbor Residences, Don Bosco, Parañaque, Metro Manila, Philippines, Metro Manila, Philippines",,,,,
Ocean Tower,"Malate, Manila, Metro Manila","Ocean Tower, Malate, Manila, Metro Manila, Philippines",ocean tower malate manila metro manila philippines,ocean tower malate manila metro manila philippines,,14.5662509,120.984809,google,"Ocean Tower Condominiums, 2044 Roxas Blvd, Malate, Manila, 1004 Metro Manila, Philippines",CLEANED|ROOFTOP
Oceanaire Luxurious Residences,"Pasay, Metro Manila","Oceanaire Luxurious Residences, Pasay, Metro Manila, Philippines",oceanaire luxurious residences pasay metro manila philippines,oceanaire luxurious residences pasay metro manila philippines,"Oceanaire Luxurious Residences, Pasay, Metro Manila, Philippines, Metro Manila, Philippines",,,,,
Ohana Place,"Almanza Uno, Las Piñas, Metro Manila","Ohana Place, Almanza Uno, Las Piñas, Metro Manila, Philippines",ohana place almanza uno las pinas metro manila philippines,ohana place almanza uno las pinas metro manila philippines,,14.4302311,121.01832,google,"Ohana Pl, Las Piñas, Metro Manila, Philippines",CLEANED|GEOMETRIC_CENTER
Olympic Heights Tower,"Eastwood City, Quezon City, Metro Manila","Olympic Heights Tower, Eastwood City, Quezon City, Metro Manila, Philippines",olympic heights tower eastwood city quezon city metro manila philippines,olympic heights tower eastwood city quezon city metro manila philippines,,14.6113263,121.0794173,google,"J36H+GQM, Eastwood Ave, Quezon City, 1800 Metro Manila, Philippines",CLEANED|GEOMETRIC_CENTER
Omni Gardens,"Quiapo, Manila, Metro Manila","Omni Gardens, Quiapo, Manila, Metro Manila, Philippines",omni gardens quiapo manila metro manila philippines,omni gardens quiapo manila metro manila philippines,"Omni Gardens, Quiapo, Manila, Metro Manila, Philippines, Metro Manila, Philippines",,,,,
One Adriatico Place,"Quiapo, Manila, Metro Manila","One Adriatico Place, Quiapo, Manila, Metro Manila, Philippines",one adriatico place quiapo manila metro manila philippines,one adriatico place quiapo manila metro manila philippines,,14.5745307,120.9838456,google,"HXFM+RG9, Adriatico St, Ermita, Manila, 1000 Metro Manila, Philippines",CLEANED|GEOMETRIC_CENTER
One Adriatico Residences,"Malate, Manila, Metro Manila","One Adriatico Residences, Malate, Manila, Metro Manila, Philippines",one adriatico residences malate manila metro manila philippines,one adriatico residences malate manila metro manila philippines,"One Adriatico Residences, Malate, Manila, Metro Manila, Philippines, Metro Manila, Philippines",,,,,
One Antonio,"San Antonio, Makati, Metro Manila","One Antonio, San Antonio, Makati, Metro Manila, Philippines",one antonio san antonio makati metro manila philippines,one antonio san antonio makati metro manila philippines,,14.5640854,121.0128905,google,"Sacred Heart cor. Dao Streets, San Antonio, Makati City, Makati City, Metro Manila, Philippines",CLEANED|GEOMETRIC_CENTER
One Archer's Place,"Malate, Manila, Metro Manila","One Archer's Place, Malate, Manila, Metro Manila, Philippines",one archer's place malate manila metro manila philippines,one archer's place malate manila metro manila philippines,,14.5669253,120.9929855,google,"One Archers Place, 2311 Taft Ave, Malate, Manila, 1004 Metro Manila, Philippines",CLEANED|ROOFTOP
One Archers Place,"Malate, Manila, Metro Manila","One Archers Place, Malate, Manila, Metro Manila, Philippines",one archers place malate manila metro manila philippines,one archers place malate manila metro manila philippines,,14.5669253,120.9929855,google,"One Archers Place, 2311 Taft Ave, Malate, Manila, 1004 Metro Manila, Philippines",CLEANED|ROOFTOP
One Beverly Place,"Greenhills, San Juan, Metro Manila","One Beverly Place, Greenhills, San Juan, Metro Manila, Philippines",one beverly place greenhills san juan metro manila philippines,one beverly place greenhills san juan metro manila philippines,,14.6044898,121.0526356,google,"35 Annapolis St, San Juan City, 1503 Metro Manila, Philippines",CLEANED|ROOFTOP
One Castilla Place,"Pasong Tamo, Quezon City, Metro Manila","One Castilla Place, Pasong Tamo, Quezon City, Metro Manila, Philippines",one castilla place pasong tamo quezon city metro manila philippines,one castilla place pasong tamo quezon city metro manila philippines,"One Castilla Place, Pasong Tamo, Quezon City, Metro Manila, Philippines, Metro Manila, Philippines",,,,,
One Central,"Urdaneta, Makati, Metro Manila","One Central, Urdaneta, Makati, Metro Manila, Philippines",one central urdaneta makati metro manila philippines,one central urdaneta makati metro manila philippines,"One Central, Urdaneta, Makati, Metro Manila, Philippines, Metro Manila, Philippines",,,,,
One Central Makati,"Bangkal, Makati, Metro Manila","One Central Makati, Bangkal, Makati, Metro Manila, Philippines",one central makati bangkal makati metro manila philippines,one central makati bangkal makati metro manila philippines,"One Central Makati, Bangkal, Makati, Metro Manila, Philippines, Metro Manila, Philippines",,,,,
One Central Park,"Eastwood City, Quezon City, Metro Manila","One Central Park, Eastwood City, Quezon City, Metro Manila, Philippines",one central park eastwood city quezon city metro manila philippines,one central park eastwood city quezon city metro manila philippines,,14.6108772,121.0794294,google,"15 Orchard Rd, Quezon City, 1110 Metro Manila, Philippines",CLEANED|ROOFTOP
One Central Tower 1,"Urdaneta, Makati, Metro Manila","One Central Tower 1, Urdaneta, Makati, Metro Manila, Philippines",one central 1 urdaneta makati metro manila philippines,one central 1 urdaneta makati metro manila philippines,"One Central Tower 1, Urdaneta, Makati, Metro Manila, Philippines, Metro Manila, Philippines",,,,,
One Delta Terraces,"Diliman, Quezon City, Metro Manila","One Delta Terraces, Diliman, Quezon City, Metro Manila, Philippines",one delta terraces diliman quezon city metro manila philippines,one delta terraces diliman quezon city metro manila philippines,,14.6379006,121.0266941,google,"Quezon Avenue Brgy, Quezon City, 1104 Metro Manila, Philippines",CLEANED|GEOMETRIC_CENTER
One Eastwood Avenue,"Eastwood City, Quezon City, Metro Manila","One Eastwood Avenue, Eastwood City, Quezon City, Metro Manila, Philippines",one eastwood avenue eastwood city quezon city metro manila philippines,one eastwood avenue eastwood city quezon city metro manila philippines,,14.6077212,121.0791733,google,"Tower One, One Eastwood Ave, Quezon City, 1110 Metro Manila, Philippines",CLEANED|ROOFTOP
One Eastwood Avenue Tower 1,"Pasong Tamo, Quezon City, Metro Manila","One Eastwood Avenue Tower 1, Pasong Tamo, Quezon City, Metro Manila, Philippines",one eastwood avenue 1 pasong tamo quezon city metro manila philippines,one eastwood avenue 1 pasong tamo quezon city metro manila philippines,"One Eastwood Avenue Tower 1, Pasong Tamo, Quezon City, Metro Manila, Philippines, Metro Manila, Philippines",,,,,
One Eastwood Avenue Tower 2,"Pasong Tamo, Quezon City, Metro Manila","One Eastwood Avenue Tower 2, Pasong Tamo, Quezon City, Metro Manila, Philippines",one eastwood avenue 2 pasong tamo quezon city metro manila philippines,one eastwood avenue 2 pasong tamo quezon city metro manila philippines,"One Eastwood Avenue Tower 2, Pasong Tamo, Quezon City, Metro Manila, Philippines, Metro Manila, Philippines",,,,,
One Gateway Place,"Barangka Ilaya, Mandaluyong, Metro Manila","One Gateway Place, Barangka Ilaya, Mandaluyong, Metro Manila, Philippines",one gateway place barangka ilaya mandaluyong metro manila philippines,one gateway place barangka ilaya mandaluyong metro manila philippines,,14.5711297,121.049075,google,"One Gateway Place, Mandaluyong City, Metro Manila, Philippines",CLEANED|ROOFTOP
One Hidalgo,"Malate, Manila, Metro Manila","One Hidalgo, Malate, Manila, Metro Manila, Philippines",one hidalgo malate manila metro manila philippines,one hidalgo malate manila metro manila philippines,,14.5742731,120.9885713,google,"1730 Pilar Hidalgo Lim, Malate, Manila, 1004 Metro Manila, Philippines",CLEANED|ROOFTOP
One Katipunan Residences,"Loyola Heights, Quezon City, Metro Manila","One Katipunan Residences, Loyola Heights, Quezon City, Metro Manila, Philippines",one katipunan residences loyola heights quezon city metro manila philippines,one katipunan residences loyola heights quezon city metro manila philippines,,14.6320451,121.073896,google,"261 Katipunan Ave, Quezon City, 1800 Metro Manila, Philippines",CLEANED|ROOFTOP
One Lafayette Square,"Bel-Air, Makati, Metro Manila","One Lafayette Square, Bel-Air, Makati, Metro Manila, Philippines",one lafayette square bel-air makati metro manila philippines,one lafayette square bel-air makati metro manila philippines,,14.5590339,121.0219974,google,"132 L. P. Leviste corner Sedeño Street, Salcedo Village, Makati City, Metro Manila, Makati City, Metro Manila, Philippines",CLEANED|GEOMETRIC_CENTER
One Legazpi Park,"Legazpi Village, Makati, Metro Manila","One Legazpi Park, Legazpi Village, Makati, Metro Manila, Philippines",one legazpi park legazpi village makati metro manila philippines,one legazpi park legazpi village makati metro manila philippines,"One Legazpi Park, Legazpi Village, Makati, Metro Manila, Philippines, Metro Manila, Philippines",,,,,
One Maridien,"Fort Bonifacio, Taguig, Metro Manila","One Maridien, Fort Bonifacio, Taguig, Metro Manila, Philippines",one maridien fort bonifacio bonifacio taguig metro manila philippines,one maridien fort bonifacio bonifacio taguig metro manila philippines,"One Maridien, Fort Bonifacio, Taguig, Metro Manila, Philippines, Metro Manila, Philippines",,,,,
One Mckinley Place,"BGC, Taguig, Metro Manila","One Mckinley Place, BGC, Taguig, Metro Manila, Philippines",one mckinley place bonifacio global city taguig metro manila philippines,one mckinley place bonifacio global city taguig metro manila philippines,"One Mckinley Place, BGC, Taguig, Metro Manila, Philippines, Metro Manila, Philippines",,,,,
One Metropolitan Place,"Pasay, Metro Manila","One Metropolitan Place, Pasay, Metro Manila, Philippines",one metropolitan place pasay metro manila philippines,one metropolitan place pasay metro manila philippines,,14.5364686,121.0043245,google,"G2P3+HPP, Edang, Pasay City, Kalakhang Maynila, Philippines",CLEANED|GEOMETRIC_CENTER
One Nenita Place,"Ramon Magsaysay, Quezon City, Metro Manila","One Nenita Place, Ramon Magsaysay, Quezon City, Metro Manila, Philippines",one nenita place ramon magsaysay quezon city metro manila philippines,one nenita place ramon magsaysay quezon city metro manila philippines,"One Nenita Place, Ramon Magsaysay, Quezon City, Metro Manila, Philippines, Metro Manila, Philippines",,,,,
One Oasis Ortigas,"Santa Lucia, Pasig, Metro Manila","One Oasis Ortigas, Santa Lucia, Pasig, Metro Manila, Philippines",one oasis ortigas santa lucia pasig metro manila philippines,one oasis ortigas santa lucia pasig metro manila philippines,,14.5896188,121.0958667,google,"Ortigas Ave, Pasig, 1600 Metro Manila, Philippines",CLEANED|GEOMETRIC_CENTER
One Orchard Road,"Ramon Magsaysay, Quezon City, Metro Manila","One Orchard Road, Ramon Magsaysay, Quezon City, Metro Manila, Philippines",one orchard road ramon magsaysay quezon city metro manila philippines,one orchard road ramon magsaysay quezon city metro manila philippines,"One Orchard Road, Ramon Magsaysay, Quezon City, Metro Manila, Philippines, Metro Manila, Philippines",,,,,
One Palm Tree Villas,"Newport City, Pasay, Metro Manila","One Palm Tree Villas, Newport City, Pasay, Metro Manila, Philippines",one palm tree villas newport city pasay metro manila philippines,one palm tree villas newport city pasay metro manila philippines,"One Palm Tree Villas, Newport City, Pasay, Metro Manila, Philippines, Metro Manila, Philippines",,,,,
One Park Drive,"Taguig, Metro Manila","One Park Drive, Taguig, Metro Manila, Philippines",one park drive taguig metro manila philippines,one park drive taguig metro manila philippines,,14.5560217,121.0532919,google,"11th Drive, corner 9th Ave, Makati City, 1634 Metro Manila, Philippines",CLEANED|ROOFTOP
One Premier,"Almanza Uno, Las Piñas, Metro Manila","One Premier, Almanza Uno, Las Piñas, Metro Manila, Philippines",one premier almanza uno las pinas metro manila philippines,one premier almanza uno las pinas metro manila philippines,,14.4293032,121.0211229,google,"One Premier, Alabang Premier, 1st Street, Lot 3-A-3-D, Km. 21 Alabang–Zapote Rd, Brgy. Almanza Uno, Las Piñas, 1750 Metro Manila, Philippines",CLEANED|ROOFTOP
One Rockwell,"Rockwell, Makati, Metro Manila","One Rockwell, Rockwell, Makati, Metro Manila, Philippines",one rockwell rockwell makati metro manila philippines,one rockwell rockwell makati metro manila philippines,,14.5634222,121.0383925,google,"One Rockwell East Tower, Rockwell Dr, Makati City, Metro Manila, Philippines",CLEANED|ROOFTOP
One Rockwell East Tower,"Makati, Metro Manila","One Rockwell East Tower, Makati, Metro Manila, Philippines",one rockwell east tower makati metro manila philippines,one rockwell east tower makati metro manila philippines,,14.5634222,121.0383925,google,"One Rockwell East Tower, Rockwell Dr, Makati City, Metro Manila, Philippines",CLEANED|ROOFTOP
One Roxas Triangle,"Urdaneta, Makati, Metro Manila","One Roxas Triangle, Urdaneta, Makati, Metro Manila, Philippines",one roxas triangle urdaneta makati metro manila philippines,one roxas triangle urdaneta makati metro manila philippines,,14.5599207,121.0286049,google,"One Roxas Triangle Cond, H25H+XC9, Cruzada St, Makati City, Metro Manila, Philippines",CLEANED|GEOMETRIC_CENTER
One Roxas Triangle Tower,"Urdaneta, Makati, Metro Manila","One Roxas Triangle Tower, Urdaneta, Makati, Metro Manila, Philippines",one roxas triangle tower urdaneta makati metro manila philippines,one roxas triangle tower urdaneta makati metro manila philippines,,14.5599207,121.0286049,google,"One Roxas Triangle Cond, H25H+XC9, Cruzada St, Makati City, Metro Manila, Philippines",CLEANED|GEOMETRIC_CENTER
One San Antonio Residences,"San Antonio, Makati, Metro Manila","One San Antonio Residences, San Antonio, Makati, Metro Manila, Philippines",one san antonio residences san antonio makati metro manila philippines,one san antonio residences san antonio makati metro manila philippines,"One San Antonio Residences, San Antonio, Makati, Metro Manila, Philippines, Metro Manila, Philippines",,,,,
One Serendra,"BGC, Taguig, Metro Manila","One Serendra, BGC, Taguig, Metro Manila, Philippines",one serendra bonifacio global city taguig metro manila philippines,one serendra bonifacio global city taguig metro manila philippines,"One Serendra, BGC, Taguig, Metro Manila, Philippines, Metro Manila, Philippines",,,,,
One Shangri-La Place,"Wack-Wack Greenhills, Mandaluyong, Metro Manila","One Shangri-La Place, Wack-Wack Greenhills, Mandaluyong, Metro Manila, Philippines",one shangri-la place wack-wack greenhills mandaluyong metro manila philippines,one shangri-la place wack-wack greenhills mandaluyong metro manila philippines,,14.5820522,121.0557985,google,"Shang Central, Epifanio de los Santos Ave, Ortigas Center, Mandaluyong City, 1550 Metro Manila, Philippines",CLEANED|ROOFTOP
One Shangrila Place,"Ortigas Center, Mandaluyong, Metro Manila","One Shangrila Place, Ortigas Center, Mandaluyong, Metro Manila, Philippines",one shangrila place ortigas center mandaluyong metro manila philippines,one shangrila place ortigas center mandaluyong metro manila philippines,,14.5820522,121.0557985,google,"Shang Central, Epifanio de los Santos Ave, Ortigas Center, Mandaluyong City, 1550 Metro Manila, Philippines",CLEANED|ROOFTOP
One Shangrila Place Ortigas,"Ortigas Center, Mandaluyong, Metro Manila","One Shangrila Place Ortigas, Ortigas Center, Mandaluyong, Metro Manila, Philippines",one shangrila place ortigas ortigas center mandaluyong metro manila philippines,one shangrila place ortigas ortigas center mandaluyong metro manila philippines,,14.5820522,121.0557985,google,"Shang Central, Epifanio de los Santos Ave, Ortigas Center, Mandaluyong City, 1550 Metro Manila, Philippines",CLEANED|ROOFTOP
One Sierra,"Highway Hills, Mandaluyong, Metro Manila","One Sierra, Highway Hills, Mandaluyong, Metro Manila, Philippines",one sierra highway hills mandaluyong metro manila philippines,one sierra highway hills mandaluyong metro manila philippines,,14.5783864,121.0511259,google,"EDSA and, Barangay, Sierra Madre, Mandaluyong City, Metro Manila, Philippines",CLEANED|GEOMETRIC_CENTER
One Union Place,"Western Bicutan, Taguig, Metro Manila","One Union Place, Western Bicutan, Taguig, Metro Manila, Philippines",one union place western bicutan taguig metro manila philippines,one union place western bicutan taguig metro manila philippines,,14.5029325,121.0476261,google,"ARCA South, South Union Dr, Taguig, 1630 Metro Manila, Philippines",CLEANED|ROOFTOP
One Uptown Residence,"Fort Bonifacio, Taguig, Metro Manila","One Uptown Residence, Fort Bonifacio, Taguig, Metro Manila, Philippines",one uptown residence fort bonifacio bonifacio taguig metro manila philippines,one uptown residence fort bonifacio bonifacio taguig metro manila philippines,"One Uptown Residence, Fort Bonifacio, Taguig, Metro Manila, Philippines, Metro Manila, Philippines",,,,,
One Uptown Residences,"Taguig, Metro Manila","One Uptown Residences, Taguig, Metro Manila, Philippines",one uptown residences taguig metro manila philippines,one uptown residences taguig metro manila philippines,,14.5570147,121.0529192,google,"8th Avenue, corner 36th St, Makati City, 1630 Metro Manila, Philippines",CLEANED|ROOFTOP
One Wilson Square,"Greenhills, San Juan, Metro Manila","One Wilson Square, Greenhills, San Juan, Metro Manila, Philippines",one wilson square greenhills san juan metro manila philippines,one wilson square greenhills san juan metro manila philippines,,14.6009486,121.047602,google,"One Wilson Square, Ortigas Ave, San Juan City, 1105 Metro Manila, Philippines",CLEANED|ROOFTOP
Orchard Towers,"Bagong Ilog, Pasig, Metro Manila","Orchard Towers, Bagong Ilog, Pasig, Metro Manila, Philippines",orchard towers bagong ilog pasig metro manila philippines,orchard towers bagong ilog pasig metro manila philippines,"Orchard Towers, Bagong Ilog, Pasig, Metro Manila, Philippines, Metro Manila, Philippines",,,,,
Orean Place,"Diliman, Quezon City, Metro Manila","Orean Place, Diliman, Quezon City, Metro Manila, Philippines",orean place diliman quezon city metro manila philippines,orean place diliman quezon city metro manila philippines,,14.6483867,121.039251,google,"North Triangle, Brgy, Vertis North, Quezon City, 1105 Metro Manila, Philippines",CLEANED|ROOFTOP
Orean Place at Vertis North,"Bagong Pag-Asa, Quezon City, Metro Manila","Orean Place at Vertis North, Bagong Pag-Asa, Quezon City, Metro Manila, Philippines",orean place at vertis north bagong pag-asa quezon city metro manila philippines,orean place at vertis north bagong pag-asa quezon city metro manila philippines,,14.6483867,121.039251,google,"North Triangle, Brgy, Vertis North, Quezon City, 1105 Metro Manila, Philippines",CLEANED|ROOFTOP
Orient Mansions,"Bel-Air, Makati, Metro Manila","Orient Mansions, Bel-Air, Makati, Metro Manila, Philippines",orient mansions bel-air makati metro manila philippines,orient mansions bel-air makati metro manila philippines,,14.5606831,121.0246083,google,"Orient Mansions, 114 Tordesillas, Makati City, Metro Manila, Philippines",CLEANED|ROOFTOP
Oriental Garden,"Pio Del Pilar, Makati, Metro Manila","Oriental Garden, Pio Del Pilar, Makati, Metro Manila, Philippines",oriental garden pio del pilar makati metro manila philippines,oriental garden pio del pilar makati metro manila philippines,,14.5585897,121.0123367,google,"Oriental Garden Makati, Chino Roces Ave, Makati City, 1203 Metro Manila, Philippines",CLEANED|ROOFTOP
Oriental Garden Condominium,"Pio Del Pilar, Makati, Metro Manila","Oriental Garden Condominium, Pio Del Pilar, Makati, Metro Manila, Philippines",oriental garden condominium pio del pilar makati metro manila philippines,oriental garden condominium pio del pilar makati metro manila philippines,,14.5587643,121.0117814,google,"Don Chino Roces Avenue, Makati City, Metro Manila, Philippines",CLEANED|GEOMETRIC_CENTER
Oxford Parksuites,"Tondo, Manila, Metro Manila","Oxford Parksuites, Tondo, Manila, Metro Manila, Philippines",oxford parksuites tondo manila metro manila philippines,oxford parksuites tondo manila metro manila philippines,,14.6074388,120.9784512,google,"1242 OXFORD PARKSUITES BENAVIDEZ ST. corner LA TORRE ST. corner MASANGKAY ST. TONDO MANILA, Brgy, Tondo, zip, 1012 Metro Manila, Philippines",CLEANED|GEOMETRIC_CENTER
PALMDALE HEIGHTS,"Bagong Ilog, Pasig, Metro Manila","PALMDALE HEIGHTS, Bagong Ilog, Pasig, Metro Manila, Philippines",palmdale heights bagong ilog pasig metro manila philippines,palmdale heights bagong ilog pasig metro manila philippines,"PALMDALE HEIGHTS, Bagong Ilog, Pasig, Metro Manila, Philippines, Metro Manila, Philippines",,,,,
PHINMA Metrotowne Las Piñas,"Talon Singko, Las Piñas, Metro Manila","PHINMA Metrotowne Las Piñas, Talon Singko, Las Piñas, Metro Manila, Philippines",phinma metrotowne las pinas talon singko las pinas metro manila philippines,phinma metrotowne las pinas talon singko las pinas metro manila philippines,,14.4253318,121.00153,google,"2020 Marcos Alvarez Ave, Talon 5, Las Piñas, 1747 Metro Manila, Philippines",CLEANED|ROOFTOP
PINE CREST,"Mariana, Quezon City, Metro Manila","PINE CREST, Mariana, Quezon City, Metro Manila, Philippines",pine crest mariana quezon city metro manila philippines,pine crest mariana quezon city metro manila philippines,,14.6158389,121.0388275,google,"Aurora Blvd, Cor Balete Dr, Quezon City, 1200 Metro Manila, Philippines",CLEANED|ROOFTOP
PONTE SALCEDO,"Bel-Air, Makati, Metro Manila","PONTE SALCEDO, Bel-Air, Makati, Metro Manila, Philippines",ponte salcedo bel-air makati metro manila philippines,ponte salcedo bel-air makati metro manila philippines,,14.5592284,121.0201158,google,"Ponte Salcedo, 120 Valero, Makati City, Metro Manila, Philippines",CLEANED|ROOFTOP
PRESIDIO AT LAKEFRONT,"Sucat, Muntinlupa, Metro Manila","PRESIDIO AT LAKEFRONT, Sucat, Muntinlupa, Metro Manila, Philippines",presidio at lakefront sucat muntinlupa metro manila philippines,presidio at lakefront sucat muntinlupa metro manila philippines,,14.4665862,121.0546438,google,"Marfori Ave, Muntinlupa, 1781 Metro Manila, Philippines",CLEANED|GEOMETRIC_CENTER
Pacific Coast Residences,"B.F. International Village, Las Piñas, Metro Manila","Pacific Coast Residences, B.F. International Village, Las Piñas, Metro Manila, Philippines",pacific coast residences b.f. international village las pinas metro manila philippines,pacific coast residences b.f. international village las pinas metro manila philippines,,14.4519617,120.9962224,google,"B. F, FX2W+VF6 Pacific Coast Residences, Montreal, Las Piñas, Metro Manila, Philippines",CLEANED|ROOFTOP
Pacific Plaza,"Urdaneta, Makati, Metro Manila","Pacific Plaza, Urdaneta, Makati, Metro Manila, Philippines",pacific plaza urdaneta makati metro manila philippines,pacific plaza urdaneta makati metro manila philippines,,14.552264,121.0282242,google,"Apartment, Ridge Road, Makati City, Metro Manila, Philippines",CLEANED|ROOFTOP
Pacific Plaza Condominium,"Urdaneta, Makati, Metro Manila","Pacific Plaza Condominium, Urdaneta, Makati, Metro Manila, Philippines",pacific plaza condominium urdaneta makati metro manila philippines,pacific plaza condominium urdaneta makati metro manila philippines,,14.552264,121.0282242,google,"Apartment, Ridge Road, Makati City, Metro Manila, Philippines",CLEANED|ROOFTOP
Pacific Plaza Tower,"BGC, Taguig, Metro Manila","Pacific Plaza Tower, BGC, Taguig, Metro Manila, Philippines",pacific plaza tower bonifacio global city taguig metro manila philippines,pacific plaza tower bonifacio global city taguig metro manila philippines,"Pacific Plaza Tower, BGC, Taguig, Metro Manila, Philippines, Metro Manila, Philippines",,,,,
Pacific Plaza Towers,"Fort Bonifacio, Taguig, Metro Manila","Pacific Plaza Towers, Fort Bonifacio, Taguig, Metro Manila, Philippines",pacific plaza towers fort bonifacio bonifacio taguig metro manila philippines,pacific plaza towers fort bonifacio bonifacio taguig metro manila philippines,"Pacific Plaza Towers, Fort Bonifacio, Taguig, Metro Manila, Philippines, Metro Manila, Philippines",,,,,
Pacific Regency Condominium,"Malate, Manila, Metro Manila","Pacific Regency Condominium, Malate, Manila, Metro Manila, Philippines",pacific regency condominium malate manila metro manila philippines,pacific regency condominium malate manila metro manila philippines,,14.5614459,120.994286,google,"760 P.Ocampo St., Malate, Manila, 1004 Metro Manila, Philippines",CLEANED|ROOFTOP
Pacific Skyloft,"Sampaloc, Manila, Metro Manila","Pacific Skyloft, Sampaloc, Manila, Metro Manila, Philippines",pacific skyloft sampaloc manila metro manila philippines,pacific skyloft sampaloc manila metro manila philippines,,14.6126761,120.9902496,google,"1160, 1008 Lacson Ave, Sampaloc, Manila, 1008 Metro Manila, Philippines",CLEANED|ROOFTOP
Palawan Tower at Bay Gardens,"Pasay, Metro Manila","Palawan Tower at Bay Gardens, Pasay, Metro Manila, Philippines",palawan tower at bay gardens pasay metro manila philippines,palawan tower at bay gardens pasay metro manila philippines,"Palawan Tower at Bay Gardens, Pasay, Metro Manila, Philippines, Metro Manila, Philippines",,,,,
Palm Beach West,"Barangay 76, Pasay, Metro Manila","Palm Beach West, Barangay 76, Pasay, Metro Manila, Philippines",palm beach west barangay 76 pasay metro manila philippines,palm beach west barangay 76 pasay metro manila philippines,,14.5429196,120.9890313,google,"GF Bay Garden Club & Residences Metrobank Ave. Metropolitan Park Roxas Boulevard, Brgy 76 Diosdado Macapagal Blvd, Pasay City, 1302 Metro Manila, Philippines",CLEANED|ROOFTOP
Palm Grove,"Don Bosco, Parañaque, Metro Manila","Palm Grove, Don Bosco, Parañaque, Metro Manila, Philippines",palm grove don bosco paranaque metro manila philippines,palm grove don bosco paranaque metro manila philippines,,14.4762919,121.0258581,google,"16, 1700 Dominic Savio, Parañaque, 1700 Metro Manila, Philippines",CLEANED|ROOFTOP
Palm Towers,"San Antonio, Makati, Metro Manila","Palm Towers, San Antonio, Makati, Metro Manila, Philippines",palm towers san antonio makati metro manila philippines,palm towers san antonio makati metro manila philippines,,14.5637209,121.0104285,google,"7706 Saint Paul Road, Makati, Kalakhang Maynila, Philippines",CLEANED|ROOFTOP
Palmdale Hieghts,"Bagong Ilog, Pasig, Metro Manila","Palmdale Hieghts, Bagong Ilog, Pasig, Metro Manila, Philippines",palmdale hieghts bagong ilog pasig metro manila philippines,palmdale hieghts bagong ilog pasig metro manila philippines,"Palmdale Hieghts, Bagong Ilog, Pasig, Metro Manila, Philippines, Metro Manila, Philippines",,,,,
Palmetto Place,"Bangkal, Makati, Metro Manila","Palmetto Place, Bangkal, Makati, Metro Manila, Philippines",palmetto place bangkal makati metro manila philippines,palmetto place bangkal makati metro manila philippines,"Palmetto Place, Bangkal, Makati, Metro Manila, Philippines, Metro Manila, Philippines",,,,,
Panglao Oasis,"Pinagsama, Taguig, Metro Manila","Panglao Oasis, Pinagsama, Taguig, Metro Manila, Philippines",panglao oasis pinagsama taguig metro manila philippines,panglao oasis pinagsama taguig metro manila philippines,"Panglao Oasis, Pinagsama, Taguig, Metro Manila, Philippines, Metro Manila, Philippines",,,,,
Parc Regent,"Bangkal, Makati, Metro Manila","Parc Regent, Bangkal, Makati, Metro Manila, Philippines",parc regent bangkal makati metro manila philippines,parc regent bangkal makati metro manila philippines,"Parc Regent, Bangkal, Makati, Metro Manila, Philippines, Metro Manila, Philippines",,,,,
Park Avenue,"Fort Bonifacio, Taguig, Metro Manila","Park Avenue, Fort Bonifacio, Taguig, Metro Manila, Philippines",park avenue fort bonifacio bonifacio taguig metro manila philippines,park avenue fort bonifacio bonifacio taguig metro manila philippines,,14.5349402,121.0524155,google,"Park Avenue, Taguig, Metro Manila, Philippines",CLEANED|GEOMETRIC_CENTER
Park Cascades,"Taguig, Metro Manila","Park Cascades, Taguig, Metro Manila, Philippines",park cascades taguig metro manila philippines,park cascades taguig metro manila philippines,,14.5061105,121.0476459,google,"East Union Drive, ARCA Blvd, South, Taguig, 1630 Metro Manila, Philippines",CLEANED|GEOMETRIC_CENTER
Park Cascades at Arca South,"Western Bicutan, Taguig, Metro Manila","Park Cascades at Arca South, Western Bicutan, Taguig, Metro Manila, Philippines",park cascades at arca south western bicutan taguig metro manila philippines,park cascades at arca south western bicutan taguig metro manila philippines,"Park Cascades at Arca South, Western Bicutan, Taguig, Metro Manila, Philippines, Metro Manila, Philippines",,,,,
Park Central Towers,"Urdaneta, Makati, Metro Manila","Park Central Towers, Urdaneta, Makati, Metro Manila, Philippines",park central towers urdaneta makati metro manila philippines,park central towers urdaneta makati metro manila philippines,,14.5586922,121.0266752,google,"Paseo de Roxas, 8735 Makati Ave, Makati City, 1227 Metro Manila, Philippines",CLEANED|ROOFTOP
Park East Place,"Fort Bonifacio, Taguig, Metro Manila","Park East Place, Fort Bonifacio, Taguig, Metro Manila, Philippines",park east place fort bonifacio bonifacio taguig metro manila philippines,park east place fort bonifacio bonifacio taguig metro manila philippines,"Park East Place, Fort Bonifacio, Taguig, Metro Manila, Philippines, Metro Manila, Philippines",,,,,
Park McKinley West,"Taguig, Metro Manila","Park McKinley West, Taguig, Metro Manila, Philippines",park mckinley west taguig metro manila philippines,park mckinley west taguig metro manila philippines,,14.5372944,121.0462907,google,"McKinley West Park, Le Grand Ave, Taguig, Metro Manila, Philippines",CLEANED|ROOFTOP
Park One,"Zapote, Las Piñas, Metro Manila","Park One, Zapote, Las Piñas, Metro Manila, Philippines",park one zapote las pinas metro manila philippines,park one zapote las pinas metro manila philippines,,14.4670875,120.9692031,google,"FX89+RMP, Las Piñas, Metro Manila, Philippines",CLEANED|GEOMETRIC_CENTER
Park Terraces,"San Lorenzo, Makati, Metro Manila","Park Terraces, San Lorenzo, Makati, Metro Manila, Philippines",park terraces san lorenzo makati metro manila philippines,park terraces san lorenzo makati metro manila philippines,,14.5506307,121.0237662,google,"West St, Makati City, Metro Manila, Philippines",CLEANED|GEOMETRIC_CENTER
Park Triangle Residences,"BGC, Taguig, Metro Manila","Park Triangle Residences, BGC, Taguig, Metro Manila, Philippines",park triangle residences bonifacio global city taguig metro manila philippines,park triangle residences bonifacio global city taguig metro manila philippines,"Park Triangle Residences, BGC, Taguig, Metro Manila, Philippines, Metro Manila, Philippines",,,,,
Park West,"Fort Bonifacio, Taguig, Metro Manila","Park West, Fort Bonifacio, Taguig, Metro Manila, Philippines",park west fort bonifacio bonifacio taguig metro manila philippines,park west fort bonifacio bonifacio taguig metro manila philippines,,14.5577515,121.0513899,google,"7th Avenue corner 36th Street, North Bonifacio District, Makati City, 1637 Metro Manila, Philippines",CLEANED|GEOMETRIC_CENTER
Parkford Suites Legazpi,"San Lorenzo, Makati, Metro Manila","Parkford Suites Legazpi, San Lorenzo, Makati, Metro Manila, Philippines",parkford suites legazpi san lorenzo makati metro manila philippines,parkford suites legazpi san lorenzo makati metro manila philippines,,14.55365,121.0162026,google,"H238+FF8, Legazpi Street, Village, Makati, Kalakhang Maynila, Philippines",CLEANED|GEOMETRIC_CENTER
Parklinks North and South Towers,"Ugong Norte, Quezon City, Metro Manila","Parklinks North and South Towers, Ugong Norte, Quezon City, Metro Manila, Philippines",parklinks north and south towers ugong norte quezon city metro manila philippines,parklinks north and south towers ugong norte quezon city metro manila philippines,,14.5981501,121.0815983,google,"Parklinks, Eulogio Rodriguez Jr. Ave, Quezon City, 1110 Metro Manila, Philippines",CLEANED|GEOMETRIC_CENTER
Parkway Corporate Center,"Alabang, Muntinlupa, Metro Manila","Parkway Corporate Center, Alabang, Muntinlupa, Metro Manila, Philippines",parkway corporate center alabang muntinlupa metro manila philippines,parkway corporate center alabang muntinlupa metro manila philippines,,14.4155054,121.037985,google,"Corporate Ave, Filinvest City, cor Parkway Place, Alabang, Muntinlupa, 1781 Metro Manila, Philippines",CLEANED|ROOFTOP
Parque España,"Muntinlupa, Metro Manila","Parque España, Muntinlupa, Metro Manila, Philippines",parque espana muntinlupa metro manila philippines,parque espana muntinlupa metro manila philippines,,14.4185719,121.0350523,google,"5309 E Asia Dr, Muntinlupa, 1781 Metro Manila, Philippines",CLEANED|ROOFTOP
Paseo De Roces,"Pio Del Pilar, Makati, Metro Manila","Paseo De Roces, Pio Del Pilar, Makati, Metro Manila, Philippines",paseo de roces pio del pilar makati metro manila philippines,paseo de roces pio del pilar makati metro manila philippines,,14.5563198,121.0135698,google,"Chino Roces Ave, Makati City, 1230 Metro Manila, Philippines",CLEANED|GEOMETRIC_CENTER
Paseo Heights,"Urdaneta, Makati, Metro Manila","Paseo Heights, Urdaneta, Makati, Metro Manila, Philippines",paseo heights urdaneta makati metro manila philippines,paseo heights urdaneta makati metro manila philippines,,14.5581825,121.0258549,google,"Paseo de Roxas, Makati City, Metro Manila, Philippines",CLEANED|GEOMETRIC_CENTER
Paseo Parkview Suites,"Bel-Air, Makati, Metro Manila","Paseo Parkview Suites, Bel-Air, Makati, Metro Manila, Philippines",paseo parkview suites bel-air makati metro manila philippines,paseo parkview suites bel-air makati metro manila philippines,,14.5587452,121.0226082,google,"Paseo Parkview Suites, 142 Valero, Makati City, 1227 Metro Manila, Philippines",CLEANED|ROOFTOP
Paseo Verde,"Pulang Lupa Uno, Las Piñas, Metro Manila","Paseo Verde, Pulang Lupa Uno, Las Piñas, Metro Manila, Philippines",paseo verde pulang lupa uno las pinas metro manila philippines,paseo verde pulang lupa uno las pinas metro manila philippines,,14.4737603,120.9776495,google,"Real St, FXFH+94R 1, C-5, Las Piñas, Metro Manila, Philippines",CLEANED|ROOFTOP
Paseo Verde at Real,"Pulang Lupa Uno, Las Piñas, Metro Manila","Paseo Verde at Real, Pulang Lupa Uno, Las Piñas, Metro Manila, Philippines",paseo verde at real pulang lupa uno las pinas metro manila philippines,paseo verde at real pulang lupa uno las pinas metro manila philippines,,14.4737603,120.9776495,google,"Real St, FXFH+94R 1, C-5, Las Piñas, Metro Manila, Philippines",CLEANED|ROOFTOP
Penhurst Park place,"Taguig, Metro Manila","Penhurst Park place, Taguig, Metro Manila, Philippines",penhurst park place taguig metro manila philippines,penhurst park place taguig metro manila philippines,,14.5534781,121.0439466,google,"Penhurst Park Place, Makati City, 1630 Metro Manila, Philippines",CLEANED|ROOFTOP
Penhurst Parkplace,"Fort Bonifacio, Taguig, Metro Manila","Penhurst Parkplace, Fort Bonifacio, Taguig, Metro Manila, Philippines",penhurst parkplace fort bonifacio bonifacio taguig metro manila philippines,penhurst parkplace fort bonifacio bonifacio taguig metro manila philippines,"Penhurst Parkplace, Fort Bonifacio, Taguig, Metro Manila, Philippines, Metro Manila, Philippines",,,,,
Peninsula Garden Midtown Homes,"Paco, Manila, Metro Manila","Peninsula Garden Midtown Homes, Paco, Manila, Metro Manila, Philippines",peninsula garden midtown homes paco manila metro manila philippines,peninsula garden midtown homes paco manila metro manila philippines,,14.5854382,120.9964962,google,"Ground Floor Brgy, 831 Penafrancia, Paco, Manila, 1000 Metro Manila, Philippines",CLEANED|ROOFTOP
Penthouse Unit in Acqua Livingstone,"Mandaluyong, Metro Manila","Penthouse Unit in Acqua Livingstone, Mandaluyong, Metro Manila, Philippines",penthouse unit in acqua livingstone mandaluyong metro manila philippines,penthouse unit in acqua livingstone mandaluyong metro manila philippines,,14.5682037,121.0366861,google,"Mandaluyong City, Metro Manila, Philippines",CLEANED|GEOMETRIC_CENTER
Phoenix Heights,"Bagong Ilog, Pasig, Metro Manila","Phoenix Heights, Bagong Ilog, Pasig, Metro Manila, Philippines",phoenix heights bagong ilog pasig metro manila philippines,phoenix heights bagong ilog pasig metro manila philippines,,14.5719283,121.0683312,google,"200 Canley Rd, Pasig, Metro Manila, Philippines",CLEANED|ROOFTOP
Pine Crest Towers,"Pasong Tamo, Quezon City, Metro Manila","Pine Crest Towers, Pasong Tamo, Quezon City, Metro Manila, Philippines",pine crest towers pasong tamo quezon city metro manila philippines,pine crest towers pasong tamo quezon city metro manila philippines,"Pine Crest Towers, Pasong Tamo, Quezon City, Metro Manila, Philippines, Metro Manila, Philippines",,,,,
Pinecrest,"Ramon Magsaysay, Quezon City, Metro Manila","Pinecrest, Ramon Magsaysay, Quezon City, Metro Manila, Philippines",pinecrest ramon magsaysay quezon city metro manila philippines,pinecrest ramon magsaysay quezon city metro manila philippines,"Pinecrest, Ramon Magsaysay, Quezon City, Metro Manila, Philippines, Metro Manila, Philippines",,,,,
Pinecrest Residential Resort,"Pasay, Metro Manila","Pinecrest Residential Resort, Pasay, Metro Manila, Philippines",pinecrest residential resort pasay metro manila philippines,pinecrest residential resort pasay metro manila philippines,,14.5235429,121.0147172,google,"1300, Pasay City, 1300 Metro Manila, Philippines",CLEANED|GEOMETRIC_CENTER
Pines Peak Tower I,"Highway Hills, Mandaluyong, Metro Manila","Pines Peak Tower I, Highway Hills, Mandaluyong, Metro Manila, Philippines",pines peak i highway hills mandaluyong metro manila philippines,pines peak i highway hills mandaluyong metro manila philippines,,14.5745456,121.050441,google,"Pines Peak, 102 1, Mandaluyong City, Metro Manila, Philippines",CLEANED|GEOMETRIC_CENTER
Pines Peak Towers,"Highway Hills, Mandaluyong, Metro Manila","Pines Peak Towers, Highway Hills, Mandaluyong, Metro Manila, Philippines",pines peak highway hills mandaluyong metro manila philippines,pines peak highway hills mandaluyong metro manila philippines,,14.5745456,121.050441,google,"Pines Peak, 102 1, Mandaluyong City, Metro Manila, Philippines",CLEANED|GEOMETRIC_CENTER
Pioneer Heights I,"Buayang Bato, Mandaluyong, Metro Manila","Pioneer Heights I, Buayang Bato, Mandaluyong, Metro Manila, Philippines",pioneer heights i buayang bato mandaluyong metro manila philippines,pioneer heights i buayang bato mandaluyong metro manila philippines,,14.5707937,121.0514614,google,"Pioneer St, Metro Manila, Philippines",CLEANED|GEOMETRIC_CENTER
Pioneer Highlands,"Barangka Ilaya, Mandaluyong, Metro Manila","Pioneer Highlands, Barangka Ilaya, Mandaluyong, Metro Manila, Philippines",pioneer highlands barangka ilaya mandaluyong metro manila philippines,pioneer highlands barangka ilaya mandaluyong metro manila philippines,,14.5723411,121.0497692,google,"Pioneer Highlands, Mandaluyong City, Metro Manila, Philippines",CLEANED|ROOFTOP
Pioneer Pointe,"Highway Hills, Mandaluyong, Metro Manila","Pioneer Pointe, Highway Hills, Mandaluyong, Metro Manila, Philippines",pioneer pointe highway hills mandaluyong metro manila philippines,pioneer pointe highway hills mandaluyong metro manila philippines,,14.5721974,121.0541607,google,"Pioneer Pointe, 128-C Pioneer St, Barangay Highway Hills, Mandaluyong City, 1550 Metro Manila, Philippines",CLEANED|ROOFTOP
Pioneer Woodlands,"Barangka Ilaya, Mandaluyong, Metro Manila","Pioneer Woodlands, Barangka Ilaya, Mandaluyong, Metro Manila, Philippines",pioneer woodlands barangka ilaya mandaluyong metro manila philippines,pioneer woodlands barangka ilaya mandaluyong metro manila philippines,"Pioneer Woodlands, Barangka Ilaya, Mandaluyong, Metro Manila, Philippines, Metro Manila, Philippines",,,,,
Platinum 1000,"Greenhills, San Juan, Metro Manila","Platinum 1000, Greenhills, San Juan, Metro Manila, Philippines",platinum 1000 greenhills san juan metro manila philippines,platinum 1000 greenhills san juan metro manila philippines,,14.6054491,121.0550981,google,"16 Annapolis St, San Juan City, 1504 Metro Manila, Philippines",CLEANED|ROOFTOP
Plumeria Heights,"Malate, Manila, Metro Manila","Plumeria Heights, Malate, Manila, Metro Manila, Philippines",plumeria heights malate manila metro manila philippines,plumeria heights malate manila metro manila philippines,,14.5696736,120.9922252,google,"Zone 79, 2128 Taft Ave, Malate, Manila, 1004 Metro Manila, Philippines",CLEANED|ROOFTOP
Portico,"Oranbo, Pasig, Metro Manila","Portico, Oranbo, Pasig, Metro Manila, Philippines",portico oranbo pasig metro manila philippines,portico oranbo pasig metro manila philippines,"Portico, Oranbo, Pasig, Metro Manila, Philippines, Metro Manila, Philippines",14.5746295,121.0654341,google,"Capt. Henry P. Javier, Pasig, Metro Manila, Philippines",FALLBACK_FULL|GEOMETRIC_CENTER
Portovita Condominium,"Socorro, Quezon City, Metro Manila","Portovita Condominium, Socorro, Quezon City, Metro Manila, Philippines",portovita condominium socorro quezon city metro manila philippines,portovita condominium socorro quezon city metro manila philippines,,14.6195348,121.0583989,google,"232 P. Tuazon Blvd, Cubao, Quezon City, 1109 Metro Manila, Philippines",CLEANED|ROOFTOP
Presidio Lakefront,"Muntinlupa, Metro Manila","Presidio Lakefront, Muntinlupa, Metro Manila, Philippines",presidio lakefront muntinlupa metro manila philippines,presidio lakefront muntinlupa metro manila philippines,"Presidio Lakefront, Muntinlupa, Metro Manila, Philippines, Metro Manila, Philippines",,,,,
Primehomes Capitol Hills,"Matandang Balara, Quezon City, Metro Manila","Primehomes Capitol Hills, Matandang Balara, Quezon City, Metro Manila, Philippines",primehomes capitol hills matandang balara quezon city metro manila philippines,primehomes capitol hills matandang balara quezon city metro manila philippines,,14.6655605,121.0772929,google,"Capitol Hills Dr, Quezon City, Metro Manila, Philippines",CLEANED|GEOMETRIC_CENTER
Prince David Condominium,"Loyola Heights, Quezon City, Metro Manila","Prince David Condominium, Loyola Heights, Quezon City, Metro Manila, Philippines",prince david condominium loyola heights quezon city metro manila philippines,prince david condominium loyola heights quezon city metro manila philippines,,14.6376484,121.0741564,google,"G/F, 305 Katipunan Ave, Quezon City, 1108 Metro Manila, Philippines",CLEANED|ROOFTOP
Princeton Residences,"Mariana, Quezon City, Metro Manila","Princeton Residences, Mariana, Quezon City, Metro Manila, Philippines",princeton residences mariana quezon city metro manila philippines,princeton residences mariana quezon city metro manila philippines,,14.6133,121.034078,google,"Beside LRT 2 Gilmore Station (South Entrance) 1112, Aurora Blvd, Quezon City, 1112 Metro Manila, Philippines",CLEANED|GEOMETRIC_CENTER
Princeview Parksuites,"Binondo, Manila, Metro Manila","Princeview Parksuites, Binondo, Manila, Metro Manila, Philippines",princeview parksuites binondo manila metro manila philippines,princeview parksuites binondo manila metro manila philippines,,14.5979546,120.9760185,google,"Quintin Paredes, Binondo, Manila, 1006 Metro Manila, Philippines",CLEANED|GEOMETRIC_CENTER
Prisma Residences,"Bagong Ilog, Pasig, Metro Manila","Prisma Residences, Bagong Ilog, Pasig, Metro Manila, Philippines",prisma residences bagong ilog pasig metro manila philippines,prisma residences bagong ilog pasig metro manila philippines,,14.5630678,121.0677929,google,"Pasig Blvd, Pasig, Metro Manila, Philippines",CLEANED|GEOMETRIC_CENTER
Proscenium at Rockwell,"Guadalupe Viejo, Makati, Metro Manila","Proscenium at Rockwell, Guadalupe Viejo, Makati, Metro Manila, Philippines",proscenium at rockwell guadalupe viejo makati metro manila philippines,proscenium at rockwell guadalupe viejo makati metro manila philippines,,14.5661112,121.0387092,google,"Estrella, Rockwell Center, Makati City, Metro Manila, Philippines",CLEANED|GEOMETRIC_CENTER
Prosperity Heights,"Culiat, Quezon City, Metro Manila","Prosperity Heights, Culiat, Quezon City, Metro Manila, Philippines",prosperity heights culiat quezon city metro manila philippines,prosperity heights culiat quezon city metro manila philippines,,14.6694541,121.0538389,google,"M393+QGP, Tandang Sora Ave, Quezon City, Metro Manila, Philippines",CLEANED|GEOMETRIC_CENTER
Quantum Residences,"San Isidro, Pasay, Metro Manila","Quantum Residences, San Isidro, Pasay, Metro Manila, Philippines",quantum residences san isidro pasay metro manila philippines,quantum residences san isidro pasay metro manila philippines,"Quantum Residences, San Isidro, Pasay, Metro Manila, Philippines, Metro Manila, Philippines",,,,,
R Square Residences,"Makati, Metro Manila","R Square Residences, Makati, Metro Manila, Philippines",r square residences makati metro manila philippines,r square residences makati metro manila philippines,,14.5617901,120.9952238,google,"HX6W+W6G R Square Manila, Taft Ave, Malate, Manila, 1004 Metro Manila, Philippines",CLEANED|ROOFTOP
RSG SS Residens,"San Andres, Manila, Metro Manila","RSG SS Residens, San Andres, Manila, Metro Manila, Philippines",rsg ss residens san andres manila metro manila philippines,rsg ss residens san andres manila metro manila philippines,,14.5624446,120.9989292,google,"2680 Arellano Avenue, corner Zobel Roxas St, Santa Ana, Manila, Metro Manila, Philippines",CLEANED|ROOFTOP
Rada Regency,"Bangkal, Makati, Metro Manila","Rada Regency, Bangkal, Makati, Metro Manila, Philippines",rada regency bangkal makati metro manila philippines,rada regency bangkal makati metro manila philippines,"Rada Regency, Bangkal, Makati, Metro Manila, Philippines, Metro Manila, Philippines",,,,,
Raffles Residences,"Makati, Metro Manila","Raffles Residences, Makati, Metro Manila, Philippines",raffles residences makati metro manila philippines,raffles residences makati metro manila philippines,,14.5508307,121.02308,google,"1, Raffles Drive, Makati Ave, Makati City, 1224 Metro Manila, Philippines",CLEANED|ROOFTOP
Rainbow Ridge,"Pinagsama, Taguig, Metro Manila","Rainbow Ridge, Pinagsama, Taguig, Metro Manila, Philippines",rainbow ridge pinagsama taguig metro manila philippines,rainbow ridge pinagsama taguig metro manila philippines,"Rainbow Ridge, Pinagsama, Taguig, Metro Manila, Philippines, Metro Manila, Philippines",,,,,
Raya Garden,"Merville, Parañaque, Metro Manila","Raya Garden, Merville, Parañaque, Metro Manila, Philippines",raya garden merville paranaque metro manila philippines,raya garden merville paranaque metro manila philippines,,14.506155,121.0344086,google,"Merville, Parañaque, 1709 Metro Manila, Philippines",CLEANED|GEOMETRIC_CENTER
Raya Garden Condominiums,"Merville, Parañaque, Metro Manila","Raya Garden Condominiums, Merville, Parañaque, Metro Manila, Philippines",raya garden condominiums merville paranaque metro manila philippines,raya garden condominiums merville paranaque metro manila philippines,,14.506155,121.0344086,google,"Merville, Parañaque, 1709 Metro Manila, Philippines",CLEANED|GEOMETRIC_CENTER
Raya Gardens,"Merville, Parañaque, Metro Manila","Raya Gardens, Merville, Parañaque, Metro Manila, Philippines",raya gardens merville paranaque metro manila philippines,raya gardens merville paranaque metro manila philippines,,14.506155,121.0344086,google,"Merville, Parañaque, 1709 Metro Manila, Philippines",CLEANED|GEOMETRIC_CENTER
Red Residences,"Pio Del Pilar, Makati, Metro Manila","Red Residences, Pio Del Pilar, Makati, Metro Manila, Philippines",red residences pio del pilar makati metro manila philippines,red residences pio del pilar makati metro manila philippines,,14.5559583,121.0135744,google,"Chino Roces Ave, Makati City, 1200 Metro Manila, Philippines",CLEANED|GEOMETRIC_CENTER
Regent Parkway,"BGC, Taguig, Metro Manila","Regent Parkway, BGC, Taguig, Metro Manila, Philippines",regent parkway bonifacio global city taguig metro manila philippines,regent parkway bonifacio global city taguig metro manila philippines,,14.5442024,121.0463653,google,"Regent Parkway, 21st Dr, Makati City, 1634 Metro Manila, Philippines",CLEANED|ROOFTOP
Renaissance Tower,"Ugong, Pasig, Metro Manila","Renaissance Tower, Ugong, Pasig, Metro Manila, Philippines",renaissance tower ugong pasig metro manila philippines,renaissance tower ugong pasig metro manila philippines,,14.5813512,121.0650212,google,"H3J8+G2R, Meralco Ave, Meralco Ave Flyover, Pasig, Metro Manila, Philippines",CLEANED|GEOMETRIC_CENTER
Rhapsody Residences,"Buli, Muntinlupa, Metro Manila","Rhapsody Residences, Buli, Muntinlupa, Metro Manila, Philippines",rhapsody residences buli muntinlupa metro manila philippines,rhapsody residences buli muntinlupa metro manila philippines,,14.4457262,121.045973,google,"Barrio, E Service Rd, Muntinlupa, 1771 Metro Manila, Philippines",CLEANED|GEOMETRIC_CENTER
Richbelt Tower,"Greenhills, San Juan, Metro Manila","Richbelt Tower, Greenhills, San Juan, Metro Manila, Philippines",richbelt tower greenhills san juan metro manila philippines,richbelt tower greenhills san juan metro manila philippines,,14.605377,121.0545785,google,"1504, 17 Annapolis St, San Juan City, 1111 Metro Manila, Philippines",CLEANED|ROOFTOP
Ridgewood Towers Taguig,"Pembo, Makati, Metro Manila","Ridgewood Towers Taguig, Pembo, Makati, Metro Manila, Philippines",ridgewood towers taguig pembo makati metro manila philippines,ridgewood towers taguig pembo makati metro manila philippines,,14.5415922,121.0550227,google,"Carlos P. Garcia Ave, Taguig, 1632 Metro Manila, Philippines",CLEANED|GEOMETRIC_CENTER
Ritz Towers,"Urdaneta, Makati, Metro Manila","Ritz Towers, Urdaneta, Makati, Metro Manila, Philippines",ritz towers urdaneta makati metro manila philippines,ritz towers urdaneta makati metro manila philippines,,14.5528111,121.0275941,google,"6745 Apartment Ridge Rd, Makati City, 1226 Metro Manila, Philippines",CLEANED|ROOFTOP
Riverfront Residences,"Ugong, Pasig, Metro Manila","Riverfront Residences, Ugong, Pasig, Metro Manila, Philippines",riverfront residences ugong pasig metro manila philippines,riverfront residences ugong pasig metro manila philippines,"Riverfront Residences, Ugong, Pasig, Metro Manila, Philippines, Metro Manila, Philippines",,,,,
Robinsons Galleria,"Ugong Norte, Quezon City, Metro Manila","Robinsons Galleria, Ugong Norte, Quezon City, Metro Manila, Philippines",robinsons galleria ugong norte quezon city metro manila philippines,robinsons galleria ugong norte quezon city metro manila philippines,,14.5910506,121.0598379,google,"Ortigas Ave, Ortigas Center, Quezon City, Metro Manila, Philippines",CLEANED|GEOMETRIC_CENTER
Robinsons Place Residence,"Quiapo, Manila, Metro Manila","Robinsons Place Residence, Quiapo, Manila, Metro Manila, Philippines",robinsons place residence quiapo manila metro manila philippines,robinsons place residence quiapo manila metro manila philippines,,14.5781939,120.9832863,google,"Padre Faura St, Ermita, Manila, 1000 Metro Manila, Philippines",CLEANED|GEOMETRIC_CENTER
Robinsons Place Residences,"Ermita, Manila, Metro Manila","Robinsons Place Residences, Ermita, Manila, Metro Manila, Philippines",robinsons place residences ermita manila metro manila philippines,robinsons place residences ermita manila metro manila philippines,,14.5781939,120.9832863,google,"Padre Faura St, Ermita, Manila, 1000 Metro Manila, Philippines",CLEANED|GEOMETRIC_CENTER
Rock Fort Boutique Residences,"Pinagkaisahan, Makati, Metro Manila","Rock Fort Boutique Residences, Pinagkaisahan, Makati, Metro Manila, Philippines",rock fort bonifacio boutique residences pinagkaisahan makati metro manila philippines,rock fort bonifacio boutique residences pinagkaisahan makati metro manila philippines,"Rock Fort Boutique Residences, Pinagkaisahan, Makati, Metro Manila, Philippines, Metro Manila, Philippines",,,,,
Rosewood Pointe,"Ususan, Taguig, Metro Manila","Rosewood Pointe, Ususan, Taguig, Metro Manila, Philippines",rosewood pointe ususan taguig metro manila philippines,rosewood pointe ususan taguig metro manila philippines,,14.5288577,121.062207,google,"Acacia Estates, Taguig, 1632 Metro Manila, Philippines",CLEANED|ROOFTOP
Royal Palm Residences,"Ususan, Taguig, Metro Manila","Royal Palm Residences, Ususan, Taguig, Metro Manila, Philippines",royal palm residences ususan taguig metro manila philippines,royal palm residences ususan taguig metro manila philippines,,14.5265727,121.0638089,google,"Royal Palm Residences, Taguig, Metro Manila, Philippines",CLEANED|GEOMETRIC_CENTER
Royal Palm Villa,"Tugatog, Malabon, Metro Manila","Royal Palm Villa, Tugatog, Malabon, Metro Manila, Philippines",royal palm villa tugatog malabon metro manila philippines,royal palm villa tugatog malabon metro manila philippines,"Royal Palm Villa, Tugatog, Malabon, Metro Manila, Philippines, Metro Manila, Philippines",,,,,
S Residences,"Barangay 76, Pasay, Metro Manila","S Residences, Barangay 76, Pasay, Metro Manila, Philippines",s barangay 76 pasay metro manila philippines,s barangay 76 pasay metro manila philippines,"S Residences, Barangay 76, Pasay, Metro Manila, Philippines, Metro Manila, Philippines",14.5349164,120.9876546,google,"Lot 2, Brgy. 76, Zone 10, Central Business Park 1-A, Pasay City, Metro Manila, Philippines",FALLBACK_FULL|GEOMETRIC_CENTER
SMDC Jade Residences,"Bangkal, Makati, Metro Manila","SMDC Jade Residences, Bangkal, Makati, Metro Manila, Philippines",smdc jade residences bangkal makati metro manila philippines,smdc jade residences bangkal makati metro manila philippines,,14.5442386,121.016565,google,"Chino Roces Ave, Makati City, Metro Manila, Philippines",CLEANED|GEOMETRIC_CENTER
SMDC LIGHT RESIDENCE,"Plainview, Mandaluyong, Metro Manila","SMDC LIGHT RESIDENCE, Plainview, Mandaluyong, Metro Manila, Philippines",smdc light residence plainview mandaluyong metro manila philippines,smdc light residence plainview mandaluyong metro manila philippines,"SMDC LIGHT RESIDENCE, Plainview, Mandaluyong, Metro Manila, Philippines, Metro Manila, Philippines",,,,,
STRATA VIEWS,"Balong-Bato, San Juan, Metro Manila","STRATA VIEWS, Balong-Bato, San Juan, Metro Manila, Philippines",strata views balong-bato san juan metro manila philippines,strata views balong-bato san juan metro manila philippines,"STRATA VIEWS, Balong-Bato, San Juan, Metro Manila, Philippines, Metro Manila, Philippines",,,,,
SUNTRUST ADRIATICO GARDENS,"Malate, Manila, Metro Manila","SUNTRUST ADRIATICO GARDENS, Malate, Manila, Metro Manila, Philippines",suntrust adriatico gardens malate manila metro manila philippines,suntrust adriatico gardens malate manila metro manila philippines,,14.5645634,120.9902214,google,"2312, Macario, 2312, Adriatico Gardens, 1004 Adriatico St, Malate, Manila, 1004 Metro Manila, Philippines",CLEANED|ROOFTOP
SUNTRUST AMADEA,"Paligsahan, Quezon City, Metro Manila","SUNTRUST AMADEA, Paligsahan, Quezon City, Metro Manila, Philippines",suntrust amadea paligsahan quezon city metro manila philippines,suntrust amadea paligsahan quezon city metro manila philippines,,14.6362185,121.025406,google,"880 Quezon Ave, Diliman, Quezon City, 1103 Metro Manila, Philippines",CLEANED|ROOFTOP
SUNTRUST ASCENTIA,"Santa Ana, Manila, Metro Manila","SUNTRUST ASCENTIA, Santa Ana, Manila, Metro Manila, Philippines",suntrust ascentia santa ana manila metro manila philippines,suntrust ascentia santa ana manila metro manila philippines,,14.5828711,121.0150538,google,"New Panaderos, Santa Ana, Manila, Metro Manila, Philippines",CLEANED|GEOMETRIC_CENTER
SUNTRUST TREETOP VILLAS,"Hulo, Mandaluyong, Metro Manila","SUNTRUST TREETOP VILLAS, Hulo, Mandaluyong, Metro Manila, Philippines",suntrust treetop villas hulo mandaluyong metro manila philippines,suntrust treetop villas hulo mandaluyong metro manila philippines,,14.5747802,121.0269139,google,"600 Coronado, Mandaluyong City, 1550 Metro Manila, Philippines",CLEANED|ROOFTOP
Sage Residences,"Mauway, Mandaluyong, Metro Manila","Sage Residences, Mauway, Mandaluyong, Metro Manila, Philippines",sage residences mauway mandaluyong metro manila philippines,sage residences mauway mandaluyong metro manila philippines,,14.5801782,121.0464631,google,"Domingo M. Guevarra and, Sinag, Mandaluyong City, Metro Manila, Philippines",CLEANED|GEOMETRIC_CENTER
Sail Residences,"Barangay 76, Pasay, Metro Manila","Sail Residences, Barangay 76, Pasay, Metro Manila, Philippines",sail barangay 76 pasay metro manila philippines,sail barangay 76 pasay metro manila philippines,,14.5374356,120.9860624,google,"EDSA Extension, Mall of Asia Complex, corner Sunrise Dr, Pasay City, 0600 Metro Manila, Philippines",CLEANED|ROOFTOP
Salcedo Park,"Bel-Air, Makati, Metro Manila","Salcedo Park, Bel-Air, Makati, Metro Manila, Philippines",salcedo park bel-air makati metro manila philippines,salcedo park bel-air makati metro manila philippines,,14.560039,121.022788,google,"H26F+247 Jaime C. Velasquez Park, Tordesillas, Makati City, 1209 Metro Manila, Philippines",CLEANED|GEOMETRIC_CENTER
Salcedo Skysuites,"Bel-Air, Makati, Metro Manila","Salcedo Skysuites, Bel-Air, Makati, Metro Manila, Philippines",salcedo skysuites bel-air makati metro manila philippines,salcedo skysuites bel-air makati metro manila philippines,,14.56153,121.0233661,google,"Salcedo Skysuites, Lot 13, Blk, Salcedo Village, 2 H.V. Dela Costa, Makati City, Metro Manila, Philippines",CLEANED|ROOFTOP
Salcedo Square,"San Lorenzo, Makati, Metro Manila","Salcedo Square, San Lorenzo, Makati, Metro Manila, Philippines",salcedo square san lorenzo makati metro manila philippines,salcedo square san lorenzo makati metro manila philippines,,14.553294,121.025582,google,"Salcedo Village, Ayala Ave, Makati City, 1000 Metro Manila, Philippines",CLEANED|ROOFTOP
San Antonio Residence,"San Antonio, Makati, Metro Manila","San Antonio Residence, San Antonio, Makati, Metro Manila, Philippines",san antonio residence san antonio makati metro manila philippines,san antonio residence san antonio makati metro manila philippines,,14.5594895,121.0096865,google,"san Antonio residence, 215 Malugay, Makati City, Metro Manila, Philippines",CLEANED|ROOFTOP
San Benissa Garden,"Pasong Putik Proper, Quezon City, Metro Manila","San Benissa Garden, Pasong Putik Proper, Quezon City, Metro Manila, Philippines",san benissa garden pasong putik proper quezon city metro manila philippines,san benissa garden pasong putik proper quezon city metro manila philippines,"San Benissa Garden, Pasong Putik Proper, Quezon City, Metro Manila, Philippines, Metro Manila, Philippines",,,,,
San Lorenzo Place,"Bangkal, Makati, Metro Manila","San Lorenzo Place, Bangkal, Makati, Metro Manila, Philippines",san lorenzo place bangkal makati metro manila philippines,san lorenzo place bangkal makati metro manila philippines,,14.5423811,121.0182744,google,"Chino Roces Ave, corner Epifanio de los Santos Ave, Makati City, 1223 Metro Manila, Philippines",CLEANED|ROOFTOP
San francisco Garden Condominium,"Barangka Itaas, Mandaluyong, Metro Manila","San francisco Garden Condominium, Barangka Itaas, Mandaluyong, Metro Manila, Philippines",san francisco garden condominium barangka itaas mandaluyong metro manila philippines,san francisco garden condominium barangka itaas mandaluyong metro manila philippines,"San francisco Garden Condominium, Barangka Itaas, Mandaluyong, Metro Manila, Philippines, Metro Manila, Philippines",,,,,
Sands Residences,"Malate, Manila, Metro Manila","Sands Residences, Malate, Manila, Metro Manila, Philippines",sands residences malate manila metro manila philippines,sands residences malate manila metro manila philippines,,14.5704594,120.982944,google,"Service, Roxas Blvd, Road, Manila, 1004 Metro Manila, Philippines",CLEANED|GEOMETRIC_CENTER
Santorini at The Lakefront,"Sucat, Muntinlupa, Metro Manila","Santorini at The Lakefront, Sucat, Muntinlupa, Metro Manila, Philippines",santorini at the lakefront sucat muntinlupa metro manila philippines,santorini at the lakefront sucat muntinlupa metro manila philippines,"Santorini at The Lakefront, Sucat, Muntinlupa, Metro Manila, Philippines, Metro Manila, Philippines",,,,,
Sapphire Residences,"BGC, Taguig, Metro Manila","Sapphire Residences, BGC, Taguig, Metro Manila, Philippines",sapphire residences bonifacio global city taguig metro manila philippines,sapphire residences bonifacio global city taguig metro manila philippines,"Sapphire Residences, BGC, Taguig, Metro Manila, Philippines, Metro Manila, Philippines",,,,,
Sarasota,"Barangay 183, Pasay, Metro Manila","Sarasota, Barangay 183, Pasay, Metro Manila, Philippines",sarasota barangay 183 pasay metro manila philippines,sarasota barangay 183 pasay metro manila philippines,,14.5224763,121.0160696,google,"Sarasota, Newport Blvd, Pasay City, Metro Manila, Philippines",CLEANED|ROOFTOP
Sarasota Newport,"Newport City, Pasay, Metro Manila","Sarasota Newport, Newport City, Pasay, Metro Manila, Philippines",sarasota newport newport city pasay metro manila philippines,sarasota newport newport city pasay metro manila philippines,,14.519061,121.0189565,google,"5 Newport Blvd, Pasay City, Metro Manila, Philippines",CLEANED|ROOFTOP
Sarasota Residential Resort,"Pasay, Metro Manila","Sarasota Residential Resort, Pasay, Metro Manila, Philippines",sarasota residential resort pasay metro manila philippines,sarasota residential resort pasay metro manila philippines,,14.5223523,121.0156289,google,"G2C8+W7R, Newport Blvd, 183, Pasay City, 1309 Metro Manila, Philippines",CLEANED|GEOMETRIC_CENTER
Satori Residences,"Santolan, Pasig, Metro Manila","Satori Residences, Santolan, Pasig, Metro Manila, Philippines",satori residences santolan pasig metro manila philippines,satori residences santolan pasig metro manila philippines,,14.6173391,121.0862841,google,"Pasig, 1800 Metro Manila, Philippines",CLEANED|GEOMETRIC_CENTER
Savoy Hotel Manila,"Newport City, Pasay, Metro Manila","Savoy Hotel Manila, Newport City, Pasay, Metro Manila, Philippines",savoy hotel manila newport city pasay metro manila philippines,savoy hotel manila newport city pasay metro manila philippines,,14.5237203,121.0125956,google,"101 Andrews Ave, Pasay City, 1300 Metro Manila, Philippines",CLEANED|ROOFTOP
Sea Residences,"Pasay, Metro Manila","Sea Residences, Pasay, Metro Manila, Philippines",sea residences pasay metro manila philippines,sea residences pasay metro manila philippines,,14.5334547,120.9860035,google,"Sea Residences, Pearl Drive Cor Sunrise Drive, Pasay City, 1300 Metro Manila, Philippines",CLEANED|ROOFTOP
Sea Residences SMDC,"Barangay 76, Pasay, Metro Manila","Sea Residences SMDC, Barangay 76, Pasay, Metro Manila, Philippines",sea smdc barangay 76 pasay metro manila philippines,sea smdc barangay 76 pasay metro manila philippines,"Sea Residences SMDC, Barangay 76, Pasay, Metro Manila, Philippines, Metro Manila, Philippines",14.5335212,120.9859965,google,"Sea Residences, Mall of Asia V Complex, Pasay City, 1300 Metro Manila, Philippines",FALLBACK_FULL|ROOFTOP
Sea Residences Tower A,"Barangay 97, Pasay, Metro Manila","Sea Residences Tower A, Barangay 97, Pasay, Metro Manila, Philippines",sea a barangay 97 pasay metro manila philippines,sea a barangay 97 pasay metro manila philippines,"Sea Residences Tower A, Barangay 97, Pasay, Metro Manila, Philippines, Metro Manila, Philippines",,,,,
Seibu Tower,"Bagong Tanyag, Taguig, Metro Manila","Seibu Tower, Bagong Tanyag, Taguig, Metro Manila, Philippines",seibu tower bagong tanyag taguig metro manila philippines,seibu tower bagong tanyag taguig metro manila philippines,"Seibu Tower, Bagong Tanyag, Taguig, Metro Manila, Philippines, Metro Manila, Philippines",,,,,
Senta,"San Lorenzo, Makati, Metro Manila","Senta, San Lorenzo, Makati, Metro Manila, Philippines",senta san lorenzo makati metro manila philippines,senta san lorenzo makati metro manila philippines,,14.5549166,121.0169081,google,"Rodriguez, 140 Legazpi Street, Legazpi Village, Makati, 1229 Kalakhang Maynila, Philippines",CLEANED|ROOFTOP
Sentrove at Cloverleaf,"Balingasa, Quezon City, Metro Manila","Sentrove at Cloverleaf, Balingasa, Quezon City, Metro Manila, Philippines",sentrove at cloverleaf balingasa quezon city metro manila philippines,sentrove at cloverleaf balingasa quezon city metro manila philippines,,14.6550249,121.0018197,google,"Cloverleaf Drive, Cloverleaf Estate, Quezon City, 1106 Metro Manila, Philippines",CLEANED|GEOMETRIC_CENTER
Sequoia at Two Serendra,"Fort Bonifacio, Taguig, Metro Manila","Sequoia at Two Serendra, Fort Bonifacio, Taguig, Metro Manila, Philippines",sequoia at two serendra fort bonifacio bonifacio taguig metro manila philippines,sequoia at two serendra fort bonifacio bonifacio taguig metro manila philippines,"Sequoia at Two Serendra, Fort Bonifacio, Taguig, Metro Manila, Philippines, Metro Manila, Philippines",,,,,
Serenity Suites,"Poblacion, Makati, Metro Manila","Serenity Suites, Poblacion, Makati, Metro Manila, Philippines",serenity suites poblacion makati metro manila philippines,serenity suites poblacion makati metro manila philippines,,14.5661416,121.0289928,google,"7829 Salamanca, Makati, Kalakhang Maynila, Philippines",CLEANED|ROOFTOP
Seville Residences,"Bagumbayan, Quezon City, Metro Manila","Seville Residences, Bagumbayan, Quezon City, Metro Manila, Philippines",seville residences bagumbayan quezon city metro manila philippines,seville residences bagumbayan quezon city metro manila philippines,,14.6029161,121.0888117,google,"J33Q+5G7, Caruncho Rd, Quezon City, Metro Manila, Philippines",CLEANED|GEOMETRIC_CENTER
Shang Residences Wack Wack,"Addition Hills, Mandaluyong, Metro Manila","Shang Residences Wack Wack, Addition Hills, Mandaluyong, Metro Manila, Philippines",shang residences wack wack addition hills mandaluyong metro manila philippines,shang residences wack wack addition hills mandaluyong metro manila philippines,"Shang Residences Wack Wack, Addition Hills, Mandaluyong, Metro Manila, Philippines, Metro Manila, Philippines",,,,,
Shang Residences at Wack Wack,"Wack-Wack Greenhills, Mandaluyong, Metro Manila","Shang Residences at Wack Wack, Wack-Wack Greenhills, Mandaluyong, Metro Manila, Philippines",shang residences at wack wack wack-wack greenhills mandaluyong metro manila philippines,shang residences at wack wack wack-wack greenhills mandaluyong metro manila philippines,,14.58727,121.0484996,google,"575 Wack Wack Rd, Mandaluyong City, Metro Manila, Philippines",CLEANED|ROOFTOP
Shang Salcedo Place,"Bel-Air, Makati, Metro Manila","Shang Salcedo Place, Bel-Air, Makati, Metro Manila, Philippines",shang salcedo place bel-air makati metro manila philippines,shang salcedo place bel-air makati metro manila philippines,"Shang Salcedo Place, Bel-Air, Makati, Metro Manila, Philippines, Metro Manila, Philippines",,,,,
Shang Summit,"Diliman, Quezon City, Metro Manila","Shang Summit, Diliman, Quezon City, Metro Manila, Philippines",shang summit diliman quezon city metro manila philippines,shang summit diliman quezon city metro manila philippines,,14.6363348,121.0393076,google,"Sgt. Esguerra Avenue corner Scout Bayoran, South Triangle, Scout Borromeo St, Diliman, Quezon City, 1103 Metro Manila, Philippines",CLEANED|ROOFTOP
Shangri-La Plaza,"Wack-Wack Greenhills, Mandaluyong, Metro Manila","Shangri-La Plaza, Wack-Wack Greenhills, Mandaluyong, Metro Manila, Philippines",shangri-la plaza wack-wack greenhills mandaluyong metro manila philippines,shangri-la plaza wack-wack greenhills mandaluyong metro manila philippines,,14.5808797,121.0551885,google,"Shangri-La Plaza, Shaw Blvd, Ortigas Center, Mandaluyong City, Metro Manila, Philippines",CLEANED|ROOFTOP
Shangri-La at The Fort,"Bagong Tanyag, Taguig, Metro Manila","Shangri-La at The Fort, Bagong Tanyag, Taguig, Metro Manila, Philippines",shangri-la at the fort bonifacio bagong tanyag taguig metro manila philippines,shangri-la at the fort bonifacio bagong tanyag taguig metro manila philippines,"Shangri-La at The Fort, Bagong Tanyag, Taguig, Metro Manila, Philippines, Metro Manila, Philippines",,,,,
Shaw Residenza,"Pleasant Hills, Mandaluyong, Metro Manila","Shaw Residenza, Pleasant Hills, Mandaluyong, Metro Manila, Philippines",shaw residenza pleasant hills mandaluyong metro manila philippines,shaw residenza pleasant hills mandaluyong metro manila philippines,,14.5888747,121.0430379,google,"Shaw Residenza Suites, 429 Bulebar Shaw, Mandaluyong City, 1552 Kalakhang Maynila, Philippines",CLEANED|ROOFTOP
Shell Residences,"Barangay 76, Pasay, Metro Manila","Shell Residences, Barangay 76, Pasay, Metro Manila, Philippines",shell barangay 76 pasay metro manila philippines,shell barangay 76 pasay metro manila philippines,"Shell Residences, Barangay 76, Pasay, Metro Manila, Philippines, Metro Manila, Philippines",14.5368863,120.9864432,google,"Shell Residences, Mall of Asia, Pasay City, 1300 Metro Manila, Philippines",FALLBACK_FULL|ROOFTOP
Sheridan Towers,"Buayang Bato, Mandaluyong, Metro Manila","Sheridan Towers, Buayang Bato, Mandaluyong, Metro Manila, Philippines",sheridan towers buayang bato mandaluyong metro manila philippines,sheridan towers buayang bato mandaluyong metro manila philippines,"Sheridan Towers, Buayang Bato, Mandaluyong, Metro Manila, Philippines, Metro Manila, Philippines",,,,,
Shine Residences,"Ugong, Pasig, Metro Manila","Shine Residences, Ugong, Pasig, Metro Manila, Philippines",shine residences ugong pasig metro manila philippines,shine residences ugong pasig metro manila philippines,,14.5821946,121.0650672,google,"Renaissance Center, H3J8+V2G, Meralco Ave, Pasig, Metro Manila, Philippines",CLEANED|GEOMETRIC_CENTER
Shore 2 Residences,"Pasay, Metro Manila","Shore 2 Residences, Pasay, Metro Manila, Philippines",shore 2 pasay metro manila philippines,shore 2 pasay metro manila philippines,,14.5405606,120.9863802,google,"GXRP+6HC, Pea Rd 1, Pasay City, Metro Manila, Philippines",CLEANED|GEOMETRIC_CENTER
Shore 3 Residences,"Barangay 76, Pasay, Metro Manila","Shore 3 Residences, Barangay 76, Pasay, Metro Manila, Philippines",shore 3 barangay 76 pasay metro manila philippines,shore 3 barangay 76 pasay metro manila philippines,"Shore 3 Residences, Barangay 76, Pasay, Metro Manila, Philippines, Metro Manila, Philippines",14.5387887,120.9858516,google,"Shore 3 Residences - Lot 3-C Seaside Boulevard and Sunrise Drive Mall of Asia Complex, Pasay City, 1300 Metro Manila, Philippines",FALLBACK_FULL|GEOMETRIC_CENTER
Shore Residences,"Barangay 76, Pasay, Metro Manila","Shore Residences, Barangay 76, Pasay, Metro Manila, Philippines",shore barangay 76 pasay metro manila philippines,shore barangay 76 pasay metro manila philippines,"Shore Residences, Barangay 76, Pasay, Metro Manila, Philippines, Metro Manila, Philippines",14.5413669,120.9853729,google,"GXRP+G4X, Pasay City, Metro Manila, Philippines",FALLBACK_FULL|GEOMETRIC_CENTER
Siena Park Residences,"Sun Valley, Parañaque, Metro Manila","Siena Park Residences, Sun Valley, Parañaque, Metro Manila, Philippines",siena park residences sun valley paranaque metro manila philippines,siena park residences sun valley paranaque metro manila philippines,,14.4882988,121.0407531,google,"W Service Rd, Bicutan, Parañaque, 1709 Metro Manila, Philippines",CLEANED|GEOMETRIC_CENTER
Siena Tower,"Marikina, Metro Manila","Siena Tower, Marikina, Metro Manila, Philippines",siena tower marikina metro manila philippines,siena tower marikina metro manila philippines,,14.6360301,121.1001739,google,"Toyota Avenue, Brgy, corner Marquinton Drive, Marikina, 1800 Metro Manila, Philippines",CLEANED|ROOFTOP
Siena Towers,"Santo Niño, Marikina, Metro Manila","Siena Towers, Santo Niño, Marikina, Metro Manila, Philippines",siena towers santo nino marikina metro manila philippines,siena towers santo nino marikina metro manila philippines,,14.6360301,121.1001739,google,"Toyota Avenue, Brgy, corner Marquinton Drive, Marikina, 1800 Metro Manila, Philippines",CLEANED|ROOFTOP
Signa Designer Residences,"Bel-Air, Makati, Metro Manila","Signa Designer Residences, Bel-Air, Makati, Metro Manila, Philippines",signa designer residences bel-air makati metro manila philippines,signa designer residences bel-air makati metro manila philippines,,14.5592579,121.0190855,google,"Signa Designer Residences, Valero Access Road 4, Makati City, Metro Manila, Philippines",CLEANED|GEOMETRIC_CENTER
Six Senses,"Bay Area, Pasay, Metro Manila","Six Senses, Bay Area, Pasay, Metro Manila, Philippines",six senses bay area pasay metro manila philippines,six senses bay area pasay metro manila philippines,"Six Senses, Bay Area, Pasay, Metro Manila, Philippines, Metro Manila, Philippines",,,,,
Six Senses Residences,"Pasay, Metro Manila","Six Senses Residences, Pasay, Metro Manila, Philippines",six senses residences pasay metro manila philippines,six senses residences pasay metro manila philippines,,14.5401305,120.9890594,google,"Metropolitan Park, Diosdado Macapagal Blvd, Bay Area, Pasay City, 1226 Metro Manila, Philippines",CLEANED|GEOMETRIC_CENTER
Sky Arts Manila,"Malate, Manila, Metro Manila","Sky Arts Manila, Malate, Manila, Metro Manila, Philippines",sky arts manila malate manila metro manila philippines,sky arts manila malate manila metro manila philippines,,14.5738209,120.9869548,google,"Gen. Malvar cor. Guerrero St. and, Vasquez St, Malate, Manila, 1004 Metro Manila, Philippines",CLEANED|GEOMETRIC_CENTER
Sky Villas,"Kaunlaran, Quezon City, Metro Manila","Sky Villas, Kaunlaran, Quezon City, Metro Manila, Philippines",sky villas kaunlaran quezon city metro manila philippines,sky villas kaunlaran quezon city metro manila philippines,,14.6151583,121.0397839,google,"Balete Dr, J28Q+3W7, N. Domingo, Quezon City, Metro Manila, Philippines",CLEANED|GEOMETRIC_CENTER
SkyVillas at One Balete,"Horseshoe, Quezon City, Metro Manila","SkyVillas at One Balete, Horseshoe, Quezon City, Metro Manila, Philippines",skyvillas at one balete horseshoe quezon city metro manila philippines,skyvillas at one balete horseshoe quezon city metro manila philippines,"SkyVillas at One Balete, Horseshoe, Quezon City, Metro Manila, Philippines, Metro Manila, Philippines",,,,,
Skyland Plaza,"San Antonio, Makati, Metro Manila","Skyland Plaza, San Antonio, Makati, Metro Manila, Philippines",skyland plaza san antonio makati metro manila philippines,skyland plaza san antonio makati metro manila philippines,"Skyland Plaza, San Antonio, Makati, Metro Manila, Philippines, Metro Manila, Philippines",,,,,
Skyline Premiere at One Balete,"Cubao, Quezon City, Metro Manila","Skyline Premiere at One Balete, Cubao, Quezon City, Metro Manila, Philippines",skyline premiere at one balete cubao quezon city metro manila philippines,skyline premiere at one balete cubao quezon city metro manila philippines,"Skyline Premiere at One Balete, Cubao, Quezon City, Metro Manila, Philippines, Metro Manila, Philippines",,,,,
Skyway Twin Towers,"Oranbo, Pasig, Metro Manila","Skyway Twin Towers, Oranbo, Pasig, Metro Manila, Philippines",skyway twin towers oranbo pasig metro manila philippines,skyway twin towers oranbo pasig metro manila philippines,,14.5736863,121.0667695,google,"Skyway Twin Towers, Pasig, Metro Manila, Philippines",CLEANED|ROOFTOP
Sofia Bellevue,"Ramon Magsaysay, Quezon City, Metro Manila","Sofia Bellevue, Ramon Magsaysay, Quezon City, Metro Manila, Philippines",sofia bellevue ramon magsaysay quezon city metro manila philippines,sofia bellevue ramon magsaysay quezon city metro manila philippines,"Sofia Bellevue, Ramon Magsaysay, Quezon City, Metro Manila, Philippines, Metro Manila, Philippines",,,,,
Soho Central,"Highway Hills, Mandaluyong, Metro Manila","Soho Central, Highway Hills, Mandaluyong, Metro Manila, Philippines",soho central highway hills mandaluyong metro manila philippines,soho central highway hills mandaluyong metro manila philippines,,14.579243,121.0552847,google,"4th floor Unit 401 of Soho Central, 748 Shaw Blvd, Greenfield District, Mandaluyong City, 1552 Metro Manila, Philippines",CLEANED|ROOFTOP
Solano Hills,"Alabang, Muntinlupa, Metro Manila","Solano Hills, Alabang, Muntinlupa, Metro Manila, Philippines",solano hills alabang muntinlupa metro manila philippines,solano hills alabang muntinlupa metro manila philippines,"Solano Hills, Alabang, Muntinlupa, Metro Manila, Philippines, Metro Manila, Philippines",,,,,
Solano Hills Sucat,"Alabang, Muntinlupa, Metro Manila","Solano Hills Sucat, Alabang, Muntinlupa, Metro Manila, Philippines",solano hills sucat alabang muntinlupa metro manila philippines,solano hills sucat alabang muntinlupa metro manila philippines,"Solano Hills Sucat, Alabang, Muntinlupa, Metro Manila, Philippines, Metro Manila, Philippines",,,,,
SoleMare Parksuites,"Baclaran, Parañaque, Metro Manila","SoleMare Parksuites, Baclaran, Parañaque, Metro Manila, Philippines",solemare parksuites baclaran paranaque metro manila philippines,solemare parksuites baclaran paranaque metro manila philippines,,14.5302555,120.9885253,google,"Bradco Ave, Parañaque, 1701 Metro Manila, Philippines",CLEANED|GEOMETRIC_CENTER
Solemare Parksuites,"Parañaque, Metro Manila","Solemare Parksuites, Parañaque, Metro Manila, Philippines",solemare parksuites paranaque metro manila philippines,solemare parksuites paranaque metro manila philippines,,14.5302555,120.9885253,google,"Bradco Ave, Parañaque, 1701 Metro Manila, Philippines",CLEANED|GEOMETRIC_CENTER
Solemare Parksuites Phase 2,"Don Bosco, Parañaque, Metro Manila","Solemare Parksuites Phase 2, Don Bosco, Parañaque, Metro Manila, Philippines",solemare parksuites 2 don bosco paranaque metro manila philippines,solemare parksuites 2 don bosco paranaque metro manila philippines,"Solemare Parksuites Phase 2, Don Bosco, Parañaque, Metro Manila, Philippines, Metro Manila, Philippines",,,,,
Solemare Parksuites Phase One,"Parañaque, Metro Manila","Solemare Parksuites Phase One, Parañaque, Metro Manila, Philippines",solemare parksuites phase one paranaque metro manila philippines,solemare parksuites phase one paranaque metro manila philippines,"Solemare Parksuites Phase One, Parañaque, Metro Manila, Philippines, Metro Manila, Philippines",,,,,
Solstice Towers,"Makati, Metro Manila","Solstice Towers, Makati, Metro Manila, Philippines",solstice towers makati metro manila philippines,solstice towers makati metro manila philippines,,14.5745289,121.0186751,google,"Theater Drive, corner Gallery Drive, Brgy. Carmona, Circuit Makati, Makati City, 1630 Metro Manila, Philippines",CLEANED|GEOMETRIC_CENTER
Solstice at Circuit Makati,"Carmona, Makati, Metro Manila","Solstice at Circuit Makati, Carmona, Makati, Metro Manila, Philippines",solstice at circuit makati carmona makati metro manila philippines,solstice at circuit makati carmona makati metro manila philippines,,14.5745289,121.0186751,google,"Theater Drive, corner Gallery Drive, Brgy. Carmona, Circuit Makati, Makati City, 1630 Metro Manila, Philippines",CLEANED|GEOMETRIC_CENTER
Sonata Private Residences,"Wack-Wack Greenhills, Mandaluyong, Metro Manila","Sonata Private Residences, Wack-Wack Greenhills, Mandaluyong, Metro Manila, Philippines",sonata private residences wack-wack greenhills mandaluyong metro manila philippines,sonata private residences wack-wack greenhills mandaluyong metro manila philippines,,14.5811993,121.0584824,google,"Sonata Private Residences Lourdes Drive, corner San Miguel Ave, Ortigas Center, Mandaluyong City, 1100 Metro Manila, Philippines",CLEANED|ROOFTOP
Sonora Garden Residences,"Las Piñas, Metro Manila","Sonora Garden Residences, Las Piñas, Metro Manila, Philippines",sonora garden residences las pinas metro manila philippines,sonora garden residences las pinas metro manila philippines,,14.4443435,120.9992136,google,"Alabang–Zapote Rd, Talon 3, Las Piñas, 1747 Metro Manila, Philippines",CLEANED|GEOMETRIC_CENTER
Sonria,"Alabang, Muntinlupa, Metro Manila","Sonria, Alabang, Muntinlupa, Metro Manila, Philippines",sonria alabang muntinlupa metro manila philippines,sonria alabang muntinlupa metro manila philippines,"Sonria, Alabang, Muntinlupa, Metro Manila, Philippines, Metro Manila, Philippines",,,,,
Sorrel Residences,"Sampaloc, Manila, Metro Manila","Sorrel Residences, Sampaloc, Manila, Metro Manila, Philippines",sorrel residences sampaloc manila metro manila philippines,sorrel residences sampaloc manila metro manila philippines,,14.6037217,121.0155866,google,"3950 Sociego, Sampaloc, Manila, 1008 Kalakhang Maynila, Philippines",CLEANED|ROOFTOP
Sorrento Oasis,"Rosario, Pasig, Metro Manila","Sorrento Oasis, Rosario, Pasig, Metro Manila, Philippines",sorrento oasis rosario pasig metro manila philippines,sorrento oasis rosario pasig metro manila philippines,,14.5881186,121.0896853,google,"Sorrento Oasis Rd, Pasig, 1609 Metro Manila, Philippines",CLEANED|GEOMETRIC_CENTER
South 2 Residences,"Almanza Uno, Las Piñas, Metro Manila","South 2 Residences, Almanza Uno, Las Piñas, Metro Manila, Philippines",south 2 almanza uno las pinas metro manila philippines,south 2 almanza uno las pinas metro manila philippines,,14.4210267,121.0108517,google,"2nd St, Las Piñas, Metro Manila, Philippines",CLEANED|GEOMETRIC_CENTER
South Beach Place,"Tambo, Parañaque, Metro Manila","South Beach Place, Tambo, Parañaque, Metro Manila, Philippines",south beach place tambo paranaque metro manila philippines,south beach place tambo paranaque metro manila philippines,,14.51677,120.9856363,google,"GX8P+P72, New Seaside Dr, Parañaque, Metro Manila, Philippines",CLEANED|GEOMETRIC_CENTER
South Insula,"Sacred Heart, Quezon City, Metro Manila","South Insula, Sacred Heart, Quezon City, Metro Manila, Philippines",south insula sacred heart quezon city metro manila philippines,south insula sacred heart quezon city metro manila philippines,,14.6347791,121.0364736,google,"Philip, 61 Timog Ave, Diliman, Quezon City, 1103 Metro Manila, Philippines",CLEANED|ROOFTOP
South Residences,"Almanza Dos, Las Piñas, Metro Manila","South Residences, Almanza Dos, Las Piñas, Metro Manila, Philippines",south residences almanza dos las pinas metro manila philippines,south residences almanza dos las pinas metro manila philippines,"South Residences, Almanza Dos, Las Piñas, Metro Manila, Philippines, Metro Manila, Philippines",,,,,
South of Market,"Fort Bonifacio, Taguig, Metro Manila","South of Market, Fort Bonifacio, Taguig, Metro Manila, Philippines",south of market fort bonifacio bonifacio taguig metro manila philippines,south of market fort bonifacio bonifacio taguig metro manila philippines,"South of Market, Fort Bonifacio, Taguig, Metro Manila, Philippines, Metro Manila, Philippines",,,,,
South of Market Private Residences (SOMA),"Bagong Tanyag, Taguig, Metro Manila","South of Market Private Residences (SOMA), Bagong Tanyag, Taguig, Metro Manila, Philippines",south of market private residences (soma) bagong tanyag taguig metro manila philippines,south of market private residences (soma) bagong tanyag taguig metro manila philippines,"South of Market Private Residences (SOMA), Bagong Tanyag, Taguig, Metro Manila, Philippines, Metro Manila, Philippines",,,,,
Southkey Place,"Alabang, Muntinlupa, Metro Manila","Southkey Place, Alabang, Muntinlupa, Metro Manila, Philippines",southkey place alabang muntinlupa metro manila philippines,southkey place alabang muntinlupa metro manila philippines,,14.4250147,121.0408172,google,"Lot 1 Blk 50C Indo-China Drive Northgate Cyberzone Alabang Muntinlupa, ndo-China Drive Dotcom Dr, Muntinlupa, Kalakhang Maynila, Philippines",CLEANED|ROOFTOP
Space Taft,"Malate, Manila, Metro Manila","Space Taft, Malate, Manila, Metro Manila, Philippines",space taft malate manila metro manila philippines,space taft malate manila metro manila philippines,,14.5715494,120.9912842,google,"1952 Taft Ave, Malate, Manila, 1004 Metro Manila, Philippines",CLEANED|ROOFTOP
Spazio Bernardo West Villas,"Gulod, Quezon City, Metro Manila","Spazio Bernardo West Villas, Gulod, Quezon City, Metro Manila, Philippines",spazio bernardo west villas gulod quezon city metro manila philippines,spazio bernardo west villas gulod quezon city metro manila philippines,"Spazio Bernardo West Villas, Gulod, Quezon City, Metro Manila, Philippines, Metro Manila, Philippines",,,,,
Spring Residences,"Don Bosco, Parañaque, Metro Manila","Spring Residences, Don Bosco, Parañaque, Metro Manila, Philippines",spring residences don bosco paranaque metro manila philippines,spring residences don bosco paranaque metro manila philippines,,14.4884561,121.042607,google,"Spring Residences, Across SM Bicutan, W Service Rd, Bicutan, Parañaque, 1700 Metro Manila, Philippines",CLEANED|GEOMETRIC_CENTER
St. Francis Shangri-La Place,"Wack-Wack Greenhills, Mandaluyong, Metro Manila","St. Francis Shangri-La Place, Wack-Wack Greenhills, Mandaluyong, Metro Manila, Philippines",street. francis shangri-la place wack-wack greenhills mandaluyong metro manila philippines,street. francis shangri-la place wack-wack greenhills mandaluyong metro manila philippines,"St. Francis Shangri-La Place, Wack-Wack Greenhills, Mandaluyong, Metro Manila, Philippines, Metro Manila, Philippines",14.5801129,121.0564436,google,"The St. Francis Shangri-La Place, Internal Ave, Ortigas Center, Mandaluyong City, Metro Manila, Philippines",FALLBACK_FULL|ROOFTOP
St. Mark Residences,"Pinagsama, Taguig, Metro Manila","St. Mark Residences, Pinagsama, Taguig, Metro Manila, Philippines",street. mark pinagsama taguig metro manila philippines,street. mark pinagsama taguig metro manila philippines,"St. Mark Residences, Pinagsama, Taguig, Metro Manila, Philippines, Metro Manila, Philippines",14.5342581,121.0502889,google,"G3M2+P43, Upper McKinley Hl, Taguig, 1630 Metro Manila, Philippines",FALLBACK_FULL|GEOMETRIC_CENTER
St. Moritz Private Estate,"Makati, Metro Manila","St. Moritz Private Estate, Makati, Metro Manila, Philippines",street. moritz private estate makati metro manila philippines,street. moritz private estate makati metro manila philippines,"St. Moritz Private Estate, Makati, Metro Manila, Philippines, Metro Manila, Philippines",,,,,
Stamford Executive Residences,"Bagong Tanyag, Taguig, Metro Manila","Stamford Executive Residences, Bagong Tanyag, Taguig, Metro Manila, Philippines",stamford executive residences bagong tanyag taguig metro manila philippines,stamford executive residences bagong tanyag taguig metro manila philippines,"Stamford Executive Residences, Bagong Tanyag, Taguig, Metro Manila, Philippines, Metro Manila, Philippines",,,,,
Stellar Place,"Bahay Toro, Quezon City, Metro Manila","Stellar Place, Bahay Toro, Quezon City, Metro Manila, Philippines",stellar place bahay toro quezon city metro manila philippines,stellar place bahay toro quezon city metro manila philippines,,14.6680958,121.0429537,google,"Visayas Ave, Project 8, Quezon City, 1106 Metro Manila, Philippines",CLEANED|GEOMETRIC_CENTER
Strata Suites Condominium,"Santa Lucia, San Juan, Metro Manila","Strata Suites Condominium, Santa Lucia, San Juan, Metro Manila, Philippines",strata suites condominium santa lucia san juan metro manila philippines,strata suites condominium santa lucia san juan metro manila philippines,,14.6013186,121.0355121,google,"300 P. Guevarra St, San Juan City, Metro Manila, Philippines",CLEANED|ROOFTOP
Studio 7,"South Triangle, Quezon City, Metro Manila","Studio 7, South Triangle, Quezon City, Metro Manila, Philippines",studio 7 south triangle quezon city metro manila philippines,studio 7 south triangle quezon city metro manila philippines,"Studio 7, South Triangle, Quezon City, Metro Manila, Philippines, Metro Manila, Philippines",,,,,
Studio A,"Loyola Heights, Quezon City, Metro Manila","Studio A, Loyola Heights, Quezon City, Metro Manila, Philippines",studio a loyola heights quezon city metro manila philippines,studio a loyola heights quezon city metro manila philippines,,14.6344883,121.0731133,google,"J3MF+Q6X, Esteban Abada St, Quezon City, Metro Manila, Philippines",CLEANED|GEOMETRIC_CENTER
Studio City,"Alabang, Muntinlupa, Metro Manila","Studio City, Alabang, Muntinlupa, Metro Manila, Philippines",studio city alabang muntinlupa metro manila philippines,studio city alabang muntinlupa metro manila philippines,,14.4244279,121.0342185,google,"Filinvest City, Studio City Tower, W Parc Dr, Muntinlupa, 1781 Metro Manila, Philippines",CLEANED|ROOFTOP
Studio N,"Alabang, Muntinlupa, Metro Manila","Studio N, Alabang, Muntinlupa, Metro Manila, Philippines",studio n alabang muntinlupa metro manila philippines,studio n alabang muntinlupa metro manila philippines,,14.4258336,121.0373259,google,"Northgate Avenue, Northgate Cyberzone Block 50-B Lots 1, 2 and 5 Filinvest City, Muntinlupa, Metro Manila, Philippines",CLEANED|GEOMETRIC_CENTER
Studio One,"Muntinlupa, Metro Manila","Studio One, Muntinlupa, Metro Manila, Philippines",studio one muntinlupa metro manila philippines,studio one muntinlupa metro manila philippines,,14.4264774,121.0407761,google,"Northgate Cyberzone, C2GR+H7C, Dotcom Driv, Dotcom Dr, Muntinlupa, Metro Manila, Philippines",CLEANED|GEOMETRIC_CENTER
Studio Zen,"Barangay 33, Pasay, Metro Manila","Studio Zen, Barangay 33, Pasay, Metro Manila, Philippines",studio zen barangay 33 pasay metro manila philippines,studio zen barangay 33 pasay metro manila philippines,,14.5584888,120.9959286,google,"1811 Taft Ave, Pasay City, 1300 Metro Manila, Philippines",CLEANED|ROOFTOP
Studio Zen Taft,"Pasay, Metro Manila","Studio Zen Taft, Pasay, Metro Manila, Philippines",studio zen taft pasay metro manila philippines,studio zen taft pasay metro manila philippines,,14.5584888,120.9959286,google,"1811 Taft Ave, Pasay City, 1300 Metro Manila, Philippines",CLEANED|ROOFTOP
Sun Residences,"Salvacion, Quezon City, Metro Manila","Sun Residences, Salvacion, Quezon City, Metro Manila, Philippines",sun residences salvacion quezon city metro manila philippines,sun residences salvacion quezon city metro manila philippines,"Sun Residences, Salvacion, Quezon City, Metro Manila, Philippines, Metro Manila, Philippines",,,,,
Sunny Ridge Residences,"Namayan, Mandaluyong, Metro Manila","Sunny Ridge Residences, Namayan, Mandaluyong, Metro Manila, Philippines",sunny ridge residences namayan mandaluyong metro manila philippines,sunny ridge residences namayan mandaluyong metro manila philippines,,14.5800151,121.0222167,google,"391 J.P. Rizal, Mandaluyong City, 1550 Metro Manila, Philippines",CLEANED|ROOFTOP
Sunny Villas,"Gulod, Quezon City, Metro Manila","Sunny Villas, Gulod, Quezon City, Metro Manila, Philippines",sunny villas gulod quezon city metro manila philippines,sunny villas gulod quezon city metro manila philippines,"Sunny Villas, Gulod, Quezon City, Metro Manila, Philippines, Metro Manila, Philippines",,,,,
Sunset View Towers,"Pasay, Metro Manila","Sunset View Towers, Pasay, Metro Manila, Philippines",sunset view towers pasay metro manila philippines,sunset view towers pasay metro manila philippines,,14.5482902,120.9913011,google,"Sunset View Towers, 2230 Roxas Blvd, Pasay City, Metro Manila, Philippines",CLEANED|ROOFTOP
Sunshine 100 City Plaza,"Buayang Bato, Mandaluyong, Metro Manila","Sunshine 100 City Plaza, Buayang Bato, Mandaluyong, Metro Manila, Philippines",sunshine 100 city plaza buayang bato mandaluyong metro manila philippines,sunshine 100 city plaza buayang bato mandaluyong metro manila philippines,,14.5707002,121.0517031,google,"4 Pioneer St, Mandaluyong City, 1550 Metro Manila, Philippines",CLEANED|ROOFTOP
Suntrust Asmara,"Damayang Lagi, Quezon City, Metro Manila","Suntrust Asmara, Damayang Lagi, Quezon City, Metro Manila, Philippines",suntrust asmara damayang lagi quezon city metro manila philippines,suntrust asmara damayang lagi quezon city metro manila philippines,,14.6210676,121.0227487,google,"E Rodriguez Sr. Ave, Quezon City, Metro Manila, Philippines",CLEANED|GEOMETRIC_CENTER
Suntrust Capitol Plaza,"Central, Quezon City, Metro Manila","Suntrust Capitol Plaza, Central, Quezon City, Metro Manila, Philippines",suntrust capitol plaza central quezon city metro manila philippines,suntrust capitol plaza central quezon city metro manila philippines,"Suntrust Capitol Plaza, Central, Quezon City, Metro Manila, Philippines, Metro Manila, Philippines",,,,,
Suntrust Parkview,"Ermita, Manila, Metro Manila","Suntrust Parkview, Ermita, Manila, Metro Manila, Philippines",suntrust parkview ermita manila metro manila philippines,suntrust parkview ermita manila metro manila philippines,,14.5905579,120.9832181,google,"Suntrust Parkview, Natividad Lopez St, Ermita, Manila, 1010 Metro Manila, Philippines",CLEANED|ROOFTOP
Suntrust Shanata,"Talipapa, Quezon City, Metro Manila","Suntrust Shanata, Talipapa, Quezon City, Metro Manila, Philippines",suntrust shanata talipapa quezon city metro manila philippines,suntrust shanata talipapa quezon city metro manila philippines,,14.6815478,121.0197921,google,"M2J9+JW7, 389 Quirino Hwy, Novaliches, Quezon City, 1116 Metro Manila, Philippines",CLEANED|ROOFTOP
Suntrust Solana,"Ermita, Manila, Metro Manila","Suntrust Solana, Ermita, Manila, Metro Manila, Philippines",suntrust solana ermita manila metro manila philippines,suntrust solana ermita manila metro manila philippines,,14.590495,120.985482,google,"Natividad Lopez St, Ermita, Manila, 1000 Metro Manila, Philippines",CLEANED|GEOMETRIC_CENTER
Swire Elan Suites,"Greenhills, San Juan, Metro Manila","Swire Elan Suites, Greenhills, San Juan, Metro Manila, Philippines",swire elan suites greenhills san juan metro manila philippines,swire elan suites greenhills san juan metro manila philippines,"Swire Elan Suites, Greenhills, San Juan, Metro Manila, Philippines, Metro Manila, Philippines",,,,,
Sycamore Tower Dansalan Gardens,"Malamig, Mandaluyong, Metro Manila","Sycamore Tower Dansalan Gardens, Malamig, Mandaluyong, Metro Manila, Philippines",sycamore tower dansalan gardens malamig mandaluyong metro manila philippines,sycamore tower dansalan gardens malamig mandaluyong metro manila philippines,,14.5753154,121.0437537,google,"347 M. Vicente St, Mandaluyong City, 1550 Metro Manila, Philippines",CLEANED|ROOFTOP
THE AVANT AT THE FORT,"Bagong Tanyag, Taguig, Metro Manila","THE AVANT AT THE FORT, Bagong Tanyag, Taguig, Metro Manila, Philippines",the avant at the fort bonifacio bagong tanyag taguig metro manila philippines,the avant at the fort bonifacio bagong tanyag taguig metro manila philippines,"THE AVANT AT THE FORT, Bagong Tanyag, Taguig, Metro Manila, Philippines, Metro Manila, Philippines",,,,,
THE CELANDINE,"Balingasa, Quezon City, Metro Manila","THE CELANDINE, Balingasa, Quezon City, Metro Manila, Philippines",the celandine balingasa quezon city metro manila philippines,the celandine balingasa quezon city metro manila philippines,,14.6546166,120.9984237,google,"Bgy, A. Bonifacio Ave, Quezon City, Metro Manila, Philippines",CLEANED|GEOMETRIC_CENTER
THE COLONADE RESIDENCES,"Bangkal, Makati, Metro Manila","THE COLONADE RESIDENCES, Bangkal, Makati, Metro Manila, Philippines",the colonade residences bangkal makati metro manila philippines,the colonade residences bangkal makati metro manila philippines,"THE COLONADE RESIDENCES, Bangkal, Makati, Metro Manila, Philippines, Metro Manila, Philippines",,,,,
THE COLUMNS LEGAZPI VILLAGE,"San Lorenzo, Makati, Metro Manila","THE COLUMNS LEGAZPI VILLAGE, San Lorenzo, Makati, Metro Manila, Philippines",the columns legazpi village san lorenzo makati metro manila philippines,the columns legazpi village san lorenzo makati metro manila philippines,,14.5516578,121.0156315,google,"The Columns Legazpi Village, 1229 Antonio Arnaiz Ave, Legazpi Village, Makati City, 1223 Metro Manila, Philippines",CLEANED|ROOFTOP
THE GRAND MIDORI MAKATI,"San Lorenzo, Makati, Metro Manila","THE GRAND MIDORI MAKATI, San Lorenzo, Makati, Metro Manila, Philippines",the grand midori makati san lorenzo makati metro manila philippines,the grand midori makati san lorenzo makati metro manila philippines,,14.5573882,121.0163975,google,"The Grand Midori, 160 Legazpi Street, Legazpi Village, Makati City, 1229 Metro Manila, Philippines",CLEANED|ROOFTOP
THE SHANG GRAND TOWER,"San Lorenzo, Makati, Metro Manila","THE SHANG GRAND TOWER, San Lorenzo, Makati, Metro Manila, Philippines",the shang grand tower san lorenzo makati metro manila philippines,the shang grand tower san lorenzo makati metro manila philippines,,14.5547389,121.0213696,google,"The Shang Grand Tower, 98 Perea, Makati City, Metro Manila, Philippines",CLEANED|ROOFTOP
The A.Venue Suites,"Bangkal, Makati, Metro Manila","The A.Venue Suites, Bangkal, Makati, Metro Manila, Philippines",the a.venue suites bangkal makati metro manila philippines,the a.venue suites bangkal makati metro manila philippines,"The A.Venue Suites, Bangkal, Makati, Metro Manila, Philippines, Metro Manila, Philippines",,,,,
The Address at Wack Wack,"Wack-Wack Greenhills, Mandaluyong, Metro Manila","The Address at Wack Wack, Wack-Wack Greenhills, Mandaluyong, Metro Manila, Philippines",the address at wack wack wack-wack greenhills mandaluyong metro manila philippines,the address at wack wack wack-wack greenhills mandaluyong metro manila philippines,,14.5867159,121.0494574,google,"567 Old Wack Wack Rd, Mandaluyong City, Metro Manila, Philippines",CLEANED|ROOFTOP
The Albany,"Taguig, Metro Manila","The Albany, Taguig, Metro Manila, Philippines",the albany taguig metro manila philippines,the albany taguig metro manila philippines,,14.5375532,121.0430624,google,"McKinley West Park, Chateau Rd, Taguig, Metro Manila, Philippines",CLEANED|ROOFTOP
The Alpha Suites,"San Antonio, Makati, Metro Manila","The Alpha Suites, San Antonio, Makati, Metro Manila, Philippines",the alpha suites san antonio makati metro manila philippines,the alpha suites san antonio makati metro manila philippines,,14.5627827,121.0158191,google,"7232 Ayala Ave, Extension, Makati City, 1209 Metro Manila, Philippines",CLEANED|ROOFTOP
The Amaryllis,"Mariana, Quezon City, Metro Manila","The Amaryllis, Mariana, Quezon City, Metro Manila, Philippines",the amaryllis mariana quezon city metro manila philippines,the amaryllis mariana quezon city metro manila philippines,,14.6239236,121.0331161,google,"1190, 1112 E Rodriguez Sr. Ave, Quezon City, Metro Manila, Philippines",CLEANED|ROOFTOP
The Amvel Mansions,"San Dionisio, Parañaque, Metro Manila","The Amvel Mansions, San Dionisio, Parañaque, Metro Manila, Philippines",the amvel mansions san dionisio paranaque metro manila philippines,the amvel mansions san dionisio paranaque metro manila philippines,,14.4891266,120.9961756,google,"FXQW+MF3, Parañaque, 1700 Metro Manila, Philippines",CLEANED|GEOMETRIC_CENTER
The Arton,"Loyola Heights, Quezon City, Metro Manila","The Arton, Loyola Heights, Quezon City, Metro Manila, Philippines",the arton loyola heights quezon city metro manila philippines,the arton loyola heights quezon city metro manila philippines,,14.6317311,121.0749915,google,"Aurora Blvd, Quezon City, 1800 Metro Manila, Philippines",CLEANED|GEOMETRIC_CENTER
The Arton by Rockwell,"Loyola Heights, Quezon City, Metro Manila","The Arton by Rockwell, Loyola Heights, Quezon City, Metro Manila, Philippines",the arton by rockwell loyola heights quezon city metro manila philippines,the arton by rockwell loyola heights quezon city metro manila philippines,,14.6317311,121.0749915,google,"Aurora Blvd, Quezon City, 1800 Metro Manila, Philippines",CLEANED|GEOMETRIC_CENTER
The Aston At Two Serendra,"Bagong Tanyag, Taguig, Metro Manila","The Aston At Two Serendra, Bagong Tanyag, Taguig, Metro Manila, Philippines",the aston at two serendra bagong tanyag taguig metro manila philippines,the aston at two serendra bagong tanyag taguig metro manila philippines,"The Aston At Two Serendra, Bagong Tanyag, Taguig, Metro Manila, Philippines, Metro Manila, Philippines",,,,,
The Aston Place,"Malate, Manila, Metro Manila","The Aston Place, Malate, Manila, Metro Manila, Philippines",the aston place malate manila metro manila philippines,the aston place malate manila metro manila philippines,"The Aston Place, Malate, Manila, Metro Manila, Philippines, Metro Manila, Philippines",14.5582532,120.9982691,google,"1862-B Dominga Street, Pasay City, 1306 Metro Manila, Philippines",FALLBACK_FULL|ROOFTOP
The Atherton,"San Antonio, Parañaque, Metro Manila","The Atherton, San Antonio, Parañaque, Metro Manila, Philippines",the atherton san antonio paranaque metro manila philippines,the atherton san antonio paranaque metro manila philippines,,14.4629718,121.0254089,google,"F27G+55G, 8339 Dr Arcadio Santos Ave, Parañaque, 1700 Metro Manila, Philippines",CLEANED|ROOFTOP
The Avenue Residences,"Talipapa, Quezon City, Metro Manila","The Avenue Residences, Talipapa, Quezon City, Metro Manila, Philippines",the avenue talipapa quezon city metro manila philippines,the avenue talipapa quezon city metro manila philippines,"The Avenue Residences, Talipapa, Quezon City, Metro Manila, Philippines, Metro Manila, Philippines",14.6816732,121.0180545,google,"M2J9+J57 The Avenue Residences, 555 Tandang Sora Ave, Novaliches, Quezon City, 1116 Metro Manila, Philippines",FALLBACK_FULL|ROOFTOP
The Balmori Suites,"Makati, Metro Manila","The Balmori Suites, Makati, Metro Manila, Philippines",the balmori suites makati metro manila philippines,the balmori suites makati metro manila philippines,,14.5646992,121.0362423,google,"Power Plant Mall, Plaza Dr, Makati City, Metro Manila, Philippines",CLEANED|ROOFTOP
The Beacon,"Bangkal, Makati, Metro Manila","The Beacon, Bangkal, Makati, Metro Manila, Philippines",the beacon bangkal makati metro manila philippines,the beacon bangkal makati metro manila philippines,"The Beacon, Bangkal, Makati, Metro Manila, Philippines, Metro Manila, Philippines",,,,,
The Beaufort,"Fort Bonifacio, Taguig, Metro Manila","The Beaufort, Fort Bonifacio, Taguig, Metro Manila, Philippines",the beaufort fort bonifacio bonifacio taguig metro manila philippines,the beaufort fort bonifacio bonifacio taguig metro manila philippines,"The Beaufort, Fort Bonifacio, Taguig, Metro Manila, Philippines, Metro Manila, Philippines",,,,,
The Belize Tower at Two Serendra,"Fort Bonifacio, Taguig, Metro Manila","The Belize Tower at Two Serendra, Fort Bonifacio, Taguig, Metro Manila, Philippines",the belize tower at two serendra fort bonifacio bonifacio taguig metro manila philippines,the belize tower at two serendra fort bonifacio bonifacio taguig metro manila philippines,"The Belize Tower at Two Serendra, Fort Bonifacio, Taguig, Metro Manila, Philippines, Metro Manila, Philippines",,,,,
The Bellagio,"Fort Bonifacio, Taguig, Metro Manila","The Bellagio, Fort Bonifacio, Taguig, Metro Manila, Philippines",the bellagio fort bonifacio bonifacio taguig metro manila philippines,the bellagio fort bonifacio bonifacio taguig metro manila philippines,"The Bellagio, Fort Bonifacio, Taguig, Metro Manila, Philippines, Metro Manila, Philippines",,,,,
The Bellagio 2,"Pinagsama, Taguig, Metro Manila","The Bellagio 2, Pinagsama, Taguig, Metro Manila, Philippines",the bellagio 2 pinagsama taguig metro manila philippines,the bellagio 2 pinagsama taguig metro manila philippines,"The Bellagio 2, Pinagsama, Taguig, Metro Manila, Philippines, Metro Manila, Philippines",,,,,
The Bellagio 3,"BGC, Taguig, Metro Manila","The Bellagio 3, BGC, Taguig, Metro Manila, Philippines",the bellagio 3 bonifacio global city taguig metro manila philippines,the bellagio 3 bonifacio global city taguig metro manila philippines,,14.5515204,121.0437837,google,"Bellagio 3, Makati City, Metro Manila, Philippines",CLEANED|ROOFTOP
The Birchwood,"Ususan, Taguig, Metro Manila","The Birchwood, Ususan, Taguig, Metro Manila, Philippines",the birchwood ususan taguig metro manila philippines,the birchwood ususan taguig metro manila philippines,"The Birchwood, Ususan, Taguig, Metro Manila, Philippines, Metro Manila, Philippines",,,,,
The Bonifacio Residences,"Addition Hills, Mandaluyong, Metro Manila","The Bonifacio Residences, Addition Hills, Mandaluyong, Metro Manila, Philippines",the bonifacio residences addition hills mandaluyong metro manila philippines,the bonifacio residences addition hills mandaluyong metro manila philippines,"The Bonifacio Residences, Addition Hills, Mandaluyong, Metro Manila, Philippines, Metro Manila, Philippines",,,,,
The Calinea Tower,"Grace Park East, Caloocan, Metro Manila","The Calinea Tower, Grace Park East, Caloocan, Metro Manila, Philippines",the calinea tower grace park east caloocan metro manila philippines,the calinea tower grace park east caloocan metro manila philippines,,14.6519513,120.9847062,google,"M.H. Del Pilar St, Grace Park East, Caloocan, 1403 Metro Manila, Philippines",CLEANED|GEOMETRIC_CENTER
The Camden Place,"Malate, Manila, Metro Manila","The Camden Place, Malate, Manila, Metro Manila, Philippines",the camden place malate manila metro manila philippines,the camden place malate manila metro manila philippines,,14.5617413,120.9970145,google,"2692 Dominga Street, Malate, Manila, 1004 Metro Manila, Philippines",CLEANED|ROOFTOP
The Capital,"E. Rodriguez, Quezon City, Metro Manila","The Capital, E. Rodriguez, Quezon City, Metro Manila, Philippines",the capital e. rodriguez quezon city metro manila philippines,the capital e. rodriguez quezon city metro manila philippines,"The Capital, E. Rodriguez, Quezon City, Metro Manila, Philippines, Metro Manila, Philippines",,,,,
The Capital Towers,"Kalusugan, Quezon City, Metro Manila","The Capital Towers, Kalusugan, Quezon City, Metro Manila, Philippines",the capital towers kalusugan quezon city metro manila philippines,the capital towers kalusugan quezon city metro manila philippines,,14.6207176,121.0198439,google,"E Rodriguez Sr. Ave, Quezon City, 1112 Metro Manila, Philippines",CLEANED|GEOMETRIC_CENTER
The Columns,"Bangkal, Makati, Metro Manila","The Columns, Bangkal, Makati, Metro Manila, Philippines",the columns bangkal makati metro manila philippines,the columns bangkal makati metro manila philippines,"The Columns, Bangkal, Makati, Metro Manila, Philippines, Metro Manila, Philippines",,,,,
The Columns At Legaspi Village,"San Lorenzo, Makati, Metro Manila","The Columns At Legaspi Village, San Lorenzo, Makati, Metro Manila, Philippines",the columns at legaspi village san lorenzo makati metro manila philippines,the columns at legaspi village san lorenzo makati metro manila philippines,"The Columns At Legaspi Village, San Lorenzo, Makati, Metro Manila, Philippines, Metro Manila, Philippines",,,,,
The Columns Ayala Avenue,"Bel-Air, Makati, Metro Manila","The Columns Ayala Avenue, Bel-Air, Makati, Metro Manila, Philippines",the columns ayala avenue bel-air makati metro manila philippines,the columns ayala avenue bel-air makati metro manila philippines,,14.5617318,121.0162631,google,"The Columns, 6821 Malugay, Makati City, 1226 Metro Manila, Philippines",CLEANED|ROOFTOP
The Columns Legaspi Village,"Bangkal, Makati, Metro Manila","The Columns Legaspi Village, Bangkal, Makati, Metro Manila, Philippines",the columns legaspi village bangkal makati metro manila philippines,the columns legaspi village bangkal makati metro manila philippines,"The Columns Legaspi Village, Bangkal, Makati, Metro Manila, Philippines, Metro Manila, Philippines",,,,,
The Connor at Greenhhills,"Little Baguio, San Juan, Metro Manila","The Connor at Greenhhills, Little Baguio, San Juan, Metro Manila, Philippines",the connor at greenhhills little baguio san juan metro manila philippines,the connor at greenhhills little baguio san juan metro manila philippines,"The Connor at Greenhhills, Little Baguio, San Juan, Metro Manila, Philippines, Metro Manila, Philippines",,,,,
The Connor at Greenhills,"Greenhills, San Juan, Metro Manila","The Connor at Greenhills, Greenhills, San Juan, Metro Manila, Philippines",the connor at greenhills greenhills san juan metro manila philippines,the connor at greenhills greenhills san juan metro manila philippines,,14.6037466,121.049101,google,"3 Eisenhower St, Greenhills, San Juan City, 1502 Metro Manila, Philippines",CLEANED|ROOFTOP
The Courtyard at the Pacific Residences,"Taguig, Metro Manila","The Courtyard at the Pacific Residences, Taguig, Metro Manila, Philippines",the courtyard at the pacific residences taguig metro manila philippines,the courtyard at the pacific residences taguig metro manila philippines,"The Courtyard at the Pacific Residences, Taguig, Metro Manila, Philippines, Metro Manila, Philippines",,,,,
The Crestmont,"South Triangle, Quezon City, Metro Manila","The Crestmont, South Triangle, Quezon City, Metro Manila, Philippines",the crestmont south triangle quezon city metro manila philippines,the crestmont south triangle quezon city metro manila philippines,,14.6427295,121.0372656,google,"Panay Ave, Diliman, Quezon City, Metro Manila, Philippines",CLEANED|GEOMETRIC_CENTER
The Currency,"San Antonio, Pasig, Metro Manila","The Currency, San Antonio, Pasig, Metro Manila, Philippines",the currency san antonio pasig metro manila philippines,the currency san antonio pasig metro manila philippines,,14.5845844,121.0620632,google,"Julia Vargas Ave cor. Garnet and F. Ortigas Jr. Ave Ortigas Center, Ortigas Center, Pasig, 1605 Metro Manila, Philippines",CLEANED|GEOMETRIC_CENTER
The Currency - Commercial and Office Units for Sale,"San Antonio, Pasig, Metro Manila","The Currency - Commercial and Office Units for Sale, San Antonio, Pasig, Metro Manila, Philippines",the currency - commercial and office units for sale san antonio pasig metro manila philippines,the currency - commercial and office units for sale san antonio pasig metro manila philippines,"The Currency - Commercial and Office Units for Sale, San Antonio, Pasig, Metro Manila, Philippines, Metro Manila, Philippines",,,,,
The Ellis,"Bel-Air, Makati, Metro Manila","The Ellis, Bel-Air, Makati, Metro Manila, Philippines",the ellis bel-air makati metro manila philippines,the ellis bel-air makati metro manila philippines,"The Ellis, Bel-Air, Makati, Metro Manila, Philippines, Metro Manila, Philippines",,,,,
The Encino at Two Serendra,"Fort Bonifacio, Taguig, Metro Manila","The Encino at Two Serendra, Fort Bonifacio, Taguig, Metro Manila, Philippines",the encino at two serendra fort bonifacio bonifacio taguig metro manila philippines,the encino at two serendra fort bonifacio bonifacio taguig metro manila philippines,"The Encino at Two Serendra, Fort Bonifacio, Taguig, Metro Manila, Philippines, Metro Manila, Philippines",,,,,
The Erin Heights,"Matandang Balara, Quezon City, Metro Manila","The Erin Heights, Matandang Balara, Quezon City, Metro Manila, Philippines",the erin heights matandang balara quezon city metro manila philippines,the erin heights matandang balara quezon city metro manila philippines,,14.6638593,121.0690017,google,"301, 1101 Don Mariano Marcos Ave, Diliman, Quezon City, Metro Manila, Philippines",CLEANED|ROOFTOP
The Estate Makati,"Urdaneta, Makati, Metro Manila","The Estate Makati, Urdaneta, Makati, Metro Manila, Philippines",the estate makati urdaneta makati metro manila philippines,the estate makati urdaneta makati metro manila philippines,,14.5530038,121.0274259,google,"6747 Ayala Ave, Makati City, 1225 Metro Manila, Philippines",CLEANED|ROOFTOP
The Eton Residences Greenbelt,"Legazpi Village, Makati, Metro Manila","The Eton Residences Greenbelt, Legazpi Village, Makati, Metro Manila, Philippines",the eton residences greenbelt legazpi village makati metro manila philippines,the eton residences greenbelt legazpi village makati metro manila philippines,"The Eton Residences Greenbelt, Legazpi Village, Makati, Metro Manila, Philippines, Metro Manila, Philippines",,,,,
The Fifth Avenue Place,"BGC, Taguig, Metro Manila","The Fifth Avenue Place, BGC, Taguig, Metro Manila, Philippines",the fifth avenue place bonifacio global city taguig metro manila philippines,the fifth avenue place bonifacio global city taguig metro manila philippines,,14.5426666,121.0464309,google,"5th Ave, Taguig, Metro Manila, Philippines",CLEANED|GEOMETRIC_CENTER
The Florence,"McKinley Hill, Taguig, Metro Manila","The Florence, McKinley Hill, Taguig, Metro Manila, Philippines",the florence mckinley hill taguig metro manila philippines,the florence mckinley hill taguig metro manila philippines,,14.5332986,121.0494297,google,"Florence Wy, McKinley Hill, Taguig, 1634 Metro Manila, Philippines",CLEANED|GEOMETRIC_CENTER
The Florence Residence,"Bagong Tanyag, Taguig, Metro Manila","The Florence Residence, Bagong Tanyag, Taguig, Metro Manila, Philippines",the florence residence bagong tanyag taguig metro manila philippines,the florence residence bagong tanyag taguig metro manila philippines,"The Florence Residence, Bagong Tanyag, Taguig, Metro Manila, Philippines, Metro Manila, Philippines",,,,,
The Forbes Hall,"Manila, Metro Manila","The Forbes Hall, Manila, Metro Manila, Philippines",the forbes hall manila metro manila philippines,the forbes hall manila metro manila philippines,,14.6031246,120.9951858,google,"1329 Gerardo Tuazon St, Sampaloc, Manila, 1008 Metro Manila, Philippines",CLEANED|ROOFTOP
The Fort Residences,"BGC, Taguig, Metro Manila","The Fort Residences, BGC, Taguig, Metro Manila, Philippines",the fort bonifacio residences bonifacio global city taguig metro manila philippines,the fort bonifacio residences bonifacio global city taguig metro manila philippines,"The Fort Residences, BGC, Taguig, Metro Manila, Philippines, Metro Manila, Philippines",,,,,
The Frabella I,"Legazpi Village, Makati, Metro Manila","The Frabella I, Legazpi Village, Makati, Metro Manila, Philippines",the frabella i legazpi village makati metro manila philippines,the frabella i legazpi village makati metro manila philippines,"The Frabella I, Legazpi Village, Makati, Metro Manila, Philippines, Metro Manila, Philippines",,,,,
The Gentry Residences,"Bel-Air, Makati, Metro Manila","The Gentry Residences, Bel-Air, Makati, Metro Manila, Philippines",the gentry residences bel-air makati metro manila philippines,the gentry residences bel-air makati metro manila philippines,,14.5581896,121.0208399,google,"130 Valero, Makati, 1227 Kalakhang Maynila, Philippines",CLEANED|ROOFTOP
The Gramercy Residences,"Poblacion, Makati, Metro Manila","The Gramercy Residences, Poblacion, Makati, Metro Manila, Philippines",the gramercy residences poblacion makati metro manila philippines,the gramercy residences poblacion makati metro manila philippines,,14.5656463,121.0284744,google,"71 Salamanca, Makati, Kalakhang Maynila, Philippines",CLEANED|ROOFTOP
The Grand Eastwood Palazzo,"Eastwood City, Quezon City, Metro Manila","The Grand Eastwood Palazzo, Eastwood City, Quezon City, Metro Manila, Philippines",the grand eastwood palazzo eastwood city quezon city metro manila philippines,the grand eastwood palazzo eastwood city quezon city metro manila philippines,"The Grand Eastwood Palazzo, Eastwood City, Quezon City, Metro Manila, Philippines, Metro Manila, Philippines",,,,,
The Grand Hamptons,"Fort Bonifacio, Taguig, Metro Manila","The Grand Hamptons, Fort Bonifacio, Taguig, Metro Manila, Philippines",the grand hamptons fort bonifacio bonifacio taguig metro manila philippines,the grand hamptons fort bonifacio bonifacio taguig metro manila philippines,"The Grand Hamptons, Fort Bonifacio, Taguig, Metro Manila, Philippines, Metro Manila, Philippines",,,,,
The Grand Midori Ortigas,"San Antonio, Pasig, Metro Manila","The Grand Midori Ortigas, San Antonio, Pasig, Metro Manila, Philippines",the grand midori ortigas san antonio pasig metro manila philippines,the grand midori ortigas san antonio pasig metro manila philippines,,14.5833022,121.0635729,google,"Unit R3 Ground Floor, The Exchange Regency, Exchange Road, Cor. Meralco Ave, Jade Dr, San Antonio, Pasig, 1605 Metro Manila, Philippines",CLEANED|GEOMETRIC_CENTER
The Grand Quartier,"Tugatog, Malabon, Metro Manila","The Grand Quartier, Tugatog, Malabon, Metro Manila, Philippines",the grand quartier tugatog malabon metro manila philippines,the grand quartier tugatog malabon metro manila philippines,"The Grand Quartier, Tugatog, Malabon, Metro Manila, Philippines, Metro Manila, Philippines",,,,,
The Grand Towers Manila,"Malate, Manila, Metro Manila","The Grand Towers Manila, Malate, Manila, Metro Manila, Philippines",the grand towers manila malate manila metro manila philippines,the grand towers manila malate manila metro manila philippines,,14.5617838,120.9945493,google,"790 P. Ocampo Sr. St. ( formerly, P.Ocampo St., Malate, Manila, 1004 Metro Manila, Philippines",CLEANED|GEOMETRIC_CENTER
The Grove,"Ugong, Pasig, Metro Manila","The Grove, Ugong, Pasig, Metro Manila, Philippines",the grove ugong pasig metro manila philippines,the grove ugong pasig metro manila philippines,,14.5863374,121.0793396,google,"The Grove S Rd, Pasig, Metro Manila, Philippines",CLEANED|GEOMETRIC_CENTER
The Hermosa,"Pulang Lupa Uno, Las Piñas, Metro Manila","The Hermosa, Pulang Lupa Uno, Las Piñas, Metro Manila, Philippines",the hermosa pulang lupa uno las pinas metro manila philippines,the hermosa pulang lupa uno las pinas metro manila philippines,,14.4694959,120.983389,google,"FX9M+Q9R, Las Piñas, Metro Manila, Philippines",CLEANED|GEOMETRIC_CENTER
The Hotel Residences at Acqua,"Hulo, Mandaluyong, Metro Manila","The Hotel Residences at Acqua, Hulo, Mandaluyong, Metro Manila, Philippines",the hotel residences at acqua hulo mandaluyong metro manila philippines,the hotel residences at acqua hulo mandaluyong metro manila philippines,"The Hotel Residences at Acqua, Hulo, Mandaluyong, Metro Manila, Philippines, Metro Manila, Philippines",,,,,
The Icon,"Tondo, Manila, Metro Manila","The Icon, Tondo, Manila, Metro Manila, Philippines",the icon tondo manila metro manila philippines,the icon tondo manila metro manila philippines,"The Icon, Tondo, Manila, Metro Manila, Philippines, Metro Manila, Philippines",,,,,
The Icon Residences,"Fort Bonifacio, Taguig, Metro Manila","The Icon Residences, Fort Bonifacio, Taguig, Metro Manila, Philippines",the icon residences fort bonifacio bonifacio taguig metro manila philippines,the icon residences fort bonifacio bonifacio taguig metro manila philippines,"The Icon Residences, Fort Bonifacio, Taguig, Metro Manila, Philippines, Metro Manila, Philippines",,,,,
The Imperium at Capitol Commons,"Oranbo, Pasig, Metro Manila","The Imperium at Capitol Commons, Oranbo, Pasig, Metro Manila, Philippines",the imperium at capitol commons oranbo pasig metro manila philippines,the imperium at capitol commons oranbo pasig metro manila philippines,,14.5757132,121.0642542,google,"Camino Verde Rd, Pasig, Metro Manila, Philippines",CLEANED|GEOMETRIC_CENTER
The Infinity,"Pinagsama, Taguig, Metro Manila","The Infinity, Pinagsama, Taguig, Metro Manila, Philippines",the infinity pinagsama taguig metro manila philippines,the infinity pinagsama taguig metro manila philippines,"The Infinity, Pinagsama, Taguig, Metro Manila, Philippines, Metro Manila, Philippines",,,,,
The Infinity BGC,"Fort Bonifacio, Taguig, Metro Manila","The Infinity BGC, Fort Bonifacio, Taguig, Metro Manila, Philippines",the infinity bonifacio global city fort bonifacio bonifacio taguig metro manila philippines,the infinity bonifacio global city fort bonifacio bonifacio taguig metro manila philippines,"The Infinity BGC, Fort Bonifacio, Taguig, Metro Manila, Philippines, Metro Manila, Philippines",,,,,
The Infinity Tower,"Pinagsama, Taguig, Metro Manila","The Infinity Tower, Pinagsama, Taguig, Metro Manila, Philippines",the infinity tower pinagsama taguig metro manila philippines,the infinity tower pinagsama taguig metro manila philippines,"The Infinity Tower, Pinagsama, Taguig, Metro Manila, Philippines, Metro Manila, Philippines",,,,,
The Larsen Tower at East Bay Residences,"Sucat, Muntinlupa, Metro Manila","The Larsen Tower at East Bay Residences, Sucat, Muntinlupa, Metro Manila, Philippines",the larsen tower at east bay residences sucat muntinlupa metro manila philippines,the larsen tower at east bay residences sucat muntinlupa metro manila philippines,"The Larsen Tower at East Bay Residences, Sucat, Muntinlupa, Metro Manila, Philippines, Metro Manila, Philippines",,,,,
The Lattice at Parklinks,"Pasig, Metro Manila","The Lattice at Parklinks, Pasig, Metro Manila, Philippines",the lattice at parklinks pasig metro manila philippines,the lattice at parklinks pasig metro manila philippines,,14.5983022,121.0843165,google,"Parklinks Brgy, Pasig, 1110 Metro Manila, Philippines",CLEANED|GEOMETRIC_CENTER
The Lerato,"Bel-Air, Makati, Metro Manila","The Lerato, Bel-Air, Makati, Metro Manila, Philippines",the lerato bel-air makati metro manila philippines,the lerato bel-air makati metro manila philippines,,14.5625329,121.017317,google,"7232 Malugay, Brgy, Makati, Kalakhang Maynila, Philippines",CLEANED|ROOFTOP
The Levels,"Alabang, Muntinlupa, Metro Manila","The Levels, Alabang, Muntinlupa, Metro Manila, Philippines",the levels alabang muntinlupa metro manila philippines,the levels alabang muntinlupa metro manila philippines,,14.4200106,121.033259,google,"Pacific Rim Cor. Commerce Ave., Filinvest City, Alabang, Muntinlupa City, 1781 Metro Manila, Philippines",CLEANED|GEOMETRIC_CENTER
The Linear,"San Antonio, Makati, Metro Manila","The Linear, San Antonio, Makati, Metro Manila, Philippines",the linear san antonio makati metro manila philippines,the linear san antonio makati metro manila philippines,,14.5600321,121.0102708,google,"The Linear Makati, Makati City, 1203 Metro Manila, Philippines",CLEANED|ROOFTOP
The Magnolia Residences,"Kaunlaran, Quezon City, Metro Manila","The Magnolia Residences, Kaunlaran, Quezon City, Metro Manila, Philippines",the magnolia residences kaunlaran quezon city metro manila philippines,the magnolia residences kaunlaran quezon city metro manila philippines,,14.6138356,121.0384865,google,"The Magnolia Residences, Doña Hemady St, Quezon City, Metro Manila, Philippines",CLEANED|ROOFTOP
"The Magnolia residences – Tower A, B, and C","Kaunlaran, Quezon City, Metro Manila","The Magnolia residences – Tower A, B, and C, Kaunlaran, Quezon City, Metro Manila, Philippines",the magnolia residences – tower a b and c kaunlaran quezon city metro manila philippines,the magnolia residences – tower a b and c kaunlaran quezon city metro manila philippines,"The Magnolia residences – Tower A, B, and C, Kaunlaran, Quezon City, Metro Manila, Philippines, Metro Manila, Philippines",,,,,
The Magnolia residences – Tower D,"Kaunlaran, Quezon City, Metro Manila","The Magnolia residences – Tower D, Kaunlaran, Quezon City, Metro Manila, Philippines",the magnolia residences – tower d kaunlaran quezon city metro manila philippines,the magnolia residences – tower d kaunlaran quezon city metro manila philippines,,14.6133616,121.0387877,google,"56-E N. Domingo, Quezon City, 1112 Metro Manila, Philippines",CLEANED|ROOFTOP
The Makati Tuscany,"Ayala Avenue, Makati, Metro Manila","The Makati Tuscany, Ayala Avenue, Makati, Metro Manila, Philippines",the makati tuscany ayala avenue makati metro manila philippines,the makati tuscany ayala avenue makati metro manila philippines,,14.5537983,121.026298,google,"6751 Ayala Ave, Makati City, Metro Manila, Philippines",CLEANED|ROOFTOP
The Manansala,"Makati, Metro Manila","The Manansala, Makati, Metro Manila, Philippines",the manansala makati metro manila philippines,the manansala makati metro manila philippines,,14.5643906,121.0382693,google,"The Manansala, Hidalgo Dr, Makati City, Metro Manila, Philippines",CLEANED|ROOFTOP
The Manila Residences,"Malate, Manila, Metro Manila","The Manila Residences, Malate, Manila, Metro Manila, Philippines",the manila residences malate manila metro manila philippines,the manila residences malate manila metro manila philippines,,14.5668868,120.9934182,google,"The Manila Residences, 2320 Taft Ave, Malate, Manila, 1004 Metro Manila, Philippines",CLEANED|ROOFTOP
The Manila Residences Bocobo,"Ermita, Manila, Metro Manila","The Manila Residences Bocobo, Ermita, Manila, Metro Manila, Philippines",the manila residences bocobo ermita manila metro manila philippines,the manila residences bocobo ermita manila metro manila philippines,,14.579649,120.9818293,google,"Unit 106, 1160 Bocobo St, Ermita, Manila, 1000 Metro Manila, Philippines",CLEANED|ROOFTOP
The Manila Residences Tower I,"Malate, Manila, Metro Manila","The Manila Residences Tower I, Malate, Manila, Metro Manila, Philippines",the manila residences tower i malate manila metro manila philippines,the manila residences tower i malate manila metro manila philippines,,14.5666638,120.9935365,google,"I, The Manila Residences, 2320 Taft Ave, Malate, Manila, 1004 Metro Manila, Philippines",CLEANED|ROOFTOP
The Manila Residences Tower II,"Malate, Manila, Metro Manila","The Manila Residences Tower II, Malate, Manila, Metro Manila, Philippines",the manila residences tower ii malate manila metro manila philippines,the manila residences tower ii malate manila metro manila philippines,,14.5669879,120.9935919,google,"The Manila Residences Tower II, Malate, Manila, 1004 Metro Manila, Philippines",CLEANED|ROOFTOP
The Manors at Celebrity Place,"Ramon Magsaysay, Quezon City, Metro Manila","The Manors at Celebrity Place, Ramon Magsaysay, Quezon City, Metro Manila, Philippines",the manors at celebrity place ramon magsaysay quezon city metro manila philippines,the manors at celebrity place ramon magsaysay quezon city metro manila philippines,"The Manors at Celebrity Place, Ramon Magsaysay, Quezon City, Metro Manila, Philippines, Metro Manila, Philippines",,,,,
The Manors at North Belton Communities,"Grace Park East, Manila, Metro Manila","The Manors at North Belton Communities, Grace Park East, Manila, Metro Manila, Philippines",the manors at north belton communities grace park east manila metro manila philippines,the manors at north belton communities grace park east manila metro manila philippines,,14.6853799,121.0176234,google,"M2P9+33Q, Belton Dr, Novaliches, Quezon City, Metro Manila, Philippines",CLEANED|GEOMETRIC_CENTER
The Meranti at Two Serendra,"Fort Bonifacio, Taguig, Metro Manila","The Meranti at Two Serendra, Fort Bonifacio, Taguig, Metro Manila, Philippines",the meranti at two serendra fort bonifacio bonifacio taguig metro manila philippines,the meranti at two serendra fort bonifacio bonifacio taguig metro manila philippines,"The Meranti at Two Serendra, Fort Bonifacio, Taguig, Metro Manila, Philippines, Metro Manila, Philippines",,,,,
The Milano Residences,"Poblacion, Makati, Metro Manila","The Milano Residences, Poblacion, Makati, Metro Manila, Philippines",the milano residences poblacion makati metro manila philippines,the milano residences poblacion makati metro manila philippines,,14.5670334,121.0273118,google,"H28G+RW7, Spring, Makati City, 1210 Metro Manila, Philippines",CLEANED|GEOMETRIC_CENTER
The Mondrian Residences,"Alabang, Muntinlupa, Metro Manila","The Mondrian Residences, Alabang, Muntinlupa, Metro Manila, Philippines",the mondrian residences alabang muntinlupa metro manila philippines,the mondrian residences alabang muntinlupa metro manila philippines,,14.419093,121.035289,google,"5321 E Asia Dr, Muntinlupa, 1781 Metro Manila, Philippines",CLEANED|ROOFTOP
The Montane,"Fort Bonifacio, Taguig, Metro Manila","The Montane, Fort Bonifacio, Taguig, Metro Manila, Philippines",the montane fort bonifacio bonifacio taguig metro manila philippines,the montane fort bonifacio bonifacio taguig metro manila philippines,"The Montane, Fort Bonifacio, Taguig, Metro Manila, Philippines, Metro Manila, Philippines",,,,,
The Nobel Plaza,"Bel-Air, Makati, Metro Manila","The Nobel Plaza, Bel-Air, Makati, Metro Manila, Philippines",the nobel plaza bel-air makati metro manila philippines,the nobel plaza bel-air makati metro manila philippines,,14.5601009,121.0189786,google,"H269+2HX, Makati City, Metro Manila, Philippines",CLEANED|GEOMETRIC_CENTER
The Observatory,"Buayang Bato, Mandaluyong, Metro Manila","The Observatory, Buayang Bato, Mandaluyong, Metro Manila, Philippines",the observatory buayang bato mandaluyong metro manila philippines,the observatory buayang bato mandaluyong metro manila philippines,,14.5705669,121.050815,google,"Pioneer St, Mandaluyong City, 1550 Metro Manila, Philippines",CLEANED|GEOMETRIC_CENTER
The Olive Place,"Plainview, Mandaluyong, Metro Manila","The Olive Place, Plainview, Mandaluyong, Metro Manila, Philippines",the olive place plainview mandaluyong metro manila philippines,the olive place plainview mandaluyong metro manila philippines,"The Olive Place, Plainview, Mandaluyong, Metro Manila, Philippines, Metro Manila, Philippines",,,,,
The Orabella,"Pasong Tamo, Quezon City, Metro Manila","The Orabella, Pasong Tamo, Quezon City, Metro Manila, Philippines",the orabella pasong tamo quezon city metro manila philippines,the orabella pasong tamo quezon city metro manila philippines,"The Orabella, Pasong Tamo, Quezon City, Metro Manila, Philippines, Metro Manila, Philippines",,,,,
The Oriana,"Marilag, Quezon City, Metro Manila","The Oriana, Marilag, Quezon City, Metro Manila, Philippines",the oriana marilag quezon city metro manila philippines,the oriana marilag quezon city metro manila philippines,,14.6283138,121.0684287,google,"Project 4, Quezon City, 1102 Metro Manila, Philippines",CLEANED|GEOMETRIC_CENTER
The Oriental Place,"Pio Del Pilar, Makati, Metro Manila","The Oriental Place, Pio Del Pilar, Makati, Metro Manila, Philippines",the oriental place pio del pilar makati metro manila philippines,the oriental place pio del pilar makati metro manila philippines,,14.5546479,121.0133062,google,"The Oriental Place, Chino Roces Ave, Makati City, 1230 Metro Manila, Philippines",CLEANED|ROOFTOP
The Paddington Place,"Shaw Boulevard, Mandaluyong, Metro Manila","The Paddington Place, Shaw Boulevard, Mandaluyong, Metro Manila, Philippines",the paddington place shaw boulevard mandaluyong metro manila philippines,the paddington place shaw boulevard mandaluyong metro manila philippines,,14.5836149,121.0504307,google,"632 Shaw Blvd, Mandaluyong, 1550, Mandaluyong City, 1552 Metro Manila, Philippines",CLEANED|GEOMETRIC_CENTER
The Palm Tree,"Barangay 183, Pasay, Metro Manila","The Palm Tree, Barangay 183, Pasay, Metro Manila, Philippines",the palm tree barangay 183 pasay metro manila philippines,the palm tree barangay 183 pasay metro manila philippines,,14.5217203,121.015509,google,"Resort Dr, Pasay City, Metro Manila, Philippines",CLEANED|GEOMETRIC_CENTER
The Palm Tree 2,"Pasay, Metro Manila","The Palm Tree 2, Pasay, Metro Manila, Philippines",the palm tree 2 pasay metro manila philippines,the palm tree 2 pasay metro manila philippines,,14.5219198,121.0150138,google,"Newport Blvd, Pasay City, 1309 Metro Manila, Philippines",CLEANED|GEOMETRIC_CENTER
The Palmtree at NewPort City,"Newport Blvd, Pasay, Metro Manila","The Palmtree at NewPort City, Newport Blvd, Pasay, Metro Manila, Philippines",the palmtree at newport city newport boulevard pasay metro manila philippines,the palmtree at newport city newport boulevard pasay metro manila philippines,"The Palmtree at NewPort City, Newport Blvd, Pasay, Metro Manila, Philippines, Metro Manila, Philippines",,,,,
The Parkside Villa,"Pasay, Metro Manila","The Parkside Villa, Pasay, Metro Manila, Philippines",the parkside villa pasay metro manila philippines,the parkside villa pasay metro manila philippines,,14.5193052,121.0206069,google,"G29C+P6H, Sales Rd, Newport, Pasay City, 1309 Metro Manila, Philippines",CLEANED|GEOMETRIC_CENTER
The Parkside Villas,"Barangay 183, Pasay, Metro Manila","The Parkside Villas, Barangay 183, Pasay, Metro Manila, Philippines",the parkside villas barangay 183 pasay metro manila philippines,the parkside villas barangay 183 pasay metro manila philippines,,14.5193052,121.0206069,google,"G29C+P6H, Sales Rd, Newport, Pasay City, 1309 Metro Manila, Philippines",CLEANED|GEOMETRIC_CENTER
The Peak Tower,"Bel-Air, Makati, Metro Manila","The Peak Tower, Bel-Air, Makati, Metro Manila, Philippines",the peak tower bel-air makati metro manila philippines,the peak tower bel-air makati metro manila philippines,,14.5601796,121.0195925,google,"107 L.P. Leviste Street, Makati City, 1227 Metro Manila, Philippines",CLEANED|ROOFTOP
The Pearl Place,"Pasig, Metro Manila","The Pearl Place, Pasig, Metro Manila, Philippines",the pearl place pasig metro manila philippines,the pearl place pasig metro manila philippines,,14.579206,121.05949,google,"Gold Loop and, Pearl Dr, Ortigas Center, Pasig, 1605 Metro Manila, Philippines",CLEANED|GEOMETRIC_CENTER
The Proscenium,"Bangkal, Makati, Metro Manila","The Proscenium, Bangkal, Makati, Metro Manila, Philippines",the proscenium bangkal makati metro manila philippines,the proscenium bangkal makati metro manila philippines,"The Proscenium, Bangkal, Makati, Metro Manila, Philippines, Metro Manila, Philippines",,,,,
The Proscenium at Rockwell,"Poblacion, Makati, Metro Manila","The Proscenium at Rockwell, Poblacion, Makati, Metro Manila, Philippines",the proscenium at rockwell poblacion makati metro manila philippines,the proscenium at rockwell poblacion makati metro manila philippines,,14.5661112,121.0387092,google,"Estrella, Rockwell Center, Makati City, Metro Manila, Philippines",CLEANED|GEOMETRIC_CENTER
The Radiance Manila Bay,"Barangay 3, Pasay, Metro Manila","The Radiance Manila Bay, Barangay 3, Pasay, Metro Manila, Philippines",the radiance manila bay barangay 3 pasay metro manila philippines,the radiance manila bay barangay 3 pasay metro manila philippines,"The Radiance Manila Bay, Barangay 3, Pasay, Metro Manila, Philippines, Metro Manila, Philippines",,,,,
The Radiance Manila Bay – North Tower,"Barangay 2, Pasay, Metro Manila","The Radiance Manila Bay – North Tower, Barangay 2, Pasay, Metro Manila, Philippines",the radiance manila bay – north barangay 2 pasay metro manila philippines,the radiance manila bay – north barangay 2 pasay metro manila philippines,,14.5577652,120.9886078,google,"Roxas Blvd, Pasay City, 1300 Metro Manila, Philippines",CLEANED|GEOMETRIC_CENTER
The Radiance Manila Bay – South Tower,"Barangay 2, Pasay, Metro Manila","The Radiance Manila Bay – South Tower, Barangay 2, Pasay, Metro Manila, Philippines",the radiance manila bay – south barangay 2 pasay metro manila philippines,the radiance manila bay – south barangay 2 pasay metro manila philippines,,14.5577652,120.9886078,google,"Roxas Blvd, Pasay City, 1300 Metro Manila, Philippines",CLEANED|GEOMETRIC_CENTER
The Residences at Bonifacio Civic Center,"BGC, Taguig, Metro Manila","The Residences at Bonifacio Civic Center, BGC, Taguig, Metro Manila, Philippines",the residences at bonifacio civic center bonifacio global city taguig metro manila philippines,the residences at bonifacio civic center bonifacio global city taguig metro manila philippines,"The Residences at Bonifacio Civic Center, BGC, Taguig, Metro Manila, Philippines, Metro Manila, Philippines",14.5449268,121.0529074,google,"6 McKinley Pkwy, Makati City, Metro Manila, Philippines",FALLBACK_FULL|ROOFTOP
The Residences at Bonifacio Civic Center Tower,"Fort Bonifacio, Taguig, Metro Manila","The Residences at Bonifacio Civic Center Tower, Fort Bonifacio, Taguig, Metro Manila, Philippines",the residences at bonifacio civic center tower fort bonifacio bonifacio taguig metro manila philippines,the residences at bonifacio civic center tower fort bonifacio bonifacio taguig metro manila philippines,"The Residences at Bonifacio Civic Center Tower, Fort Bonifacio, Taguig, Metro Manila, Philippines, Metro Manila, Philippines",,,,,
The Residences at Commonwealth,"Matandang Balara, Quezon City, Metro Manila","The Residences at Commonwealth, Matandang Balara, Quezon City, Metro Manila, Philippines",the residences at commonwealth matandang balara quezon city metro manila philippines,the residences at commonwealth matandang balara quezon city metro manila philippines,"The Residences at Commonwealth, Matandang Balara, Quezon City, Metro Manila, Philippines, Metro Manila, Philippines",,,,,
The Residences at Commonwealth Quezon City,"Batasan Hills, Quezon City, Metro Manila","The Residences at Commonwealth Quezon City, Batasan Hills, Quezon City, Metro Manila, Philippines",the residences at commonwealth quezon city batasan hills quezon city metro manila philippines,the residences at commonwealth quezon city batasan hills quezon city metro manila philippines,"The Residences at Commonwealth Quezon City, Batasan Hills, Quezon City, Metro Manila, Philippines, Metro Manila, Philippines",,,,,
The Residences at Greenbelt,"San Lorenzo, Makati, Metro Manila","The Residences at Greenbelt, San Lorenzo, Makati, Metro Manila, Philippines",the residences at greenbelt san lorenzo makati metro manila philippines,the residences at greenbelt san lorenzo makati metro manila philippines,,14.5510509,121.0200829,google,"H22C+C2G, Paseo de Roxas, Makati City, Metro Manila, Philippines",CLEANED|GEOMETRIC_CENTER
The Residences at The Westin Manila Sonata Place,"Wack-Wack Greenhills, Mandaluyong, Metro Manila","The Residences at The Westin Manila Sonata Place, Wack-Wack Greenhills, Mandaluyong, Metro Manila, Philippines",the residences at the westin manila sonata place wack-wack greenhills mandaluyong metro manila philippines,the residences at the westin manila sonata place wack-wack greenhills mandaluyong metro manila philippines,,14.5806015,121.0587451,google,"Sonata Place Complex, San Miguel Avenue, corner Lourdes Dr, Ortigas Center, Pasig, 1100 Metro Manila, Philippines",CLEANED|ROOFTOP
The Residential Resort At Newport City,"Pasay, Metro Manila","The Residential Resort At Newport City, Pasay, Metro Manila, Philippines",the residential resort at newport city pasay metro manila philippines,the residential resort at newport city pasay metro manila philippines,"The Residential Resort At Newport City, Pasay, Metro Manila, Philippines, Metro Manila, Philippines",,,,,
The Rise Makati,"San Antonio, Makati, Metro Manila","The Rise Makati, San Antonio, Makati, Metro Manila, Philippines",the rise makati san antonio makati metro manila philippines,the rise makati san antonio makati metro manila philippines,,14.5622312,121.0133797,google,"7248 Malugay, Street, Makati, 1203 Kalakhang Maynila, Philippines",CLEANED|ROOFTOP
The Rise Makati By Shangrila,"San Antonio, Makati, Metro Manila","The Rise Makati By Shangrila, San Antonio, Makati, Metro Manila, Philippines",the rise makati by shangrila san antonio makati metro manila philippines,the rise makati by shangrila san antonio makati metro manila philippines,"The Rise Makati By Shangrila, San Antonio, Makati, Metro Manila, Philippines, Metro Manila, Philippines",,,,,
The Ritz Tower,"Bel-Air, Makati, Metro Manila","The Ritz Tower, Bel-Air, Makati, Metro Manila, Philippines",the ritz tower bel-air makati metro manila philippines,the ritz tower bel-air makati metro manila philippines,"The Ritz Tower, Bel-Air, Makati, Metro Manila, Philippines, Metro Manila, Philippines",,,,,
The Rochester,"San Joaquin, Pasig, Metro Manila","The Rochester, San Joaquin, Pasig, Metro Manila, Philippines",the rochester san joaquin pasig metro manila philippines,the rochester san joaquin pasig metro manila philippines,,14.5528167,121.0773558,google,"H33G+4XQ, 1601 Elizco Rd, Pasig, 1601 Metro Manila, Philippines",CLEANED|ROOFTOP
The Royalton,"Oranbo, Pasig, Metro Manila","The Royalton, Oranbo, Pasig, Metro Manila, Philippines",the royalton oranbo pasig metro manila philippines,the royalton oranbo pasig metro manila philippines,,14.5761087,121.064739,google,"H3G7+CVR, E Capitol Dr, Pasig, Metro Manila, Philippines",CLEANED|GEOMETRIC_CENTER
The Royalton at Capitol Commons,"Oranbo, Pasig, Metro Manila","The Royalton at Capitol Commons, Oranbo, Pasig, Metro Manila, Philippines",the royalton at capitol commons oranbo pasig metro manila philippines,the royalton at capitol commons oranbo pasig metro manila philippines,,14.5761087,121.064739,google,"H3G7+CVR, E Capitol Dr, Pasig, Metro Manila, Philippines",CLEANED|GEOMETRIC_CENTER
The Saint Francis Shangri-la Place,"Highway Hills, Mandaluyong, Metro Manila","The Saint Francis Shangri-la Place, Highway Hills, Mandaluyong, Metro Manila, Philippines",the saint francis shangri-la place highway hills mandaluyong metro manila philippines,the saint francis shangri-la place highway hills mandaluyong metro manila philippines,,14.579773,121.0563977,google,"The St Francis Shangri-La Place Tower 2, Ortigas Center, Mandaluyong City, Metro Manila, Philippines",CLEANED|ROOFTOP
The Salcedo Park,"Bel-Air, Makati, Metro Manila","The Salcedo Park, Bel-Air, Makati, Metro Manila, Philippines",the salcedo park bel-air makati metro manila philippines,the salcedo park bel-air makati metro manila philippines,,14.5617799,121.0244256,google,"121 H.V Dela Costa Street Salcedo Village, Makati City, 1227 Metro Manila, Philippines",CLEANED|ROOFTOP
The Salcedo Park Condominum,"Bel-Air, Makati, Metro Manila","The Salcedo Park Condominum, Bel-Air, Makati, Metro Manila, Philippines",the salcedo park condominum bel-air makati metro manila philippines,the salcedo park condominum bel-air makati metro manila philippines,,14.5617799,121.0244256,google,"121 H.V Dela Costa Street Salcedo Village, Makati City, 1227 Metro Manila, Philippines",CLEANED|ROOFTOP
The Sandstone at Portico,"Oranbo, Pasig, Metro Manila","The Sandstone at Portico, Oranbo, Pasig, Metro Manila, Philippines",the sandstone at portico oranbo pasig metro manila philippines,the sandstone at portico oranbo pasig metro manila philippines,,14.5744864,121.065444,google,"2 Oranbo Dr, Pasig, 1600 Metro Manila, Philippines",CLEANED|ROOFTOP
The Sapphire Bloc  – South Tower,"San Antonio, Pasig, Metro Manila","The Sapphire Bloc  – South Tower, San Antonio, Pasig, Metro Manila, Philippines",the sapphire bloc – south tower san antonio pasig metro manila philippines,the sapphire bloc – south tower san antonio pasig metro manila philippines,,14.5876781,121.0625095,google,"Sapphire, Garnet and, Onyx Rd, Ortigas Center, Pasig, 1605 Metro Manila, Philippines",CLEANED|GEOMETRIC_CENTER
The Sapphire Bloc – East Tower,"San Antonio, Pasig, Metro Manila","The Sapphire Bloc – East Tower, San Antonio, Pasig, Metro Manila, Philippines",the sapphire bloc – east tower san antonio pasig metro manila philippines,the sapphire bloc – east tower san antonio pasig metro manila philippines,"The Sapphire Bloc – East Tower, San Antonio, Pasig, Metro Manila, Philippines, Metro Manila, Philippines",,,,,
The Seasons Residences,"Fort Bonifacio, Taguig, Metro Manila","The Seasons Residences, Fort Bonifacio, Taguig, Metro Manila, Philippines",the seasons residences fort bonifacio bonifacio taguig metro manila philippines,the seasons residences fort bonifacio bonifacio taguig metro manila philippines,,14.5595496,121.0530687,google,"36th Street, North Bonifacio District, corner 8th Avenue, Makati City, 1637 Metro Manila, Philippines",CLEANED|ROOFTOP
The Signature,"Pag-Ibig Sa Nayon, Quezon City, Metro Manila","The Signature, Pag-Ibig Sa Nayon, Quezon City, Metro Manila, Philippines",the signature pag-ibig sa nayon quezon city metro manila philippines,the signature pag-ibig sa nayon quezon city metro manila philippines,,14.6452923,120.9953394,google,"The Signature, 658 A. Bonifacio Ave, Balintawak, Quezon City, 1106 Metro Manila, Philippines",CLEANED|GEOMETRIC_CENTER
The Spectrum,"Ortigas Center, Pasig, Metro Manila","The Spectrum, Ortigas Center, Pasig, Metro Manila, Philippines",the spectrum ortigas center pasig metro manila philippines,the spectrum ortigas center pasig metro manila philippines,,14.5848437,121.0621979,google,"Julia Vargas Ave, cor Garnet Rd, Ortigas Center, Pasig, 1605 Metro Manila, Philippines",CLEANED|ROOFTOP
The St. Francis Shangri-La Place,"Addition Hills, Mandaluyong, Metro Manila","The St. Francis Shangri-La Place, Addition Hills, Mandaluyong, Metro Manila, Philippines",the street. francis shangri-la place addition hills mandaluyong metro manila philippines,the street. francis shangri-la place addition hills mandaluyong metro manila philippines,"The St. Francis Shangri-La Place, Addition Hills, Mandaluyong, Metro Manila, Philippines, Metro Manila, Philippines",,,,,
The Steps - Quezon City,"Matalahib, Quezon City, Metro Manila","The Steps - Quezon City, Matalahib, Quezon City, Metro Manila, Philippines",the steps - quezon city matalahib quezon city metro manila philippines,the steps - quezon city matalahib quezon city metro manila philippines,,14.6323888,121.0060929,google,"J2J4+XC4, Biak na Bato, Quezon City, Kalakhang Maynila, Philippines",CLEANED|GEOMETRIC_CENTER
The Suites at One Bonifacio High Street,"Pinagsama, Taguig, Metro Manila","The Suites at One Bonifacio High Street, Pinagsama, Taguig, Metro Manila, Philippines",the suites at one bonifacio high street pinagsama taguig metro manila philippines,the suites at one bonifacio high street pinagsama taguig metro manila philippines,"The Suites at One Bonifacio High Street, Pinagsama, Taguig, Metro Manila, Philippines, Metro Manila, Philippines",,,,,
The Symphony Towers,"Quezon City, Metro Manila","The Symphony Towers, Quezon City, Metro Manila, Philippines",the symphony towers quezon city metro manila philippines,the symphony towers quezon city metro manila philippines,,14.6341662,121.0413579,google,"Sgt. Esguerra Avenue, corner Timog Ave, Diliman, Quezon City, 1103 Metro Manila, Philippines",CLEANED|ROOFTOP
The TREVI TOWERS,"Tugatog, Malabon, Metro Manila","The TREVI TOWERS, Tugatog, Malabon, Metro Manila, Philippines",the trevi towers tugatog malabon metro manila philippines,the trevi towers tugatog malabon metro manila philippines,"The TREVI TOWERS, Tugatog, Malabon, Metro Manila, Philippines, Metro Manila, Philippines",,,,,
The Trion Towers,"Makati, Metro Manila","The Trion Towers, Makati, Metro Manila, Philippines",the trion towers makati metro manila philippines,the trion towers makati metro manila philippines,,14.5460967,121.0495991,google,"8th Ave, cor McKinley Pkwy, Makati City, Metro Manila, Philippines",CLEANED|ROOFTOP
The Trion Towers I,"BGC, Taguig, Metro Manila","The Trion Towers I, BGC, Taguig, Metro Manila, Philippines",the trion towers i bonifacio global city taguig metro manila philippines,the trion towers i bonifacio global city taguig metro manila philippines,"The Trion Towers I, BGC, Taguig, Metro Manila, Philippines, Metro Manila, Philippines",,,,,
The Trion Towers II,"BGC, Taguig, Metro Manila","The Trion Towers II, BGC, Taguig, Metro Manila, Philippines",the trion towers ii bonifacio global city taguig metro manila philippines,the trion towers ii bonifacio global city taguig metro manila philippines,"The Trion Towers II, BGC, Taguig, Metro Manila, Philippines, Metro Manila, Philippines",,,,,
The Trion Towers III,"BGC, Taguig, Metro Manila","The Trion Towers III, BGC, Taguig, Metro Manila, Philippines",the trion towers iii bonifacio global city taguig metro manila philippines,the trion towers iii bonifacio global city taguig metro manila philippines,"The Trion Towers III, BGC, Taguig, Metro Manila, Philippines, Metro Manila, Philippines",,,,,
The Velaris Residences,"Manggahan, Pasig, Metro Manila","The Velaris Residences, Manggahan, Pasig, Metro Manila, Philippines",the velaris residences manggahan pasig metro manila philippines,the velaris residences manggahan pasig metro manila philippines,,14.5941953,121.0837818,google,"Bridgetowne Boulevard, Pasig, 1609 Metro Manila, Philippines",CLEANED|GEOMETRIC_CENTER
The Venice,"Bagong Tanyag, Taguig, Metro Manila","The Venice, Bagong Tanyag, Taguig, Metro Manila, Philippines",the venice bagong tanyag taguig metro manila philippines,the venice bagong tanyag taguig metro manila philippines,"The Venice, Bagong Tanyag, Taguig, Metro Manila, Philippines, Metro Manila, Philippines",,,,,
The Venice Luxury Residences,"McKinley Hill, Taguig, Metro Manila","The Venice Luxury Residences, McKinley Hill, Taguig, Metro Manila, Philippines",the venice luxury residences mckinley hill taguig metro manila philippines,the venice luxury residences mckinley hill taguig metro manila philippines,,14.5331906,121.0507124,google,"Venezia Dr, McKinley Hill Dr, Taguig, Metro Manila, Philippines",CLEANED|GEOMETRIC_CENTER
The Veranda BGC,"Highway Hills, Mandaluyong, Metro Manila","The Veranda BGC, Highway Hills, Mandaluyong, Metro Manila, Philippines",the veranda bonifacio global city highway hills mandaluyong metro manila philippines,the veranda bonifacio global city highway hills mandaluyong metro manila philippines,"The Veranda BGC, Highway Hills, Mandaluyong, Metro Manila, Philippines, Metro Manila, Philippines",,,,,
The Versailles Cove,"Don Bosco, Parañaque, Metro Manila","The Versailles Cove, Don Bosco, Parañaque, Metro Manila, Philippines",the versailles cove don bosco paranaque metro manila philippines,the versailles cove don bosco paranaque metro manila philippines,,14.4807614,121.0239885,google,"Versailles, Parañaque, 1700 Metro Manila, Philippines",CLEANED|GEOMETRIC_CENTER
The Viceroy,"McKinley Hill, Taguig, Metro Manila","The Viceroy, McKinley Hill, Taguig, Metro Manila, Philippines",the viceroy mckinley hill taguig metro manila philippines,the viceroy mckinley hill taguig metro manila philippines,"The Viceroy, McKinley Hill, Taguig, Metro Manila, Philippines, Metro Manila, Philippines",,,,,
The Viceroy Residences,"Bagong Tanyag, Taguig, Metro Manila","The Viceroy Residences, Bagong Tanyag, Taguig, Metro Manila, Philippines",the viceroy residences bagong tanyag taguig metro manila philippines,the viceroy residences bagong tanyag taguig metro manila philippines,"The Viceroy Residences, Bagong Tanyag, Taguig, Metro Manila, Philippines, Metro Manila, Philippines",,,,,
The Xavier Hills,"New Manila, Quezon City, Metro Manila","The Xavier Hills, New Manila, Quezon City, Metro Manila, Philippines",the xavier hills new manila quezon city metro manila philippines,the xavier hills new manila quezon city metro manila philippines,,14.6123693,121.0376534,google,"The Xavier Hills Condominium, N. Domingo, New Manila, Quezon City, 1112 Metro Manila, Philippines",CLEANED|ROOFTOP
The barons place,"Balong-Bato, San Juan, Metro Manila","The barons place, Balong-Bato, San Juan, Metro Manila, Philippines",the barons place balong-bato san juan metro manila philippines,the barons place balong-bato san juan metro manila philippines,"The barons place, Balong-Bato, San Juan, Metro Manila, Philippines, Metro Manila, Philippines",,,,,
Three Adriatico Place,"Ermita, Manila, Metro Manila","Three Adriatico Place, Ermita, Manila, Metro Manila, Philippines",three adriatico place ermita manila metro manila philippines,three adriatico place ermita manila metro manila philippines,,14.5754741,120.983353,google,"M Adriatico St, Malate, Manila, 1000 Metro Manila, Philippines",CLEANED|ROOFTOP
Three Central,"Bel-Air, Makati, Metro Manila","Three Central, Bel-Air, Makati, Metro Manila, Philippines",three central bel-air makati metro manila philippines,three central bel-air makati metro manila philippines,,14.5602848,121.0177549,google,"109 Valero, Makati, 1209 Kalakhang Maynila, Philippines",CLEANED|ROOFTOP
Three Salcedo Place,"Bel-Air, Makati, Metro Manila","Three Salcedo Place, Bel-Air, Makati, Metro Manila, Philippines",three salcedo place bel-air makati metro manila philippines,three salcedo place bel-air makati metro manila philippines,,14.5608861,121.0236997,google,"Three Salcedo Place, Tordesillas, Makati City, Metro Manila, Philippines",CLEANED|ROOFTOP
Tiffany Mansion,"Greenhills, San Juan, Metro Manila","Tiffany Mansion, Greenhills, San Juan, Metro Manila, Philippines",tiffany mansion greenhills san juan metro manila philippines,tiffany mansion greenhills san juan metro manila philippines,,14.6052586,121.0490526,google,"Tiffany Mansion, Eisenhower St, San Juan City, 1500 Metro Manila, Philippines",CLEANED|ROOFTOP
Time Square West,"Fort Bonifacio, Taguig, Metro Manila","Time Square West, Fort Bonifacio, Taguig, Metro Manila, Philippines",time square west fort bonifacio bonifacio taguig metro manila philippines,time square west fort bonifacio bonifacio taguig metro manila philippines,,14.5596081,121.0516897,google,"Times Square West •, North Bonifacio District1634 36th St, Taguig, 1635 Metro Manila, Philippines",CLEANED|ROOFTOP
Times Square West,"BGC, Taguig, Metro Manila","Times Square West, BGC, Taguig, Metro Manila, Philippines",times square west bonifacio global city taguig metro manila philippines,times square west bonifacio global city taguig metro manila philippines,,14.5596081,121.0516897,google,"Times Square West •, North Bonifacio District1634 36th St, Taguig, 1635 Metro Manila, Philippines",CLEANED|ROOFTOP
Tivoli Garden Residences,"Hulo, Mandaluyong, Metro Manila","Tivoli Garden Residences, Hulo, Mandaluyong, Metro Manila, Philippines",tivoli garden residences hulo mandaluyong metro manila philippines,tivoli garden residences hulo mandaluyong metro manila philippines,,14.5725275,121.0299407,google,"Tivoli Garden Residences, Mandaluyong City, Metro Manila, Philippines",CLEANED|GEOMETRIC_CENTER
Tivoli Gardens Residences,"Addition Hills, Mandaluyong, Metro Manila","Tivoli Gardens Residences, Addition Hills, Mandaluyong, Metro Manila, Philippines",tivoli gardens residences addition hills mandaluyong metro manila philippines,tivoli gardens residences addition hills mandaluyong metro manila philippines,"Tivoli Gardens Residences, Addition Hills, Mandaluyong, Metro Manila, Philippines, Metro Manila, Philippines",,,,,
Torre Central,"Manila, Metro Manila","Torre Central, Manila, Metro Manila, Philippines",torre central manila metro manila philippines,torre central manila metro manila philippines,,14.6068549,120.990619,google,"JX4R+P6X, Galicia St, Sampaloc, Manila, 1008 Metro Manila, Philippines",CLEANED|GEOMETRIC_CENTER
Torre De Florencia,"Grace Park West, Caloocan, Metro Manila","Torre De Florencia, Grace Park West, Caloocan, Metro Manila, Philippines",torre de florencia grace park west caloocan metro manila philippines,torre de florencia grace park west caloocan metro manila philippines,,14.6539086,120.982851,google,"177 W 12th Ave, Florencia St, Grace Park West, Caloocan, 1406 Metro Manila, Philippines",CLEANED|GEOMETRIC_CENTER
Torre De Manila,"Ermita, Manila, Metro Manila","Torre De Manila, Ermita, Manila, Metro Manila, Philippines",torre de manila ermita manila metro manila philippines,torre de manila ermita manila metro manila philippines,,14.5850705,120.9846455,google,"Zone 71 Taft Ave, Ermita, Manila, 1000 Metro Manila, Philippines",CLEANED|ROOFTOP
Torre Lorenzo Central,"Sampaloc, Manila, Metro Manila","Torre Lorenzo Central, Sampaloc, Manila, Metro Manila, Philippines",torre lorenzo central sampaloc manila metro manila philippines,torre lorenzo central sampaloc manila metro manila philippines,"Torre Lorenzo Central, Sampaloc, Manila, Metro Manila, Philippines, Metro Manila, Philippines",14.5626817,120.9948465,google,"2587 Taft Avenue, corner P.Ocampo St., Malate, Manila, 1004 Metro Manila, Philippines",FALLBACK_FULL|ROOFTOP
Torre Lorenzo Loyola,"Loyola Heights, Quezon City, Metro Manila","Torre Lorenzo Loyola, Loyola Heights, Quezon City, Metro Manila, Philippines",torre lorenzo loyola loyola heights quezon city metro manila philippines,torre lorenzo loyola loyola heights quezon city metro manila philippines,,14.6365021,121.0736909,google,"91 Rosa Alvero, Quezon City, 1108 Kalakhang Maynila, Philippines",CLEANED|ROOFTOP
Torre Lorenzo Malate,"Malate, Manila, Metro Manila","Torre Lorenzo Malate, Malate, Manila, Metro Manila, Philippines",torre lorenzo malate malate manila metro manila philippines,torre lorenzo malate malate manila metro manila philippines,,14.5739488,120.9876305,google,"Malvar, corner Vasquez St, Malate, Manila, 1004 Metro Manila, Philippines",CLEANED|ROOFTOP
Torre Lorenzo Sur,"Zapote, Las Piñas, Metro Manila","Torre Lorenzo Sur, Zapote, Las Piñas, Metro Manila, Philippines",torre lorenzo sur zapote las pinas metro manila philippines,torre lorenzo sur zapote las pinas metro manila philippines,"Torre Lorenzo Sur, Zapote, Las Piñas, Metro Manila, Philippines, Metro Manila, Philippines",,,,,
Trees Residences,"Kaligayahan, Quezon City, Metro Manila","Trees Residences, Kaligayahan, Quezon City, Metro Manila, Philippines",trees residences kaligayahan quezon city metro manila philippines,trees residences kaligayahan quezon city metro manila philippines,"Trees Residences, Kaligayahan, Quezon City, Metro Manila, Philippines, Metro Manila, Philippines",,,,,
Tres Palmas,"Bagong Tanyag, Taguig, Metro Manila","Tres Palmas, Bagong Tanyag, Taguig, Metro Manila, Philippines",tres palmas bagong tanyag taguig metro manila philippines,tres palmas bagong tanyag taguig metro manila philippines,"Tres Palmas, Bagong Tanyag, Taguig, Metro Manila, Philippines, Metro Manila, Philippines",,,,,
Tribeca Private Residences,"Tondo, Manila, Metro Manila","Tribeca Private Residences, Tondo, Manila, Metro Manila, Philippines",tribeca private residences tondo manila metro manila philippines,tribeca private residences tondo manila metro manila philippines,"Tribeca Private Residences, Tondo, Manila, Metro Manila, Philippines, Metro Manila, Philippines",,,,,
Tropical Palms,"Legazpi Village, Makati, Metro Manila","Tropical Palms, Legazpi Village, Makati, Metro Manila, Philippines",tropical palms legazpi village makati metro manila philippines,tropical palms legazpi village makati metro manila philippines,,14.5543597,121.0219078,google,"Tropical Palms, Dela Rosa Street, Legazpi Village, Makati City, 1200 Metro Manila, Philippines",CLEANED|ROOFTOP
Trump Tower,"Makati, Metro Manila","Trump Tower, Makati, Metro Manila, Philippines",trump tower makati metro manila philippines,trump tower makati metro manila philippines,,14.565145,121.0283321,google,"Makati Ave, Makati City, Metro Manila, Philippines",CLEANED|GEOMETRIC_CENTER
Trump Tower Manila,"Makati, Metro Manila","Trump Tower Manila, Makati, Metro Manila, Philippines",trump tower manila makati metro manila philippines,trump tower manila makati metro manila philippines,,14.565145,121.0283321,google,"Makati Ave, Makati City, Metro Manila, Philippines",CLEANED|GEOMETRIC_CENTER
Trump Towers,"Poblacion, Makati, Metro Manila","Trump Towers, Poblacion, Makati, Metro Manila, Philippines",trump towers poblacion makati metro manila philippines,trump towers poblacion makati metro manila philippines,,14.565145,121.0283321,google,"Makati Ave, Makati City, Metro Manila, Philippines",CLEANED|GEOMETRIC_CENTER
Tuscany Private Estate,"McKinley Hill, Taguig, Metro Manila","Tuscany Private Estate, McKinley Hill, Taguig, Metro Manila, Philippines",tuscany private estate mckinley hill taguig metro manila philippines,tuscany private estate mckinley hill taguig metro manila philippines,"Tuscany Private Estate, McKinley Hill, Taguig, Metro Manila, Philippines, Metro Manila, Philippines",,,,,
Tuscany Private Estates,"Pinagsama, Taguig, Metro Manila","Tuscany Private Estates, Pinagsama, Taguig, Metro Manila, Philippines",tuscany private estates pinagsama taguig metro manila philippines,tuscany private estates pinagsama taguig metro manila philippines,,14.5379392,121.0519093,google,"Taguig, Metro Manila, Philippines",CLEANED|GEOMETRIC_CENTER
Twelve Luxury Flats,"Little Baguio, San Juan, Metro Manila","Twelve Luxury Flats, Little Baguio, San Juan, Metro Manila, Philippines",twelve luxury flats little baguio san juan metro manila philippines,twelve luxury flats little baguio san juan metro manila philippines,,14.5985054,121.0379052,google,"304 V. Cruz, San Juan City, 1500 Metro Manila, Philippines",CLEANED|ROOFTOP
Twin Oaks Place,"Wack-Wack Greenhills, Mandaluyong, Metro Manila","Twin Oaks Place, Wack-Wack Greenhills, Mandaluyong, Metro Manila, Philippines",twin oaks place wack-wack greenhills mandaluyong metro manila philippines,twin oaks place wack-wack greenhills mandaluyong metro manila philippines,"Twin Oaks Place, Wack-Wack Greenhills, Mandaluyong, Metro Manila, Philippines, Metro Manila, Philippines",14.5787672,121.0558619,google,"750 Shaw Blvd, Mandaluyong City, 1554 Metro Manila, Philippines",FALLBACK_FULL|ROOFTOP
Twin Residences,"Talon Tres, Las Piñas, Metro Manila","Twin Residences, Talon Tres, Las Piñas, Metro Manila, Philippines",twin residences talon tres las pinas metro manila philippines,twin residences talon tres las pinas metro manila philippines,,14.440903,120.9999008,google,"Admiral, Brgy Alabang–Zapote Rd, Las Piñas, 1747 Metro Manila, Philippines",CLEANED|ROOFTOP
Twin Towers,"Urdaneta, Makati, Metro Manila","Twin Towers, Urdaneta, Makati, Metro Manila, Philippines",twin towers urdaneta makati metro manila philippines,twin towers urdaneta makati metro manila philippines,,14.5518053,121.0286022,google,"Twin Towers, 6737 Ayala Ave, Makati City, 1226 Metro Manila, Philippines",CLEANED|ROOFTOP
Two Adriatico Place,"Quiapo, Manila, Metro Manila","Two Adriatico Place, Quiapo, Manila, Metro Manila, Philippines",two adriatico place quiapo manila metro manila philippines,two adriatico place quiapo manila metro manila philippines,,14.5749609,120.9837504,google,"Adriatico St, Ermita, Manila, 1000 Metro Manila, Philippines",CLEANED|GEOMETRIC_CENTER
Two Central,"Bel-Air, Makati, Metro Manila","Two Central, Bel-Air, Makati, Metro Manila, Philippines",two central bel-air makati metro manila philippines,two central bel-air makati metro manila philippines,,14.559826,121.018519,google,"Salcedo Village, 109 Valero, Makati City, 1209 Metro Manila, Philippines",CLEANED|ROOFTOP
Two Lafayette Square,"Bel-Air, Makati, Metro Manila","Two Lafayette Square, Bel-Air, Makati, Metro Manila, Philippines",two lafayette square bel-air makati metro manila philippines,two lafayette square bel-air makati metro manila philippines,,14.560607,121.021281,google,"Two Lafayette Square, 105 Tordesillas, Makati City, 1227 Metro Manila, Philippines",CLEANED|ROOFTOP
Two Maridien,"BGC, Taguig, Metro Manila","Two Maridien, BGC, Taguig, Metro Manila, Philippines",two maridien bonifacio global city taguig metro manila philippines,two maridien bonifacio global city taguig metro manila philippines,"Two Maridien, BGC, Taguig, Metro Manila, Philippines, Metro Manila, Philippines",,,,,
Two Palm Tree Villas,"Newport City, Pasay, Metro Manila","Two Palm Tree Villas, Newport City, Pasay, Metro Manila, Philippines",two palm tree villas newport city pasay metro manila philippines,two palm tree villas newport city pasay metro manila philippines,"Two Palm Tree Villas, Newport City, Pasay, Metro Manila, Philippines, Metro Manila, Philippines",,,,,
Two Premier,"Almanza Uno, Las Piñas, Metro Manila","Two Premier, Almanza Uno, Las Piñas, Metro Manila, Philippines",two premier almanza uno las pinas metro manila philippines,two premier almanza uno las pinas metro manila philippines,,14.4291439,121.0217032,google,"Lot 3-A-3C, km21, Alabang Premier, 1750 Alabang–Zapote Rd, Las Piñas, 1750 Metro Manila, Philippines",CLEANED|ROOFTOP
Two Roxas Triangle,"Urdaneta, Makati, Metro Manila","Two Roxas Triangle, Urdaneta, Makati, Metro Manila, Philippines",two roxas triangle urdaneta makati metro manila philippines,two roxas triangle urdaneta makati metro manila philippines,,14.5601858,121.0282213,google,"H26H+37H, Cruzada St, Makati City, Metro Manila, Philippines",CLEANED|GEOMETRIC_CENTER
Two Salcedo Place,"Bel-Air, Makati, Metro Manila","Two Salcedo Place, Bel-Air, Makati, Metro Manila, Philippines",two salcedo place bel-air makati metro manila philippines,two salcedo place bel-air makati metro manila philippines,,14.5605662,121.0225548,google,"Salcedo Village, 117 Tordesillas, Makati City, 1227 Metro Manila, Philippines",CLEANED|ROOFTOP
Two Serendra,"BGC, Taguig, Metro Manila","Two Serendra, BGC, Taguig, Metro Manila, Philippines",two serendra bonifacio global city taguig metro manila philippines,two serendra bonifacio global city taguig metro manila philippines,"Two Serendra, BGC, Taguig, Metro Manila, Philippines, Metro Manila, Philippines",,,,,
University Tower,"Bangkal, Makati, Metro Manila","University Tower, Bangkal, Makati, Metro Manila, Philippines",university tower bangkal makati metro manila philippines,university tower bangkal makati metro manila philippines,"University Tower, Bangkal, Makati, Metro Manila, Philippines, Metro Manila, Philippines",,,,,
University Tower España,"Sampaloc, Manila, Metro Manila","University Tower España, Sampaloc, Manila, Metro Manila, Philippines",university tower espana sampaloc manila metro manila philippines,university tower espana sampaloc manila metro manila philippines,,14.6063291,120.9906596,google,"837 Galicia St, Sampaloc, Manila, 1015 Metro Manila, Philippines",CLEANED|ROOFTOP
University Tower P. Noval,"Sampaloc, Manila, Metro Manila","University Tower P. Noval, Sampaloc, Manila, Metro Manila, Philippines",university tower p. noval sampaloc manila metro manila philippines,university tower p. noval sampaloc manila metro manila philippines,,14.6061864,120.9898344,google,"Padre Noval St, Sampaloc, Manila, 1008 Metro Manila, Philippines",CLEANED|GEOMETRIC_CENTER
Uptown Arts Residence,"Fort Bonifacio, Taguig, Metro Manila","Uptown Arts Residence, Fort Bonifacio, Taguig, Metro Manila, Philippines",uptown arts residence fort bonifacio bonifacio taguig metro manila philippines,uptown arts residence fort bonifacio bonifacio taguig metro manila philippines,"Uptown Arts Residence, Fort Bonifacio, Taguig, Metro Manila, Philippines, Metro Manila, Philippines",,,,,
Uptown Parksuites,"BGC, Taguig, Metro Manila","Uptown Parksuites, BGC, Taguig, Metro Manila, Philippines",uptown parksuites bonifacio global city taguig metro manila philippines,uptown parksuites bonifacio global city taguig metro manila philippines,"Uptown Parksuites, BGC, Taguig, Metro Manila, Philippines, Metro Manila, Philippines",,,,,
Uptown Ritz Residence,"Fort Bonifacio, Taguig, Metro Manila","Uptown Ritz Residence, Fort Bonifacio, Taguig, Metro Manila, Philippines",uptown ritz residence fort bonifacio bonifacio taguig metro manila philippines,uptown ritz residence fort bonifacio bonifacio taguig metro manila philippines,"Uptown Ritz Residence, Fort Bonifacio, Taguig, Metro Manila, Philippines, Metro Manila, Philippines",,,,,
Urban Deca Homes Campville,"Cupang, Muntinlupa, Metro Manila","Urban Deca Homes Campville, Cupang, Muntinlupa, Metro Manila, Philippines",urban deca homes campville cupang muntinlupa metro manila philippines,urban deca homes campville cupang muntinlupa metro manila philippines,,14.43207,121.0457995,google,"E Service Rd, Muntinlupa, Metro Manila, Philippines",CLEANED|GEOMETRIC_CENTER
Urban Deca Homes Manila,"Manila, Metro Manila","Urban Deca Homes Manila, Manila, Metro Manila, Philippines",urban deca homes manila manila metro manila philippines,urban deca homes manila manila metro manila philippines,,14.6259101,120.962683,google,"GF, JXF7+X39 Deca Mall, Vitas St, Tondo, Manila, 1013 Metro Manila, Philippines",CLEANED|ROOFTOP
Urban Oasis,"Matandang Balara, Quezon City, Metro Manila","Urban Oasis, Matandang Balara, Quezon City, Metro Manila, Philippines",urban oasis matandang balara quezon city metro manila philippines,urban oasis matandang balara quezon city metro manila philippines,"Urban Oasis, Matandang Balara, Quezon City, Metro Manila, Philippines, Metro Manila, Philippines",,,,,
Valencia Hills,"Valencia, Quezon City, Metro Manila","Valencia Hills, Valencia, Quezon City, Metro Manila, Philippines",valencia hills valencia quezon city metro manila philippines,valencia hills valencia quezon city metro manila philippines,,14.6108772,121.0329544,google,"N. Domingo Street corner 1112, Broadway Ave, Quezon City, Metro Manila, Philippines",CLEANED|GEOMETRIC_CENTER
Venice Luxury Residences,"Venice Grand Canal Mall, Taguig, Metro Manila","Venice Luxury Residences, Venice Grand Canal Mall, Taguig, Metro Manila, Philippines",venice luxury residences venice grand canal mall taguig metro manila philippines,venice luxury residences venice grand canal mall taguig metro manila philippines,"Venice Luxury Residences, Venice Grand Canal Mall, Taguig, Metro Manila, Philippines, Metro Manila, Philippines",14.5332898,121.0503029,google,"Venezia Drive, Taguig, 1630 Metro Manila, Philippines",FALLBACK_FULL|GEOMETRIC_CENTER
Verano Greenhills,"Greenhills, San Juan, Metro Manila","Verano Greenhills, Greenhills, San Juan, Metro Manila, Philippines",verano greenhills greenhills san juan metro manila philippines,verano greenhills greenhills san juan metro manila philippines,,14.6057754,121.0558166,google,"9 Annapolis St, San Juan City, Metro Manila, Philippines",CLEANED|ROOFTOP
Verawood Residences,"Bambang, Taguig, Metro Manila","Verawood Residences, Bambang, Taguig, Metro Manila, Philippines",verawood residences bambang taguig metro manila philippines,verawood residences bambang taguig metro manila philippines,"Verawood Residences, Bambang, Taguig, Metro Manila, Philippines, Metro Manila, Philippines",,,,,
Verde De Pasadena,"Pasadeña, San Juan, Metro Manila","Verde De Pasadena, Pasadeña, San Juan, Metro Manila, Philippines",verde de pasadena pasadena san juan metro manila philippines,verde de pasadena pasadena san juan metro manila philippines,,14.6069988,121.0368019,google,"194-209, 1500 Pasadena, San Juan City, Metro Manila, Philippines",CLEANED|ROOFTOP
Verde Spatial,"Commonwealth, Quezon City, Metro Manila","Verde Spatial, Commonwealth, Quezon City, Metro Manila, Philippines",verde spatial commonwealth quezon city metro manila philippines,verde spatial commonwealth quezon city metro manila philippines,,14.7044095,121.0841167,google,"Commonwealth Ave, Quezon City, Metro Manila, Philippines",CLEANED|GEOMETRIC_CENTER
Verve Residences,"BGC, Taguig, Metro Manila","Verve Residences, BGC, Taguig, Metro Manila, Philippines",verve residences bonifacio global city taguig metro manila philippines,verve residences bonifacio global city taguig metro manila philippines,"Verve Residences, BGC, Taguig, Metro Manila, Philippines, Metro Manila, Philippines",,,,,
Viceroy,"Bagong Tanyag, Taguig, Metro Manila","Viceroy, Bagong Tanyag, Taguig, Metro Manila, Philippines",viceroy bagong tanyag taguig metro manila philippines,viceroy bagong tanyag taguig metro manila philippines,"Viceroy, Bagong Tanyag, Taguig, Metro Manila, Philippines, Metro Manila, Philippines",,,,,
Viceroy Residences,"Bagong Tanyag, Taguig, Metro Manila","Viceroy Residences, Bagong Tanyag, Taguig, Metro Manila, Philippines",viceroy residences bagong tanyag taguig metro manila philippines,viceroy residences bagong tanyag taguig metro manila philippines,"Viceroy Residences, Bagong Tanyag, Taguig, Metro Manila, Philippines, Metro Manila, Philippines",,,,,
Victoria De Manila 2,"Malate, Manila, Metro Manila","Victoria De Manila 2, Malate, Manila, Metro Manila, Philippines",victoria de manila 2 malate manila metro manila philippines,victoria de manila 2 malate manila metro manila philippines,,14.5742612,120.989016,google,"HXFQ+PJ2, Gen. Malvar St, Malate, Manila, 1004 Metro Manila, Philippines",CLEANED|GEOMETRIC_CENTER
Victoria Sports Tower,"South Triangle, Quezon City, Metro Manila","Victoria Sports Tower, South Triangle, Quezon City, Metro Manila, Philippines",victoria sports tower south triangle quezon city metro manila philippines,victoria sports tower south triangle quezon city metro manila philippines,,14.6360299,121.042379,google,"Victoria Sports Tower, South Triangle, 799 Epifanio de los Santos Ave, Diliman, Quezon City, 1103 Metro Manila, Philippines",CLEANED|ROOFTOP
Victoria Towers,"Paligsahan, Quezon City, Metro Manila","Victoria Towers, Paligsahan, Quezon City, Metro Manila, Philippines",victoria towers paligsahan quezon city metro manila philippines,victoria towers paligsahan quezon city metro manila philippines,,14.63625,121.02748,google,"Victoria Towers, 151 Timog Avenue Corner Panay Avenue, Diliman, Quezon City, 1103 Metro Manila, Philippines",CLEANED|ROOFTOP
Victoria de Makati,"Pio Del Pilar, Makati, Metro Manila","Victoria de Makati, Pio Del Pilar, Makati, Metro Manila, Philippines",victoria de makati pio del pilar makati metro manila philippines,victoria de makati pio del pilar makati metro manila philippines,,14.5580854,121.0105067,google,"Washington St, cor Dela Rosa Street, Makati City, 1230 Metro Manila, Philippines",CLEANED|ROOFTOP
Victoria de Malate,"Malate, Manila, Metro Manila","Victoria de Malate, Malate, Manila, Metro Manila, Philippines",victoria de malate malate manila metro manila philippines,victoria de malate malate manila metro manila philippines,,14.5750838,120.9942031,google,"Angel Linao St, Malate, Manila, 1004 Metro Manila, Philippines",CLEANED|GEOMETRIC_CENTER
Victoria de Manila,"Malate, Manila, Metro Manila","Victoria de Manila, Malate, Manila, Metro Manila, Philippines",victoria de manila malate manila metro manila philippines,victoria de manila malate manila metro manila philippines,,14.575072,120.9887617,google,"1655 Taft Ave, Malate, Manila, 1004 Metro Manila, Philippines",CLEANED|ROOFTOP
Victoria de Morato,"Ramon Magsaysay, Quezon City, Metro Manila","Victoria de Morato, Ramon Magsaysay, Quezon City, Metro Manila, Philippines",victoria de morato ramon magsaysay quezon city metro manila philippines,victoria de morato ramon magsaysay quezon city metro manila philippines,"Victoria de Morato, Ramon Magsaysay, Quezon City, Metro Manila, Philippines, Metro Manila, Philippines",,,,,
Viento at Cerca,"Almanza Uno, Las Piñas, Metro Manila","Viento at Cerca, Almanza Uno, Las Piñas, Metro Manila, Philippines",viento at cerca almanza uno las pinas metro manila philippines,viento at cerca almanza uno las pinas metro manila philippines,,14.4251214,121.0222084,google,"Investment Dr, Almanza Uno, Las Piñas, 1750 Metro Manila, Philippines",CLEANED|GEOMETRIC_CENTER
Viera Residences,"Obrero, Quezon City, Metro Manila","Viera Residences, Obrero, Quezon City, Metro Manila, Philippines",viera residences obrero quezon city metro manila philippines,viera residences obrero quezon city metro manila philippines,"Viera Residences, Obrero, Quezon City, Metro Manila, Philippines, Metro Manila, Philippines",,,,,
Vimana Verde Residences,"Oranbo, Pasig, Metro Manila","Vimana Verde Residences, Oranbo, Pasig, Metro Manila, Philippines",vimana verde residences oranbo pasig metro manila philippines,vimana verde residences oranbo pasig metro manila philippines,,14.5774912,121.0673182,google,"St.Martin, Pasig, 1604 Metro Manila, Philippines",CLEANED|GEOMETRIC_CENTER
Vine Residences,"San Bartolome, Quezon City, Metro Manila","Vine Residences, San Bartolome, Quezon City, Metro Manila, Philippines",vine residences san bartolome quezon city metro manila philippines,vine residences san bartolome quezon city metro manila philippines,,14.7090139,121.0356568,google,"P25P+J73, Quirino Hwy, BRGY, Quezon City, 1100 Metro Manila, Philippines",CLEANED|GEOMETRIC_CENTER
Vinia Residences,"Phil-Am, Quezon City, Metro Manila","Vinia Residences, Phil-Am, Quezon City, Metro Manila, Philippines",vinia residences phil-am quezon city metro manila philippines,vinia residences phil-am quezon city metro manila philippines,"Vinia Residences, Phil-Am, Quezon City, Metro Manila, Philippines, Metro Manila, Philippines",,,,,
Vion Tower,"Magallanes, Makati, Metro Manila","Vion Tower, Magallanes, Makati, Metro Manila, Philippines",vion magallanes makati metro manila philippines,vion magallanes makati metro manila philippines,"Vion Tower, Magallanes, Makati, Metro Manila, Philippines, Metro Manila, Philippines",14.5407969,121.0181468,google,"EDSA corner, Chino Roces Ave, Makati City, Metro Manila, Philippines",FALLBACK_FULL|GEOMETRIC_CENTER
Viridian in Greenhills,"Greenhills, San Juan, Metro Manila","Viridian in Greenhills, Greenhills, San Juan, Metro Manila, Philippines",viridian in greenhills greenhills san juan metro manila philippines,viridian in greenhills greenhills san juan metro manila philippines,,14.6014932,121.0525728,google,"Connecticut, San Juan City, Metro Manila, Philippines",CLEANED|GEOMETRIC_CENTER
Vista 309 Katipunan,"Loyola Heights, Quezon City, Metro Manila","Vista 309 Katipunan, Loyola Heights, Quezon City, Metro Manila, Philippines",vista 309 katipunan loyola heights quezon city metro manila philippines,vista 309 katipunan loyola heights quezon city metro manila philippines,,14.6383382,121.0742969,google,"309 Katipunan Ave, Quezon City, 1108 Metro Manila, Philippines",CLEANED|ROOFTOP
Vista GL Taft,"Ermita, Manila, Metro Manila","Vista GL Taft, Ermita, Manila, Metro Manila, Philippines",vista gl taft ermita manila metro manila philippines,vista gl taft ermita manila metro manila philippines,,14.5794009,120.9867876,google,"1344 Taft Ave, Ermita, Manila, 1007 Metro Manila, Philippines",CLEANED|ROOFTOP
Vista Pointe,"Katipunan, Quezon City, Metro Manila","Vista Pointe, Katipunan, Quezon City, Metro Manila, Philippines",vista pointe katipunan quezon city metro manila philippines,vista pointe katipunan quezon city metro manila philippines,,14.6420673,121.0744041,google,"329 Katipunan Avenue, Brgy, cor B. Gonzales, Quezon City, 1108 Metro Manila, Philippines",CLEANED|ROOFTOP
Vista Pointe Katipunan,"Loyola Heights, Quezon City, Metro Manila","Vista Pointe Katipunan, Loyola Heights, Quezon City, Metro Manila, Philippines",vista pointe katipunan loyola heights quezon city metro manila philippines,vista pointe katipunan loyola heights quezon city metro manila philippines,,14.6420673,121.0744041,google,"329 Katipunan Avenue, Brgy, cor B. Gonzales, Quezon City, 1108 Metro Manila, Philippines",CLEANED|ROOFTOP
Vista Recto,"Quiapo, Manila, Metro Manila","Vista Recto, Quiapo, Manila, Metro Manila, Philippines",vista recto quiapo manila metro manila philippines,vista recto quiapo manila metro manila philippines,,14.602429,120.9862779,google,"1896 Recto Ave, Quiapo, Manila, 1001 Metro Manila, Philippines",CLEANED|ROOFTOP
Vista Shaw,"Addition Hills, Mandaluyong, Metro Manila","Vista Shaw, Addition Hills, Mandaluyong, Metro Manila, Philippines",vista shaw addition hills mandaluyong metro manila philippines,vista shaw addition hills mandaluyong metro manila philippines,"Vista Shaw, Addition Hills, Mandaluyong, Metro Manila, Philippines, Metro Manila, Philippines",14.5882873,121.0460084,google,"515 Shaw Boulevard, cor S. Laurel, Mandaluyong City, 1552 Metro Manila, Philippines",FALLBACK_FULL|ROOFTOP
Vista Taft,"Malate, Manila, Metro Manila","Vista Taft, Malate, Manila, Metro Manila, Philippines",vista taft malate manila metro manila philippines,vista taft malate manila metro manila philippines,,14.5628972,120.9946655,google,"2587 Taft Ave, Malate, Manila, 1004 Metro Manila, Philippines",CLEANED|ROOFTOP
Vivaldi Residences,"Ramon Magsaysay, Quezon City, Metro Manila","Vivaldi Residences, Ramon Magsaysay, Quezon City, Metro Manila, Philippines",vivaldi residences ramon magsaysay quezon city metro manila philippines,vivaldi residences ramon magsaysay quezon city metro manila philippines,"Vivaldi Residences, Ramon Magsaysay, Quezon City, Metro Manila, Philippines, Metro Manila, Philippines",,,,,
Vivaldi Residences - Cubao,"Socorro, Quezon City, Metro Manila","Vivaldi Residences - Cubao, Socorro, Quezon City, Metro Manila, Philippines",vivaldi residences - cubao socorro quezon city metro manila philippines,vivaldi residences - cubao socorro quezon city metro manila philippines,,14.6210911,121.0506544,google,"628 Edsa, cor Aurora Blvd, Cubao, Quezon City, 1109 Metro Manila, Philippines",CLEANED|ROOFTOP
Vivant Flats,"Alabang, Muntinlupa, Metro Manila","Vivant Flats, Alabang, Muntinlupa, Metro Manila, Philippines",vivant flats alabang muntinlupa metro manila philippines,vivant flats alabang muntinlupa metro manila philippines,,14.4136362,121.0364121,google,"1120-1124 Parkway Avenue Filinvest Corporate City, Muntinlupa, 1781 Metro Manila, Philippines",CLEANED|ROOFTOP
Vivere Hotel & Resorts,"Alabang, Muntinlupa, Metro Manila","Vivere Hotel & Resorts, Alabang, Muntinlupa, Metro Manila, Philippines",vivere hotel & resorts alabang muntinlupa metro manila philippines,vivere hotel & resorts alabang muntinlupa metro manila philippines,,14.4201511,121.0394518,google,"5102 Bridgeway Avenue, Filinvest City, Muntinlupa, Metro Manila, Philippines",CLEANED|GEOMETRIC_CENTER
W.H. Taft Residences,"Malate, Manila, Metro Manila","W.H. Taft Residences, Malate, Manila, Metro Manila, Philippines",w.h. taft residences malate manila metro manila philippines,w.h. taft residences malate manila metro manila philippines,,14.5659284,120.9934328,google,"Taft Ave, Malate, Manila, 1004 Metro Manila, Philippines",CLEANED|GEOMETRIC_CENTER
WILL TOWER,"Ramon Magsaysay, Quezon City, Metro Manila","WILL TOWER, Ramon Magsaysay, Quezon City, Metro Manila, Philippines",will tower ramon magsaysay quezon city metro manila philippines,will tower ramon magsaysay quezon city metro manila philippines,"WILL TOWER, Ramon Magsaysay, Quezon City, Metro Manila, Philippines, Metro Manila, Philippines",,,,,
WOODSVILLE RESIDENCES,"Parañaque, Metro Manila","WOODSVILLE RESIDENCES, Parañaque, Metro Manila, Philippines",woodsville residences paranaque metro manila philippines,woodsville residences paranaque metro manila philippines,,14.500361,121.0357846,google,"W Service Rd, Parañaque, 1709 Metro Manila, Philippines",CLEANED|GEOMETRIC_CENTER
Wack Wack Twin Towers,"Wack-Wack Greenhills, Mandaluyong, Metro Manila","Wack Wack Twin Towers, Wack-Wack Greenhills, Mandaluyong, Metro Manila, Philippines",wack wack twin towers wack-wack greenhills mandaluyong metro manila philippines,wack wack twin towers wack-wack greenhills mandaluyong metro manila philippines,"Wack Wack Twin Towers, Wack-Wack Greenhills, Mandaluyong, Metro Manila, Philippines, Metro Manila, Philippines",,,,,
Washington Tower,"Don Galo, Parañaque, Metro Manila","Washington Tower, Don Galo, Parañaque, Metro Manila, Philippines",washington tower don galo paranaque metro manila philippines,washington tower don galo paranaque metro manila philippines,,14.5110246,120.9778728,google,"E. Aguinaldo Boulevard, Asiaworld City, Washington Tower, Parañaque, 1700 Metro Manila, Philippines",CLEANED|ROOFTOP
West Gallery Place,"BGC, Taguig, Metro Manila","West Gallery Place, BGC, Taguig, Metro Manila, Philippines",west gallery place bonifacio global city taguig metro manila philippines,west gallery place bonifacio global city taguig metro manila philippines,,14.5490434,121.0512806,google,"9th Ave, corner 28th St, Makati City, 1634 Metro Manila, Philippines",CLEANED|ROOFTOP
West Parc,"Alabang, Muntinlupa, Metro Manila","West Parc, Alabang, Muntinlupa, Metro Manila, Philippines",west parc alabang muntinlupa metro manila philippines,west parc alabang muntinlupa metro manila philippines,,14.4239731,121.0353483,google,"W Parc Dr, Muntinlupa, Metro Manila, Philippines",CLEANED|GEOMETRIC_CENTER
West Parc at Brentville,"Muntinlupa, Metro Manila","West Parc at Brentville, Muntinlupa, Metro Manila, Philippines",west parc at brentville muntinlupa metro manila philippines,west parc at brentville muntinlupa metro manila philippines,"West Parc at Brentville, Muntinlupa, Metro Manila, Philippines, Metro Manila, Philippines",,,,,
West of Ayala,"Pio Del Pilar, Makati, Metro Manila","West of Ayala, Pio Del Pilar, Makati, Metro Manila, Philippines",west of ayala pio del pilar makati metro manila philippines,west of ayala pio del pilar makati metro manila philippines,,14.5599372,121.0125519,google,"252 Sen. Gil J. Puyat Ave, Makati City, Metro Manila, Philippines",CLEANED|ROOFTOP
Westgate Tower,"Alabang, Muntinlupa, Metro Manila","Westgate Tower, Alabang, Muntinlupa, Metro Manila, Philippines",westgate tower alabang muntinlupa metro manila philippines,westgate tower alabang muntinlupa metro manila philippines,,14.425621,121.0227174,google,"1709 Investment Dr, Muntinlupa, 1780 Metro Manila, Philippines",CLEANED|ROOFTOP
Windsor Mansion,"Santolan, Pasig, Metro Manila","Windsor Mansion, Santolan, Pasig, Metro Manila, Philippines",windsor mansion santolan pasig metro manila philippines,windsor mansion santolan pasig metro manila philippines,,14.6127999,121.0882473,google,"Windsor Mansion, Pasig, 1800 Metro Manila, Philippines",CLEANED|ROOFTOP
Woodsville Crest,"Parañaque, Metro Manila","Woodsville Crest, Parañaque, Metro Manila, Philippines",woodsville crest paranaque metro manila philippines,woodsville crest paranaque metro manila philippines,,14.5002281,121.0380474,google,"Parañaque, 1709 Metro Manila, Philippines",CLEANED|GEOMETRIC_CENTER
Woodsville Crest 3,"Merville, Parañaque, Metro Manila","Woodsville Crest 3, Merville, Parañaque, Metro Manila, Philippines",woodsville crest 3 merville paranaque metro manila philippines,woodsville crest 3 merville paranaque metro manila philippines,"Woodsville Crest 3, Merville, Parañaque, Metro Manila, Philippines, Metro Manila, Philippines",,,,,
Woodsville Viverde Mansion,"Tondo, Manila, Metro Manila","Woodsville Viverde Mansion, Tondo, Manila, Metro Manila, Philippines",woodsville viverde mansion tondo manila metro manila philippines,woodsville viverde mansion tondo manila metro manila philippines,"Woodsville Viverde Mansion, Tondo, Manila, Metro Manila, Philippines, Metro Manila, Philippines",,,,,
Woodsville Viverde Mansions,"Merville, Parañaque, Metro Manila","Woodsville Viverde Mansions, Merville, Parañaque, Metro Manila, Philippines",woodsville viverde mansions merville paranaque metro manila philippines,woodsville viverde mansions merville paranaque metro manila philippines,,14.5000737,121.037053,google,"Edison Ave, Cor, G22P+2RM, 1709 W Service Rd, Parañaque, 1709 Metro Manila, Philippines",CLEANED|ROOFTOP
Xanland Place,"Loyola Heights, Quezon City, Metro Manila","Xanland Place, Loyola Heights, Quezon City, Metro Manila, Philippines",xanland place loyola heights quezon city metro manila philippines,xanland place loyola heights quezon city metro manila philippines,,14.6400733,121.0743812,google,"Xanland Building Place, 323 Katipunan Ave, Quezon City, 1108 Metro Manila, Philippines",CLEANED|ROOFTOP
Zinnia Towers,"Katipunan, Quezon City, Metro Manila","Zinnia Towers, Katipunan, Quezon City, Metro Manila, Philippines",zinnia towers katipunan quezon city metro manila philippines,zinnia towers katipunan quezon city metro manila philippines,"Zinnia Towers, Katipunan, Quezon City, Metro Manila, Philippines, Metro Manila, Philippines",,,,,
Zitan,"Addition Hills, Mandaluyong, Metro Manila","Zitan, Addition Hills, Mandaluyong, Metro Manila, Philippines",zitan addition hills mandaluyong metro manila philippines,zitan addition hills mandaluyong metro manila philippines,"Zitan, Addition Hills, Mandaluyong, Metro Manila, Philippines, Metro Manila, Philippines",,,,,
dakotaresidences,"Tugatog, Malabon, Metro Manila","dakotaresidences, Tugatog, Malabon, Metro Manila, Philippines",dakotaresidences tugatog malabon metro manila philippines,dakotaresidences tugatog malabon metro manila philippines,"dakotaresidences, Tugatog, Malabon, Metro Manila, Philippines, Metro Manila, Philippines",,,,,
mckinley hill garden villas,"Bagong Tanyag, Taguig, Metro Manila","mckinley hill garden villas, Bagong Tanyag, Taguig, Metro Manila, Philippines",mckinley hill garden villas bagong tanyag taguig metro manila philippines,mckinley hill garden villas bagong tanyag taguig metro manila philippines,"mckinley hill garden villas, Bagong Tanyag, Taguig, Metro Manila, Philippines, Metro Manila, Philippines",,,,,
oriental gardens makati,"Bangkal, Makati, Metro Manila","oriental gardens makati, Bangkal, Makati, Metro Manila, Philippines",oriental gardens makati bangkal makati metro manila philippines,oriental gardens makati bangkal makati metro manila philippines,"oriental gardens makati, Bangkal, Makati, Metro Manila, Philippines, Metro Manila, Philippines",,,,,
symfoni kamias,"Ramon Magsaysay, Quezon City, Metro Manila","symfoni kamias, Ramon Magsaysay, Quezon City, Metro Manila, Philippines",symfoni kamias ramon magsaysay quezon city metro manila philippines,symfoni kamias ramon magsaysay quezon city metro manila philippines,"symfoni kamias, Ramon Magsaysay, Quezon City, Metro Manila, Philippines, Metro Manila, Philippines",,,,,
trump tower,"Makati, Metro Manila","trump tower, Makati, Metro Manila, Philippines",trump tower makati metro manila philippines,trump tower makati metro manila philippines,,14.565145,121.0283321,google,"Makati Ave, Makati City, Metro Manila, Philippines",CLEANED|GEOMETRIC_CENTER
