REGION, INSTITUTION NAME, INSTITUTION TYPE, PROVINCE, MUNICIPALITY/CITY,FULL_ADDRESS,cleaned_query,fallback_query,lat,lon,geocode_provider,formatted_address,quality_note
13 - Nat. Capital Region,Adamson University,Private,Metro Manila,City of Manila,"Adamson University, City of Manila",adamson university city of manila metro manila philippines,,14.5874779,120.9856156,google,"900 San Marcelino St, Ermita, Manila, 1000 Metro Manila, Philippines",CLEANED|ROOFTOP
13 - Nat. Capital Region,Air Link International Aviation College,Private,Metro Manila,City of Manila,"Air Link International Aviation College, City of Manila",air link international aviation college city of manila metro manila philippines,,14.5206283,121.0010559,google,"Domestic Rd, Pasay City, Metro Manila, Philippines",CLEANED|GEOMETRIC_CENTER
13 - Nat. Capital Region,Alliance Graduate School,Private,Metro Manila,Quezon City,"Alliance Graduate School, Quezon City",alliance graduate school quezon city metro manila philippines,,14.6558774,121.0253717,google,"101 Dangay, Project 7, Quezon City, 1105 Metro Manila, Philippines",CLEANED|ROOFTOP
13 - Nat. Capital Region,AMA Computer College-Makati,Private,Metro Manila,City of Makati,"AMA Computer College-Makati, City of Makati",ama computer college-makati city of makati metro manila philippines,,14.5501669,121.0659843,google,"5486 South Superhighway corner Hen. Tinio St., Bangkal, Makati City, Makati City, Metropolitan Manila Fourth District, Philippines",CLEANED|GEOMETRIC_CENTER
13 - Nat. Capital Region,AMA Computer University,Private,Metro Manila,Quezon City,"AMA Computer University, Quezon City",ama computer university quezon city metro manila philippines,"AMA Computer University, Quezon City, Metro Manila, Philippines",,,,,
13 - Nat. Capital Region,Arellano University-Manila,Private,Metro Manila,City of Manila,"Arellano University-Manila, City of Manila",arellano university-manila city of manila metro manila philippines,"Arellano University-Manila, City of Manila, Metro Manila, Philippines",,,,,
13 - Nat. Capital Region,Arellano University-Malabon,Private,Metro Manila,City of Malabon,"Arellano University-Malabon, City of Malabon",arellano university-malabon city of malabon metro manila philippines,"Arellano University-Malabon, City of Malabon, Metro Manila, Philippines",,,,,
13 - Nat. Capital Region,Arellano University-Pasay,Private,Metro Manila,Pasay City,"Arellano University-Pasay, Pasay City",arellano university-pasay pasay city metro manila philippines,"Arellano University-Pasay, Pasay City, Metro Manila, Philippines",,,,,
13 - Nat. Capital Region,Arellano University-Pasig,Private,Metro Manila,City of Pasig,"Arellano University-Pasig, City of Pasig",arellano university-pasig city of pasig metro manila philippines,"Arellano University-Pasig, City of Pasig, Metro Manila, Philippines",,,,,
13 - Nat. Capital Region,Asia Pacific College,Private,Metro Manila,City of Makati,"Asia Pacific College, City of Makati",asia pacific college city of makati metro manila philippines,,14.5311124,121.021315,google,"3 Humabon, Makati, 1232 Kalakhang Maynila, Philippines",CLEANED|ROOFTOP
13 - Nat. Capital Region,Asian Institute for Distance Education,Private,Metro Manila,City of Makati,"Asian Institute for Distance Education, City of Makati",asian institute for distance education city of makati metro manila philippines,,14.554779,121.020651,google,"Unit 302 3rd Floor, Greenbelt Mansions, 106 Perea, Legazpi Village, Makati City, 1200 Metro Manila, Philippines",CLEANED|ROOFTOP
13 - Nat. Capital Region,Asian Institute of Journalism and Communication,Private,Metro Manila,City of Manila,"Asian Institute of Journalism and Communication, City of Manila",asian institute of journalism and communication city of manila metro manila philippines,,14.616514,121.000759,google,"2244 España Blvd, Sampaloc, Manila, 1008 Metro Manila, Philippines",CLEANED|ROOFTOP
13 - Nat. Capital Region,Asian Institute of Management,Private,Metro Manila,City of Makati,"Asian Institute of Management, City of Makati",asian institute of management city of makati metro manila philippines,,14.552473,121.018728,google,"123 Paseo de Roxas, Legazpi Village, Makati City, 1229 Metro Manila, Philippines",CLEANED|ROOFTOP
13 - Nat. Capital Region,Asian Institute of Maritime Studies,Private,Metro Manila,Pasay City,"Asian Institute of Maritime Studies, Pasay City",asian institute of maritime studies pasay city metro manila philippines,,14.5461269,120.9922325,google,"Roxas Boulevard, cor Antonio S. Arnaiz Ave, Pasay City, 1302 Metro Manila, Philippines",CLEANED|ROOFTOP
13 - Nat. Capital Region,Asian Social Institute,Private,Metro Manila,City of Manila,"Asian Social Institute, City of Manila",asian social institute city of manila metro manila philippines,,14.5774534,120.9887399,google,"1518 Leon Guinto St, Malate, Manila, 1004 Metro Manila, Philippines",CLEANED|ROOFTOP
13 - Nat. Capital Region,Asian Theological Seminary,Private,Metro Manila,Quezon City,"Asian Theological Seminary, Quezon City",asian theological seminary quezon city metro manila philippines,"Asian Theological Seminary, Quezon City, Metro Manila, Philippines",,,,,
13 - Nat. Capital Region,Assumption College,Private,Metro Manila,City of Makati,"Assumption College, City of Makati",assumption college city of makati metro manila philippines,,14.5468471,121.0218989,google,"Makati City, 1223 Metro Manila, Philippines",CLEANED|GEOMETRIC_CENTER
13 - Nat. Capital Region,Ateneo de Manila University-Quezon City,Private,Metro Manila,Quezon City,"Ateneo de Manila University-Quezon City, Quezon City",ateneo de manila university-quezon city quezon city metro manila philippines,,14.6395704,121.0785779,google,"Katipunan Ave, Quezon City, 1108 Metro Manila, Philippines",CLEANED|GEOMETRIC_CENTER
13 - Nat. Capital Region,Ateneo De Manila University School of Medicine and Public Health,Private,Metro Manila,City of Pasig,"Ateneo De Manila University School of Medicine and Public Health, City of Pasig",ateneo de manila university school of medicine and public health city of pasig metro manila philippines,,14.5905214,121.0703492,google,"Don Eugenio Lopez Sr. Medical Complex, Ortigas Ave, Pasig, 1604 Metro Manila, Philippines",CLEANED|GEOMETRIC_CENTER
13 - Nat. Capital Region,Ateneo de Manila University Graduate School of Business,Private,Metro Manila,City of Makati,"Ateneo de Manila University Graduate School of Business, City of Makati",ateneo de manila university graduate school of business city of makati metro manila philippines,"Ateneo de Manila University Graduate School of Business, City of Makati, Metro Manila, Philippines",,,,,
13 - Nat. Capital Region,Bernardo College,Private,Metro Manila,City of Las Piñas,"Bernardo College, City of Las Piñas",bernardo college city of las pinas metro manila philippines,,14.4693473,120.9726481,google,"FX9F+P3J, Las Piñas, Metro Manila, Philippines",CLEANED|GEOMETRIC_CENTER
13 - Nat. Capital Region,Biblical Seminary of the Philippines,Private,Metro Manila,City of Valenzuela,"Biblical Seminary of the Philippines, City of Valenzuela",biblical seminary of the philippines city of valenzuela metro manila philippines,,14.6909755,120.9812144,google,"77-B Karuhatan Rd, Valenzuela, 1441 Metro Manila, Philippines",CLEANED|ROOFTOP
13 - Nat. Capital Region,CAP College Foundation,Private,Metro Manila,City of Makati,"CAP College Foundation, City of Makati",cap college foundation city of makati metro manila philippines,,14.5555436,121.014919,google,"126 Amorsolo, corner V.A. Rufino St, Legazpi Village, Makati City, 1229 Metro Manila, Philippines",CLEANED|ROOFTOP
13 - Nat. Capital Region,University of Asia and the Pacific,Private,Metro Manila,City of Pasig,"University of Asia and the Pacific, City of Pasig",university of asia and the pacific city of pasig metro manila philippines,,14.5802953,121.0608408,google,"Pearl Dr, Ortigas Center, Pasig, 1605 Metro Manila, Philippines",CLEANED|GEOMETRIC_CENTER
13 - Nat. Capital Region,Central Colleges of the Philippines,Private,Metro Manila,Quezon City,"Central Colleges of the Philippines, Quezon City",central colleges of the philippines quezon city metro manila philippines,,14.605926,121.0194646,google,"52 Aurora Blvd, Quezon City, 1113 Metro Manila, Philippines",CLEANED|ROOFTOP
13 - Nat. Capital Region,Centro Escolar University-Manila,Private,Metro Manila,City of Manila,"Centro Escolar University-Manila, City of Manila",centro escolar university-manila city of manila metro manila philippines,"Centro Escolar University-Manila, City of Manila, Metro Manila, Philippines",,,,,
13 - Nat. Capital Region,Chiang Kai Shek College,Private,Metro Manila,City of Manila,"Chiang Kai Shek College, City of Manila",chiang kai shek college city of manila metro manila philippines,,14.6076248,120.9767277,google,"1274 Padre Algue St, Tondo, Manila, 1012 Metro Manila, Philippines",CLEANED|ROOFTOP
13 - Nat. Capital Region,Chinese General Hospital Colleges,Private,Metro Manila,City of Manila,"Chinese General Hospital Colleges, City of Manila",chinese general hospital colleges city of manila metro manila philippines,,14.625192,120.988138,google,"286 Blumentritt Rd, Santa Cruz, Manila, 1014 Metro Manila, Philippines",CLEANED|ROOFTOP
13 - Nat. Capital Region,Saint Anthony Mary Claret College,Private,Metro Manila,Quezon City,"Saint Anthony Mary Claret College, Quezon City",saint anthony mary claret college quezon city metro manila philippines,,14.666715,121.0486194,google,"Sanville Subdivision, 48 Cenacle Dr, Tandang Sora, Quezon City, 1107 Metro Manila, Philippines",CLEANED|ROOFTOP
13 - Nat. Capital Region,Colegio de San Juan de Letran,Private,Metro Manila,City of Manila,"Colegio de San Juan de Letran, City of Manila",colegio de san juan de letran city of manila metro manila philippines,,14.5936796,120.9771474,google,"151 Muralla St, Intramuros, Manila, 1002 Metro Manila, Philippines",CLEANED|ROOFTOP
13 - Nat. Capital Region,Concordia College,Private,Metro Manila,City of Manila,"Concordia College, City of Manila",concordia college city of manila metro manila philippines,,14.5811455,121.002543,google,"1739 Pedro Gil St, Paco, Manila, 1007 Metro Manila, Philippines",CLEANED|ROOFTOP
13 - Nat. Capital Region,De La Salle University-Manila,Private,Metro Manila,City of Manila,"De La Salle University-Manila, City of Manila",de la salle university-manila city of manila metro manila philippines,"De La Salle University-Manila, City of Manila, Metro Manila, Philippines",,,,,
13 - Nat. Capital Region,De Ocampo Memorial College,Private,Metro Manila,City of Manila,"De Ocampo Memorial College, City of Manila",de ocampo memorial college city of manila metro manila philippines,,14.6001177,120.9995874,google,"3200 Nagtahan corner Magsaysay Boulevard, Santa Mesa, Manila, Santa Mesa, Manila, 1008 Metro Manila, Philippines",CLEANED|GEOMETRIC_CENTER
13 - Nat. Capital Region,Divine Word Mission Seminary,Private,Metro Manila,Quezon City,"Divine Word Mission Seminary, Quezon City",divine word mission seminary quezon city metro manila philippines,,14.624224,121.030472,google,"101 E Rodriguez Sr. Ave, Quezon City, 1112 Metro Manila, Philippines",CLEANED|ROOFTOP
13 - Nat. Capital Region,De La Salle-College of Saint Benilde,Private,Metro Manila,City of Manila,"De La Salle-College of Saint Benilde, City of Manila",de la salle-college of saint benilde city of manila metro manila philippines,,14.5638473,120.9947909,google,"2544 Taft Ave, Malate, Manila, 1004 Metro Manila, Philippines",CLEANED|ROOFTOP
13 - Nat. Capital Region,Dominican College,Private,Metro Manila,City of San Juan,"Dominican College, City of San Juan",dominican college city of san juan metro manila philippines,,14.5984181,121.0300945,google,"179 F. Blumentritt, San Juan City, 1500 Metro Manila, Philippines",CLEANED|ROOFTOP
13 - Nat. Capital Region,Don Bosco Technical College,Private,Metro Manila,City of Mandaluyong,"Don Bosco Technical College, City of Mandaluyong",don bosco technical college city of mandaluyong metro manila philippines,,14.5903915,121.0252637,google,"736 Gen Kalentong, Mandaluyong City, 1550 Metro Manila, Philippines",CLEANED|ROOFTOP
13 - Nat. Capital Region,Dr. Carlos S. Lanting College,Private,Metro Manila,Quezon City,"Dr. Carlos S. Lanting College, Quezon City",dr. carlos s. lanting college quezon city metro manila philippines,,14.6796594,121.0206033,google,"16 Tandang Sora Ave, Novaliches, Quezon City, 1116 Metro Manila, Philippines",CLEANED|ROOFTOP
13 - Nat. Capital Region,Emilio Aguinaldo College,Private,Metro Manila,City of Manila,"Emilio Aguinaldo College, City of Manila",emilio aguinaldo college city of manila metro manila philippines,,14.582867,120.9871053,google,"1113 San Marcelino St, Paco, Manila, Metro Manila, Philippines",CLEANED|ROOFTOP
13 - Nat. Capital Region,"Eulogio ""Amang"" Rodriguez Institute of Science and Technology",SUC,Metro Manila,City of Manila,"Eulogio ""Amang"" Rodriguez Institute of Science and Technology, City of Manila","eulogio ""amang"" rodriguez institute of science and technology city of manila metro manila philippines",,14.5990138,121.001255,google,"H2X2+JG2, Nagtahan St, Sampaloc, Manila, 1008 Metro Manila, Philippines",CLEANED|GEOMETRIC_CENTER
13 - Nat. Capital Region,Far Eastern University,Private,Metro Manila,City of Manila,"Far Eastern University, City of Manila",far eastern university city of manila metro manila philippines,,14.603738,120.9864748,google,"Nicanor Reyes Sr, Street, Sampaloc, Manila, 1008 Metro Manila, Philippines",CLEANED|GEOMETRIC_CENTER
13 - Nat. Capital Region,FEATI University,Private,Metro Manila,City of Manila,"FEATI University, City of Manila",feati university city of manila metro manila philippines,"FEATI University, City of Manila, Metro Manila, Philippines",,,,,
13 - Nat. Capital Region,Febias College of Bible,Private,Metro Manila,City of Valenzuela,"Febias College of Bible, City of Valenzuela",febias college of bible city of valenzuela metro manila philippines,,14.6883445,120.9806333,google,"2 Karuhatan Rd, Valenzuela, Metro Manila, Philippines",CLEANED|ROOFTOP
13 - Nat. Capital Region,FEU-FERN College,Private,Metro Manila,Quezon City,"FEU-FERN College, Quezon City",feu-fern college quezon city metro manila philippines,,14.6852744,121.0644142,google,"Sampaguita Avenue, Mapayapa Village III, Quezon City, 1101 Metro Manila, Philippines",CLEANED|GEOMETRIC_CENTER
13 - Nat. Capital Region,FEU-Dr. Nicanor Reyes Medical Foundation,Private,Metro Manila,Quezon City,"FEU-Dr. Nicanor Reyes Medical Foundation, Quezon City",feu-dr. nicanor reyes medical foundation quezon city metro manila philippines,"FEU-Dr. Nicanor Reyes Medical Foundation, Quezon City, Metro Manila, Philippines",,,,,
13 - Nat. Capital Region,Governor Andres Pascual College,Private,Metro Manila,City of Navotas,"Governor Andres Pascual College, City of Navotas",governor andres pascual college city of navotas metro manila philippines,,14.6636427,120.9444687,google,"1045 M. Naval St, Navotas, 1485 Metro Manila, Philippines",CLEANED|ROOFTOP
13 - Nat. Capital Region,Greenville College,Private,Metro Manila,City of Pasig,"Greenville College, City of Pasig",greenville college city of pasig metro manila philippines,,14.6088299,121.0975981,google,"112 Belfast, Pasig, Metro Manila, Philippines",CLEANED|ROOFTOP
13 - Nat. Capital Region,De La Salle-Araneta University,Private,Metro Manila,City of Malabon,"De La Salle-Araneta University, City of Malabon",de la salle-araneta university city of malabon metro manila philippines,,14.6711938,120.9985612,google,"Salvador Araneta Campus, 303 Victoneta Ave, Malabon, 1475 Metro Manila, Philippines",CLEANED|ROOFTOP
13 - Nat. Capital Region,Holy Rosary College Foundation,Private,Metro Manila,City of Caloocan,"Holy Rosary College Foundation, City of Caloocan",holy rosary college foundation city of caloocan metro manila philippines,,14.7684889,121.0595638,google,"Fr. Hofstee St., Tala, Caloocan, 1427 Metro Manila, Philippines",CLEANED|GEOMETRIC_CENTER
13 - Nat. Capital Region,Institute of Community and Family Health,Private,Metro Manila,Quezon City,"Institute of Community and Family Health, Quezon City",institute of community and family health quezon city metro manila philippines,,14.6211433,121.0091847,google,"4th Floor, Medical Arts Building, 11 Banawe Street, Corner 1113, Cardiz, Quezon City, Metro Manila, Philippines",CLEANED|GEOMETRIC_CENTER
13 - Nat. Capital Region,Institute of Formation and Religious Studies,Private,Metro Manila,City of Manila,"Institute of Formation and Religious Studies, City of Manila",institute of formation and religious studies city of manila metro manila philippines,,14.6164352,121.0432206,google,"N. Domingo Street, corner St John, Quezon City, Metro Manila, Philippines",CLEANED|ROOFTOP
13 - Nat. Capital Region,Interface Computer College-Manila,Private,Metro Manila,City of Manila,"Interface Computer College-Manila, City of Manila",interface computer college-manila city of manila metro manila philippines,,14.6028849,120.986107,google,"1881 Henry Yang Complex, Recto Ave, Sampaloc, Manila, 1008 Metro Manila, Philippines",CLEANED|GEOMETRIC_CENTER
13 - Nat. Capital Region,International Baptist College,Private,Metro Manila,City of Mandaluyong,"International Baptist College, City of Mandaluyong",international baptist college city of mandaluyong metro manila philippines,,14.575662,121.047232,google,"474 Arayat, Brgy. Malamig, Mandaluyong City, 1550 Kalakhang Maynila, Philippines",CLEANED|ROOFTOP
13 - Nat. Capital Region,International Graduate School of Leadership,Private,Metro Manila,Quezon City,"International Graduate School of Leadership, Quezon City",international graduate school of leadership quezon city metro manila philippines,,14.6873579,121.0339857,google,"12 Daisy Road, 110 Old Sauyo Rd, Novaliches, Quezon City, Metro Manila, Philippines",CLEANED|ROOFTOP
13 - Nat. Capital Region,Jose Rizal University,Private,Metro Manila,City of Mandaluyong,"Jose Rizal University, City of Mandaluyong",jose rizal university city of mandaluyong metro manila philippines,,14.5925264,121.0285593,google,"80 Shaw Blvd, Mandaluyong City, 1552 Metro Manila, Philippines",CLEANED|ROOFTOP
13 - Nat. Capital Region,University of Caloocan City,LUC,Metro Manila,City of Caloocan,"University of Caloocan City, City of Caloocan",university of caloocan city city of caloocan metro manila philippines,"University of Caloocan City, City of Caloocan, Metro Manila, Philippines",,,,,
13 - Nat. Capital Region,La Consolacion College-Manila,Private,Metro Manila,City of Manila,"La Consolacion College-Manila, City of Manila",la consolacion college-manila city of manila metro manila philippines,,14.5973897,120.9929004,google,"8 Mendiola St, San Miguel, Manila, 1005 Metro Manila, Philippines",CLEANED|ROOFTOP
13 - Nat. Capital Region,La Consolacion College-Caloocan,Private,Metro Manila,City of Caloocan,"La Consolacion College-Caloocan, City of Caloocan",la consolacion college-caloocan city of caloocan metro manila philippines,,14.651871,120.972692,google,"496 A. Mabini St, Dagat-Dagatan, Caloocan, 1408 Metro Manila, Philippines",CLEANED|ROOFTOP
13 - Nat. Capital Region,Lacson College,Private,Metro Manila,Pasay City,"Lacson College, Pasay City",lacson college pasay city metro manila philippines,,14.5567667,120.9957732,google,"1834 Donada, Manila, 1300 Kalakhang Maynila, Philippines",CLEANED|ROOFTOP
13 - Nat. Capital Region,Centro Escolar Las Piñas,Private,Metro Manila,City of Las Piñas,"Centro Escolar Las Piñas, City of Las Piñas",centro escolar las pinas city of las pinas metro manila philippines,,14.4257924,121.0128924,google,"Pilar Rd, Las Piñas, 1750 Metro Manila, Philippines",CLEANED|GEOMETRIC_CENTER
13 - Nat. Capital Region,Regis Marie College,Private,Metro Manila,City of Parañaque,"Regis Marie College, City of Parañaque",regis marie college city of paranaque metro manila philippines,,14.4767496,121.0015305,google,"Villanueva Village Basketball Court, Lire Ln, Parañaque, 1709 Metro Manila, Philippines",CLEANED|ROOFTOP
13 - Nat. Capital Region,Lyceum of the Philippines University,Private,Metro Manila,City of Manila,"Lyceum of the Philippines University, City of Manila",lyceum of the philippines university city of manila metro manila philippines,,14.5915772,120.9777733,google,"Muralla St, Intramuros, Manila, 1002 Metro Manila, Philippines",CLEANED|GEOMETRIC_CENTER
13 - Nat. Capital Region,City of Malabon University,LUC,Metro Manila,City of Malabon,"City of Malabon University, City of Malabon",city of malabon university city of malabon metro manila philippines,,14.6537811,120.9601605,google,"Pampano St, Maya-Maya St, Malabon, Metro Manila, Philippines",CLEANED|GEOMETRIC_CENTER
13 - Nat. Capital Region,Manila Central University,Private,Metro Manila,City of Caloocan,"Manila Central University, City of Caloocan",manila central university city of caloocan metro manila philippines,,14.6590004,120.9862475,google,"Manila Central University, Epifanio de los Santos Ave, Morning Breeze Subdivision, Caloocan, 1400 Metro Manila, Philippines",CLEANED|ROOFTOP
13 - Nat. Capital Region,Manila Tytana Colleges,Private,Metro Manila,Pasay City,"Manila Tytana Colleges, Pasay City",manila tytana colleges pasay city metro manila philippines,,14.5404574,120.9876894,google,"Metropolitan Park, President, 1302 Diosdado Macapagal Blvd, Pasay City, 1300 Metro Manila, Philippines",CLEANED|ROOFTOP
13 - Nat. Capital Region,Manila Law College,Private,Metro Manila,,"Manila Law College, ",manila law college metro manila philippines,,14.60159,120.982942,google,"641 Sales St, Santa Cruz, Manila, 1001 Metro Manila, Philippines",CLEANED|ROOFTOP
13 - Nat. Capital Region,Manila Adventist College,Private,Metro Manila,Pasay City,"Manila Adventist College, Pasay City",manila adventist college pasay city metro manila philippines,,14.5555351,120.9951149,google,"1975 San Juan, Pasay City, 1300 Kalakhang Maynila, Philippines",CLEANED|ROOFTOP
13 - Nat. Capital Region,Manila Theological College,Private,Metro Manila,City of Manila,"Manila Theological College, City of Manila",manila theological college city of manila metro manila philippines,,14.612114,120.984072,google,"1671 MBC Bldg., Sta. Cruz Alvarez St, Santa Cruz, Manila, 1003 Metro Manila, Philippines",CLEANED|ROOFTOP
13 - Nat. Capital Region,Manuel L. Quezon University,Private,Metro Manila,Quezon City,"Manuel L. Quezon University, Quezon City",manuel l. quezon university quezon city metro manila philippines,,14.6356427,121.0437983,google,"790 Epifanio de los Santos Ave, Diliman, Quezon City, 1103 Metro Manila, Philippines",CLEANED|ROOFTOP
13 - Nat. Capital Region,Mapua University-Manila,Private,Metro Manila,City of Manila,"Mapua University-Manila, City of Manila",mapua university-manila city of manila metro manila philippines,,14.5904883,120.9779484,google,"658 Muralla St, Intramuros, Manila, 1002 Metro Manila, Philippines",CLEANED|ROOFTOP
13 - Nat. Capital Region,Mapua University-Makati,Private,Metro Manila,City of Makati,"Mapua University-Makati, City of Makati",mapua university-makati city of makati metro manila philippines,,14.5664448,121.0150497,google,"1191 Pablo Ocampo Sr. Ext, Makati City, Metro Manila, Philippines",CLEANED|ROOFTOP
13 - Nat. Capital Region,Marikina Polytechnic College,SUC,Metro Manila,City of Marikina,"Marikina Polytechnic College, City of Marikina",marikina polytechnic college city of marikina metro manila philippines,,14.6323331,121.0986601,google,"2 J. Chanyungco St, Marikina, 1800 Metro Manila, Philippines",CLEANED|ROOFTOP
13 - Nat. Capital Region,Martinez Memorial College,Private,Metro Manila,City of Caloocan,"Martinez Memorial College, City of Caloocan",martinez memorial college city of caloocan metro manila philippines,,14.6385269,120.9757766,google,"JXQG+C86, A. Mabini St, Maypajo, Manila, Metro Manila, Philippines",CLEANED|GEOMETRIC_CENTER
13 - Nat. Capital Region,Mary Chiles College,Private,Metro Manila,City of Manila,"Mary Chiles College, City of Manila",mary chiles college city of manila metro manila philippines,,14.603641,120.989787,google,"667 Dalupan St, Sampaloc, Manila, 1008 Metro Manila, Philippines",CLEANED|ROOFTOP
13 - Nat. Capital Region,CICM Maryhill School of Theology,Private,Metro Manila,Quezon City,"CICM Maryhill School of Theology, Quezon City",cicm maryhill school of theology quezon city metro manila philippines,,14.6229276,121.0285972,google,"62 14th St, corner Gilmore Ave, Quezon City, 1112 Metro Manila, Philippines",CLEANED|ROOFTOP
13 - Nat. Capital Region,Metro Business College-Pasay,Private,Metro Manila,Pasay City,"Metro Business College-Pasay, Pasay City",metro business college-pasay pasay city metro manila philippines,"Metro Business College-Pasay, Pasay City, Metro Manila, Philippines",,,,,
13 - Nat. Capital Region,Metro Manila College,Private,Metro Manila,Quezon City,"Metro Manila College, Quezon City",metro manila college quezon city metro manila philippines,,14.7266762,121.0435247,google,"Jordan Plaines Subdivision, 1736 Joel, Novaliches, Quezon City, 1124 Metro Manila, Philippines",CLEANED|ROOFTOP
13 - Nat. Capital Region,Metropolitan Medical Center College of Arts Science and Technology,Private,Metro Manila,City of Manila,"Metropolitan Medical Center College of Arts Science and Technology, City of Manila",metropolitan medical center college of arts science and technology city of manila metro manila philippines,"Metropolitan Medical Center College of Arts Science and Technology, City of Manila, Metro Manila, Philippines",,,,,
13 - Nat. Capital Region,Miriam College,Private,Metro Manila,Quezon City,"Miriam College, Quezon City",miriam college quezon city metro manila philippines,"Miriam College, Quezon City, Metro Manila, Philippines",,,,,
13 - Nat. Capital Region,Mother of Life Center,Private,Metro Manila,Quezon City,"Mother of Life Center, Quezon City",mother of life center quezon city metro manila philippines,,14.7306719,121.036182,google,"123 Susano Rd, Novaliches, Quezon City, 1117 Metro Manila, Philippines",CLEANED|ROOFTOP
13 - Nat. Capital Region,Pamantasan ng Lungsod ng Muntinlupa,LUC,Metro Manila,City of Muntinlupa,"Pamantasan ng Lungsod ng Muntinlupa, City of Muntinlupa",pamantasan ng lungsod ng muntinlupa city of muntinlupa metro manila philippines,,14.3892443,121.025428,google,"92QG+M5V, University Rd, Muntinlupa, 1772 Metro Manila, Philippines",CLEANED|GEOMETRIC_CENTER
13 - Nat. Capital Region,NAMEI Polytechnic Institute,Private,Metro Manila,City of Manila,"NAMEI Polytechnic Institute, City of Manila",namei polytechnic institute city of manila metro manila philippines,,14.5876299,121.0238316,google,"123 A. Mabini, Mandaluyong City, 1550 Kalakhang Maynila, Philippines",CLEANED|ROOFTOP
13 - Nat. Capital Region,National College of Business and Arts-Cubao,Private,Metro Manila,Quezon City,"National College of Business and Arts-Cubao, Quezon City",national college of business and arts-cubao quezon city metro manila philippines,,14.628481,121.067901,google,"994 Aurora Blvd, Project 4, Quezon City, 1109 Metro Manila, Philippines",CLEANED|ROOFTOP
13 - Nat. Capital Region,National College of Business and Arts-Fairview,Private,Metro Manila,Quezon City,"National College of Business and Arts-Fairview, Quezon City",national college of business and arts-fairview quezon city metro manila philippines,,14.705871,121.068024,google,"Commonwealth Ave, cor Regalado St, Quezon City, Metro Manila, Philippines",CLEANED|ROOFTOP
13 - Nat. Capital Region,The National Teachers College,Private,Metro Manila,City of Manila,"The National Teachers College, City of Manila",the national teachers college city of manila metro manila philippines,,14.5980765,120.9892381,google,"629 J Nepomuceno St, Quiapo, Manila, 1001 Metro Manila, Philippines",CLEANED|ROOFTOP
13 - Nat. Capital Region,National University,Private,Metro Manila,City of Manila,"National University, City of Manila",national university city of manila metro manila philippines,,14.6043164,120.9946287,google,"551 F Jhocson St, Sampaloc, Manila, 1008 Metro Manila, Philippines",CLEANED|ROOFTOP
13 - Nat. Capital Region,Navotas Polytechnic College,LUC,Metro Manila,City of Navotas,"Navotas Polytechnic College, City of Navotas",navotas polytechnic college city of navotas metro manila philippines,,14.6446113,120.9565317,google,"JXV4+RJV, Bangus St, Navotas, Metro Manila, Philippines",CLEANED|GEOMETRIC_CENTER
13 - Nat. Capital Region,New Era University,Private,Metro Manila,Quezon City,"New Era University, Quezon City",new era university quezon city metro manila philippines,,14.6639296,121.0580764,google,"9 Central Ave, Quezon City, 1107 Metro Manila, Philippines",CLEANED|ROOFTOP
13 - Nat. Capital Region,Olivarez College,Private,Metro Manila,City of Parañaque,"Olivarez College, City of Parañaque",olivarez college city of paranaque metro manila philippines,,14.4788387,120.9962295,google,"Dr Arcadio Santos Ave, Parañaque, 1700 Metro Manila, Philippines",CLEANED|GEOMETRIC_CENTER
13 - Nat. Capital Region,Our Lady of Fatima University-Valenzuela,Private,Metro Manila,City of Valenzuela,"Our Lady of Fatima University-Valenzuela, City of Valenzuela",our lady of fatima university-valenzuela city of valenzuela metro manila philippines,"Our Lady of Fatima University-Valenzuela, City of Valenzuela, Metro Manila, Philippines",,,,,
13 - Nat. Capital Region,Our Lady of Lourdes College,Private,Metro Manila,City of Valenzuela,"Our Lady of Lourdes College, City of Valenzuela",our lady of lourdes college city of valenzuela metro manila philippines,,14.6876379,120.9977856,google,"5031 Gen. T. de Leon, Valenzuela, 1442 Metro Manila, Philippines",CLEANED|ROOFTOP
13 - Nat. Capital Region,Our Lady of the Angels Seminary,Private,Metro Manila,Quezon City,"Our Lady of the Angels Seminary, Quezon City",our lady of the angels seminary quezon city metro manila philippines,,14.6981051,121.0384206,google,"1116 Seminary Rd, Quezon City, Metro Manila, Philippines",CLEANED|ROOFTOP
13 - Nat. Capital Region,PACE Graduate School of Christian Education,Private,Metro Manila,Quezon City,"PACE Graduate School of Christian Education, Quezon City",pace graduate school of christian education quezon city metro manila philippines,"PACE Graduate School of Christian Education, Quezon City, Metro Manila, Philippines",,,,,
13 - Nat. Capital Region,Pamantasan ng Lungsod ng Maynila,LUC,Metro Manila,City of Manila,"Pamantasan ng Lungsod ng Maynila, City of Manila",pamantasan ng lungsod ng maynila city of manila metro manila philippines,,14.58679,120.9761774,google,"General Luna, corner Muralla St, Intramuros, Manila, 1002 Metro Manila, Philippines",CLEANED|ROOFTOP
13 - Nat. Capital Region,City University of Pasay,LUC,Metro Manila,Pasay City,"City University of Pasay, Pasay City",city university of pasay pasay city metro manila philippines,,14.544356,120.995515,google,"GXVW+P6R, Pasadena, Pasay City, 1702 Metro Manila, Philippines",CLEANED|GEOMETRIC_CENTER
13 - Nat. Capital Region,University of Makati,LUC,Metro Manila,City of Taguig,"University of Makati, City of Taguig",university of makati city of taguig metro manila philippines,,14.5633428,121.0565387,google,"Dr Jose P. Rizal Ext, West Rembo, Makati City, 1644 Metro Manila, Philippines",CLEANED|GEOMETRIC_CENTER
13 - Nat. Capital Region,Pasig Catholic College,Private,Metro Manila,City of Pasig,"Pasig Catholic College, City of Pasig",pasig catholic college city of pasig metro manila philippines,,14.5600259,121.0767141,google,"Plaza Rizal, Justice Ramon Jabson, Pasig, 1600 Metro Manila, Philippines",CLEANED|ROOFTOP
13 - Nat. Capital Region,PATTS College of Aeronautics,Private,Metro Manila,City of Parañaque,"PATTS College of Aeronautics, City of Parañaque",patts college of aeronautics city of paranaque metro manila philippines,,14.4746333,121.006275,google,"F2F4+VG2, Lombos St, Parañaque, 1700 Metro Manila, Philippines",CLEANED|GEOMETRIC_CENTER
13 - Nat. Capital Region,Perpetual Help College of Manila,Private,Metro Manila,City of Manila,"Perpetual Help College of Manila, City of Manila",perpetual help college of manila city of manila metro manila philippines,,14.6126069,120.9879594,google,"1240 Concepcion St, Sampaloc, Manila, 1008 Metro Manila, Philippines",CLEANED|ROOFTOP
13 - Nat. Capital Region,University of Perpetual Help System Dalta,Private,Metro Manila,City of Las Piñas,"University of Perpetual Help System Dalta, City of Las Piñas",university of perpetual help system dalta city of las pinas metro manila philippines,,14.4507963,120.985415,google,"Alabang–Zapote Rd, Las Piñas, 1740 Metro Manila, Philippines",CLEANED|GEOMETRIC_CENTER
13 - Nat. Capital Region,Philippine Dominican Center of Institutional Studies,Private,Metro Manila,Quezon City,"Philippine Dominican Center of Institutional Studies, Quezon City",philippine dominican center of institutional studies quezon city metro manila philippines,,14.6255708,121.0096618,google,"J2G5+6VF, Biak na Bato, Quezon City, Kalakhang Maynila, Philippines",CLEANED|GEOMETRIC_CENTER
13 - Nat. Capital Region,Philippine Christian University,Private,Metro Manila,City of Manila,"Philippine Christian University, City of Manila",philippine christian university city of manila metro manila philippines,,14.5760244,120.9886873,google,"1648 Taft Ave, Malate, Manila, 1004 Metro Manila, Philippines",CLEANED|ROOFTOP
13 - Nat. Capital Region,Philippine College of Criminology,Private,Metro Manila,City of Manila,"Philippine College of Criminology, City of Manila",philippine college of criminology city of manila metro manila philippines,,14.60159,120.982942,google,"641 Sales St, Quiapo, Manila, 1001 Metro Manila, Philippines",CLEANED|ROOFTOP
13 - Nat. Capital Region,Philippine College of Health Sciences,Private,Metro Manila,City of Manila,"Philippine College of Health Sciences, City of Manila",philippine college of health sciences city of manila metro manila philippines,,14.6031808,120.9854244,google,"1813 Recto Ave, Sampaloc, Manila, 1008 Metro Manila, Philippines",CLEANED|ROOFTOP
13 - Nat. Capital Region,St. Louis College-Valenzuela,Private,Metro Manila,City of Valenzuela,"St. Louis College-Valenzuela, City of Valenzuela",street. louis college-valenzuela city of valenzuela metro manila philippines,"St. Louis College-Valenzuela, City of Valenzuela, Metro Manila, Philippines",14.696151,120.9715312,google,"1443 Maysan Rd, Valenzuela, Metro Manila, Philippines",FALLBACK_FULL|ROOFTOP
13 - Nat. Capital Region,Philippine Law School,Private,Metro Manila,,"Philippine Law School, ",philippine law school metro manila philippines,,14.5558184,120.9960263,google,"1942 Donada St Corner San Juan St, Pasay City, 1300 Metro Manila, Philippines",CLEANED|ROOFTOP
13 - Nat. Capital Region,Philippine Merchant Marine School-Manila,Private,Metro Manila,City of Manila,"Philippine Merchant Marine School-Manila, City of Manila",philippine merchant marine school-manila city of manila metro manila philippines,,14.6067306,120.9819275,google,"1571 Lope de Vega St, Santa Cruz, Manila, 1000 Metro Manila, Philippines",CLEANED|ROOFTOP
13 - Nat. Capital Region,Philippine Merchant Marine School-Las Piñas,Private,Metro Manila,City of Las Piñas,"Philippine Merchant Marine School-Las Piñas, City of Las Piñas",philippine merchant marine school-las pinas city of las pinas metro manila philippines,"Philippine Merchant Marine School-Las Piñas, City of Las Piñas, Metro Manila, Philippines",,,,,
13 - Nat. Capital Region,Philippine Normal University-Main,SUC,Metro Manila,City of Manila,"Philippine Normal University-Main, City of Manila",philippine normal university-main city of manila metro manila philippines,"Philippine Normal University-Main, City of Manila, Metro Manila, Philippines",,,,,
13 - Nat. Capital Region,Philippine School of Business Administration-Quezon City,Private,Metro Manila,Quezon City,"Philippine School of Business Administration-Quezon City, Quezon City",philippine school of business administration-quezon city quezon city metro manila philippines,,14.6295681,121.0731431,google,"1029, J3HF+Q6R, Aurora Blvd, Quezon City, Kalakhang Maynila, Philippines",CLEANED|GEOMETRIC_CENTER
13 - Nat. Capital Region,Philippine School of Business Administration-Manila,Private,Metro Manila,City of Manila,"Philippine School of Business Administration-Manila, City of Manila",philippine school of business administration-manila city of manila metro manila philippines,,14.6295681,121.0731431,google,"1029, J3HF+Q6R, Aurora Blvd, Quezon City, Kalakhang Maynila, Philippines",CLEANED|GEOMETRIC_CENTER
13 - Nat. Capital Region,Philippine State College of Aeronautics-Main,SUC,Metro Manila,Pasay City,"Philippine State College of Aeronautics-Main, Pasay City",philippine state college of aeronautics-main pasay city metro manila philippines,"Philippine State College of Aeronautics-Main, Pasay City, Metro Manila, Philippines",,,,,
13 - Nat. Capital Region,The Philippine Women's University-Manila,Private,Metro Manila,City of Manila,"The Philippine Women's University-Manila, City of Manila",the philippine women's university-manila city of manila metro manila philippines,"The Philippine Women's University-Manila, City of Manila, Metro Manila, Philippines",,,,,
13 - Nat. Capital Region,PHILSIN College Foundation,Private,Metro Manila,City of Manila,"PHILSIN College Foundation, City of Manila",philsin college foundation city of manila metro manila philippines,,14.6017565,121.0029375,google,"3153 R. Magsaysay Blvd Sta. Mesa, 628, Manila, 1016 Metro Manila, Philippines",CLEANED|ROOFTOP
13 - Nat. Capital Region,PMI Colleges-Manila,Private,Metro Manila,City of Manila,"PMI Colleges-Manila, City of Manila",pmi colleges-manila city of manila metro manila philippines,,14.5996494,120.9785156,google,"419 Burke St, Binondo, Manila, 1006 Metro Manila, Philippines",CLEANED|ROOFTOP
13 - Nat. Capital Region,PMI Colleges-Quezon City,Private,Metro Manila,Quezon City,"PMI Colleges-Quezon City, Quezon City",pmi colleges-quezon city quezon city metro manila philippines,,14.6341129,121.0177614,google,"73 Fernando Poe Jr. Ave, Quezon City, 1104 Metro Manila, Philippines",CLEANED|ROOFTOP
13 - Nat. Capital Region,Polytechnic University of the Philippines,SUC,Metro Manila,City of Manila,"Polytechnic University of the Philippines, City of Manila",polytechnic university of the philippines city of manila metro manila philippines,,14.6010911,121.001702,google,"Polytechnic University of the Philippines, Santa Mesa, Manila, 1008 Metro Manila, Philippines",CLEANED|ROOFTOP
13 - Nat. Capital Region,Polytechnic University of the Philippines-San Juan Campus,SUC,Metro Manila,City of San Juan,"Polytechnic University of the Philippines-San Juan Campus, City of San Juan",polytechnic university of the philippines-san juan campus city of san juan metro manila philippines,"Polytechnic University of the Philippines-San Juan Campus, City of San Juan, Metro Manila, Philippines",,,,,
13 - Nat. Capital Region,Polytechnic University of the Philippines-Parañaque Campus,SUC,Metro Manila,City of Parañaque,"Polytechnic University of the Philippines-Parañaque Campus, City of Parañaque",polytechnic university of the philippines-paranaque campus city of paranaque metro manila philippines,"Polytechnic University of the Philippines-Parañaque Campus, City of Parañaque, Metro Manila, Philippines",,,,,
13 - Nat. Capital Region,Polytechnic University of the Philippines-Taguig,SUC,Metro Manila,City of Taguig,"Polytechnic University of the Philippines-Taguig, City of Taguig",polytechnic university of the philippines-taguig city of taguig metro manila philippines,,14.4887593,121.0511705,google,"F3Q2+GF3, General Santos Ave, Taguig, Metro Manila, Philippines",CLEANED|GEOMETRIC_CENTER
13 - Nat. Capital Region,World Citi Colleges-Quezon City,Private,Metro Manila,Quezon City,"World Citi Colleges-Quezon City, Quezon City",world citi colleges-quezon city quezon city metro manila philippines,,14.6269571,121.0636527,google,"960 Aurora Blvd, Bagong Buhay, Quezon City, 1109 Metro Manila, Philippines",CLEANED|ROOFTOP
13 - Nat. Capital Region,Makati Medical Center College,Private,Metro Manila,City of Makati,"Makati Medical Center College, City of Makati",makati medical center college city of makati metro manila philippines,"Makati Medical Center College, City of Makati, Metro Manila, Philippines",,,,,
13 - Nat. Capital Region,Republican College,Private,Metro Manila,Quezon City,"Republican College, Quezon City",republican college quezon city metro manila philippines,,14.6159172,121.0636975,google,"42 18th Ave, Cubao, Quezon City, 1109 Metro Manila, Philippines",CLEANED|ROOFTOP
13 - Nat. Capital Region,Rizal Technological University,SUC,Metro Manila,City of Mandaluyong,"Rizal Technological University, City of Mandaluyong",rizal technological university city of mandaluyong metro manila philippines,,14.57459,121.042304,google,"Boni Ave, Mandaluyong City, 1550 Metro Manila, Philippines",CLEANED|GEOMETRIC_CENTER
13 - Nat. Capital Region,Roosevelt College-Marikina,Private,Metro Manila,City of Marikina,"Roosevelt College-Marikina, City of Marikina",roosevelt college-marikina city of marikina metro manila philippines,,14.6486812,121.0984813,google,"504 J. P. Rizal St, Marikina, 1800 Metro Manila, Philippines",CLEANED|ROOFTOP
13 - Nat. Capital Region,Saint Francis of Assisi College,Private,Metro Manila,City of Las Piñas,"Saint Francis of Assisi College, City of Las Piñas",saint francis of assisi college city of las pinas metro manila philippines,"Saint Francis of Assisi College, City of Las Piñas, Metro Manila, Philippines",,,,,
13 - Nat. Capital Region,St. Joseph's College of Quezon City,Private,Metro Manila,Quezon City,"St. Joseph's College of Quezon City, Quezon City",street. joseph's college of quezon city quezon city metro manila philippines,"St. Joseph's College of Quezon City, Quezon City, Metro Manila, Philippines",14.6224948,121.0254866,google,"295, 1102 E Rodriguez Sr. Ave, Quezon City, 1112 Metro Manila, Philippines",FALLBACK_FULL|ROOFTOP
13 - Nat. Capital Region,St. Jude College,Private,Metro Manila,City of Manila,"St. Jude College, City of Manila",street. jude college city of manila metro manila philippines,"St. Jude College, City of Manila, Metro Manila, Philippines",14.6159141,120.9892979,google,"JX8Q+7Q5 Dimasalang cor, 1353 Don Quijote St, Sampaloc, Manila, 1008 Metro Manila, Philippines",FALLBACK_FULL|ROOFTOP
13 - Nat. Capital Region,St. Paul University-Manila,Private,Metro Manila,City of Manila,"St. Paul University-Manila, City of Manila",street. paul university-manila city of manila metro manila philippines,"St. Paul University-Manila, City of Manila, Metro Manila, Philippines",14.5741867,120.986106,google,"680 Pedro Gil St, Malate, Manila, 1004 Metro Manila, Philippines",FALLBACK_FULL|ROOFTOP
13 - Nat. Capital Region,St. Paul University-Quezon City,Private,Metro Manila,Quezon City,"St. Paul University-Quezon City, Quezon City",street. paul university-quezon city quezon city metro manila philippines,"St. Paul University-Quezon City, Quezon City, Metro Manila, Philippines",14.6145399,121.0351226,google,"Mariana, Quezon City, Metro Manila, Philippines",FALLBACK_FULL|GEOMETRIC_CENTER
13 - Nat. Capital Region,Saint Rita College-Manila,Private,Metro Manila,City of Manila,"Saint Rita College-Manila, City of Manila",saint rita college-manila city of manila metro manila philippines,,14.59948,120.98966,google,"74 San Rafael St, Quiapo, Manila, 1001 Metro Manila, Philippines",CLEANED|ROOFTOP
13 - Nat. Capital Region,St. Scholastica's College,Private,Metro Manila,City of Manila,"St. Scholastica's College, City of Manila",street. scholastica's college city of manila metro manila philippines,"St. Scholastica's College, City of Manila, Metro Manila, Philippines",,,,,
13 - Nat. Capital Region,Samson College of Science and Technology-Quezon City,Private,Metro Manila,Quezon City,"Samson College of Science and Technology-Quezon City, Quezon City",samson college of science and technology-quezon city quezon city metro manila philippines,"Samson College of Science and Technology-Quezon City, Quezon City, Metro Manila, Philippines",,,,,
13 - Nat. Capital Region,San Beda University,Private,Metro Manila,City of Manila,"San Beda University, City of Manila",san beda university city of manila metro manila philippines,,14.5997811,120.992938,google,"638 Mendiola St, San Miguel, Manila, 1005 Metro Manila, Philippines",CLEANED|ROOFTOP
13 - Nat. Capital Region,San Carlos Seminary,Private,Metro Manila,City of Makati,"San Carlos Seminary, City of Makati",san carlos seminary city of makati metro manila philippines,"San Carlos Seminary, City of Makati, Metro Manila, Philippines",,,,,
13 - Nat. Capital Region,San Juan de Dios Educational Foundation,Private,Metro Manila,Pasay City,"San Juan de Dios Educational Foundation, Pasay City",san juan de dios educational foundation pasay city metro manila philippines,,14.5378892,120.9930321,google,"2774 Roxas Blvd, Pasay City, 1300 Metro Manila, Philippines",CLEANED|ROOFTOP
13 - Nat. Capital Region,San Sebastian College-Recoletos,Private,Metro Manila,City of Manila,"San Sebastian College-Recoletos, City of Manila",san sebastian college-recoletos city of manila metro manila philippines,,14.6007856,120.9898838,google,"Recto Ave, Quiapo, Manila, 1001 Metro Manila, Philippines",CLEANED|GEOMETRIC_CENTER
13 - Nat. Capital Region,Santa Isabel College of Manila,Private,Metro Manila,City of Manila,"Santa Isabel College of Manila, City of Manila",santa isabel college of manila city of manila metro manila philippines,,14.5856083,120.9838713,google,"1004, 210 Taft Ave, Ermita, Manila, 1000 Metro Manila, Philippines",CLEANED|ROOFTOP
13 - Nat. Capital Region,Siena College,Private,Metro Manila,Quezon City,"Siena College, Quezon City",siena college quezon city metro manila philippines,,14.6386832,121.0042622,google,"Cor 1105, Del Monte Ave, Quezon City, Metro Manila, Philippines",CLEANED|GEOMETRIC_CENTER
13 - Nat. Capital Region,Southeastern College,Private,Metro Manila,Pasay City,"Southeastern College, Pasay City",southeastern college pasay city metro manila philippines,,14.5504236,120.9992152,google,"328 College Road, Taft Ave, Pasay City, 1300 Metro Manila, Philippines",CLEANED|GEOMETRIC_CENTER
13 - Nat. Capital Region,St. Luke's College of Medicine-William H. Quasha Memorial,Private,Metro Manila,Quezon City,"St. Luke's College of Medicine-William H. Quasha Memorial, Quezon City",street. luke's college of medicine-william h. quasha memorial quezon city metro manila philippines,"St. Luke's College of Medicine-William H. Quasha Memorial, Quezon City, Metro Manila, Philippines",14.624009,121.023181,google,"279 E Rodriguez Sr. Ave, Quezon City, 1112 Metro Manila, Philippines",FALLBACK_FULL|ROOFTOP
13 - Nat. Capital Region,Stella Maris College,Private,Metro Manila,Quezon City,"Stella Maris College, Quezon City",stella maris college quezon city metro manila philippines,,14.6246803,121.0534246,google,"891 Cambridge, Cubao, Quezon City, Metro Manila, Philippines",CLEANED|ROOFTOP
13 - Nat. Capital Region,Systems Plus Computer College-Quezon City,Private,Metro Manila,Quezon City,"Systems Plus Computer College-Quezon City, Quezon City",systems plus computer college-quezon city quezon city metro manila philippines,,14.6240624,121.0436065,google,"1707 E Rodriguez Sr. Ave, Cubao, Quezon City, 1109 Metro Manila, Philippines",CLEANED|ROOFTOP
13 - Nat. Capital Region,Technological Institute of the Philippines-Manila,Private,Metro Manila,City of Manila,"Technological Institute of the Philippines-Manila, City of Manila",technological institute of the philippines-manila city of manila metro manila philippines,,14.595315,120.987977,google,"363 Casal St, Quiapo, Manila, 1001 Metro Manila, Philippines",CLEANED|ROOFTOP
13 - Nat. Capital Region,Technological Institute of the Philippines-Quezon City,Private,Metro Manila,Quezon City,"Technological Institute of the Philippines-Quezon City, Quezon City",technological institute of the philippines-quezon city quezon city metro manila philippines,,14.6257638,121.0617218,google,"938 Aurora Blvd, Cubao, Quezon City, 1109 Metro Manila, Philippines",CLEANED|ROOFTOP
13 - Nat. Capital Region,Technological University of the Philippines-Manila,SUC,Metro Manila,City of Manila,"Technological University of the Philippines-Manila, City of Manila",technological university of the philippines-manila city of manila metro manila philippines,,14.587079,120.9844868,google,"San Marcelino St, Ayala Blvd, Ermita, Manila, 1000 Metro Manila, Philippines",CLEANED|GEOMETRIC_CENTER
13 - Nat. Capital Region,Trinity University of Asia,Private,Metro Manila,Quezon City,"Trinity University of Asia, Quezon City",trinity university of asia quezon city metro manila philippines,,14.6214655,121.0219862,google,"Cathedral Heights, 275 E Rodriguez Sr. Ave, Quezon City, Metro Manila, Philippines",CLEANED|ROOFTOP
13 - Nat. Capital Region,Technological University of the Philippines-Taguig,SUC,Metro Manila,City of Taguig,"Technological University of the Philippines-Taguig, City of Taguig",technological university of the philippines-taguig city of taguig metro manila philippines,,14.5095836,121.0346429,google,"G25P+828, Taguig, 1630 Metro Manila, Philippines",CLEANED|GEOMETRIC_CENTER
13 - Nat. Capital Region,Unciano Colleges and General Hospital,Private,Metro Manila,City of Manila,"Unciano Colleges and General Hospital, City of Manila",unciano colleges and general hospital city of manila metro manila philippines,,14.6006206,121.0162,google,"V.Mapa-Guadalcanal Street, Manila, J228+6FW, Santa Mesa, Manila, Metropolitan Manila First District, Philippines",CLEANED|GEOMETRIC_CENTER
13 - Nat. Capital Region,Southeast Asian College,Private,Metro Manila,Quezon City,"Southeast Asian College, Quezon City",southeast asian college quezon city metro manila philippines,,14.7236996,121.0400009,google,"#6 N. Ramirez St., Quezon City Quezon City NCR, Quezon City, Metro Manila, Philippines",CLEANED|GEOMETRIC_CENTER
13 - Nat. Capital Region,University of the East-Ramon Magsaysay Memorial Medical Center,Private,Metro Manila,Quezon City,"University of the East-Ramon Magsaysay Memorial Medical Center, Quezon City",university of the east-ramon magsaysay memorial medical center quezon city metro manila philippines,,14.6077032,121.0203762,google,"64 Aurora Blvd, Quezon City, 1113 Metro Manila, Philippines",CLEANED|ROOFTOP
13 - Nat. Capital Region,The University of Manila,Private,Metro Manila,City of Manila,"The University of Manila, City of Manila",the university of manila city of manila metro manila philippines,,14.6018224,120.9914994,google,"546 Delos Santos St, 403, Manila, 1008 Metro Manila, Philippines",CLEANED|ROOFTOP
13 - Nat. Capital Region,University of Santo Tomas,Private,Metro Manila,City of Manila,"University of Santo Tomas, City of Manila",university of santo tomas city of manila metro manila philippines,,14.6098055,120.9895794,google,"España Blvd, Sampaloc, Manila, 1008 Metro Manila, Philippines",CLEANED|GEOMETRIC_CENTER
13 - Nat. Capital Region,University of the East-Manila,Private,Metro Manila,City of Manila,"University of the East-Manila, City of Manila",university of the east-manila city of manila metro manila philippines,,14.6022007,120.9897274,google,"2219 Recto Ave, Sampaloc, Manila, 1008 Metro Manila, Philippines",CLEANED|ROOFTOP
13 - Nat. Capital Region,University of the East-Caloocan,Private,Metro Manila,City of Caloocan,"University of the East-Caloocan, City of Caloocan",university of the east-caloocan city of caloocan metro manila philippines,,14.6590026,120.9767809,google,"105 Samson Rd, Caloocan, Metro Manila, Philippines",CLEANED|ROOFTOP
13 - Nat. Capital Region,University of the Philippines-Diliman,SUC,Metro Manila,Quezon City,"University of the Philippines-Diliman, Quezon City",university of the philippines-diliman quezon city metro manila philippines,,14.6538783,121.0684573,google,"M339+H94, Roxas Ave, Diliman, Quezon City, Metro Manila, Philippines",CLEANED|GEOMETRIC_CENTER
13 - Nat. Capital Region,University of the Philippines-Manila,SUC,Metro Manila,City of Manila,"University of the Philippines-Manila, City of Manila",university of the philippines-manila city of manila metro manila philippines,,14.5777477,120.9853666,google,"Zone 72, 670 Padre Faura St, Ermita, Manila, 1000 Metro Manila, Philippines",CLEANED|ROOFTOP
13 - Nat. Capital Region,Angelicum College,Private,Metro Manila,City of Manila,"Angelicum College, City of Manila",angelicum college city of manila metro manila philippines,,14.6276102,121.0100487,google,"112 Sen. Mariano J. Cuenco, Santa Mesa Heights, Quezon City, Kalakhang Maynila, Philippines",CLEANED|ROOFTOP
13 - Nat. Capital Region,Universidad de Manila,LUC,Metro Manila,City of Manila,"Universidad de Manila, City of Manila",universidad de manila city of manila metro manila philippines,,14.5915659,120.9815705,google,"HXRJ+QJX, 659-A Cecilia Muñoz St, Ermita, Manila, 1000 Metro Manila, Philippines",CLEANED|ROOFTOP
13 - Nat. Capital Region,Don Bosco Center of Studies,Private,Metro Manila,City of Parañaque,"Don Bosco Center of Studies, City of Parañaque",don bosco center of studies city of paranaque metro manila philippines,,14.4784703,121.0272822,google,"Michael Rua St., Better Living Subdivision, Parañaque, 1711 Metro Manila, Philippines",CLEANED|GEOMETRIC_CENTER
13 - Nat. Capital Region,IETI College-Alabang,Private,Metro Manila,City of Muntinlupa,"IETI College-Alabang, City of Muntinlupa",ieti college-alabang city of muntinlupa metro manila philippines,,14.4181147,121.0459557,google,"Starmall Alabang Building, Starmall Starmall Service Road, Muntinlupa, 1780 Metro Manila, Philippines",CLEANED|ROOFTOP
13 - Nat. Capital Region,Our Lady of Perpetual 2cor College,Private,Metro Manila,City of Marikina,"Our Lady of Perpetual 2cor College, City of Marikina",our lady of perpetual 2cor college city of marikina metro manila philippines,"Our Lady of Perpetual 2cor College, City of Marikina, Metro Manila, Philippines",,,,,
13 - Nat. Capital Region,San Beda College-Alabang,Private,Metro Manila,City of Muntinlupa,"San Beda College-Alabang, City of Muntinlupa",san beda college-alabang city of muntinlupa metro manila philippines,,14.4330885,121.0255363,google,"8 Don Manolo Blvd, Muntinlupa, 1770 Metro Manila, Philippines",CLEANED|ROOFTOP
13 - Nat. Capital Region,St. Dominic Savio College,Private,Metro Manila,City of Caloocan,"St. Dominic Savio College, City of Caloocan",street. dominic savio college city of caloocan metro manila philippines,"St. Dominic Savio College, City of Caloocan, Metro Manila, Philippines",14.761732,121.086409,google,"MT View Homes Pangarap, Blk 1 Lot 6 Quirino Hwy, 186 Tala, Caloocan, 1400 Metro Manila, Philippines",FALLBACK_FULL|ROOFTOP
13 - Nat. Capital Region,St. John Technological College of the Philippines,Private,Metro Manila,Quezon City,"St. John Technological College of the Philippines, Quezon City",street. john technological college of the philippines quezon city metro manila philippines,"St. John Technological College of the Philippines, Quezon City, Metro Manila, Philippines",14.7172639,121.0413488,google,"#29 Jewel St. Forest Hills Subdivision Gulod, Novaliches Quezon City, 1117 Metro Manila, Philippines",FALLBACK_FULL|GEOMETRIC_CENTER
13 - Nat. Capital Region,STI College-Alabang,Private,Metro Manila,City of Muntinlupa,"STI College-Alabang, City of Muntinlupa",sti college-alabang city of muntinlupa metro manila philippines,,14.4196875,121.0469399,google,"Montillano St, Muntinlupa, 1780 Metro Manila, Philippines",CLEANED|GEOMETRIC_CENTER
13 - Nat. Capital Region,STI College-Cubao,Private,Metro Manila,Quezon City,"STI College-Cubao, Quezon City",sti college-cubao quezon city metro manila philippines,,14.6163908,121.0540568,google,"J383+HJ3, P. Tuazon Blvd, Cubao, Quezon City, Metro Manila, Philippines",CLEANED|GEOMETRIC_CENTER
13 - Nat. Capital Region,STI College-Shaw,Private,Metro Manila,City of Manila,"STI College-Shaw, City of Manila",sti college-shaw city of manila metro manila philippines,,14.5766482,121.0592161,google,"25 Shaw Blvd, Ortigas Center, Pasig, Metro Manila, Philippines",CLEANED|ROOFTOP
13 - Nat. Capital Region,STI College-Global City,Private,Metro Manila,City of Taguig,"STI College-Global City, City of Taguig",sti college-global city city of taguig metro manila philippines,,14.55235,121.0560769,google,"STI Academic Center, University Pkwy, Makati City, Metro Manila, Philippines",CLEANED|ROOFTOP
13 - Nat. Capital Region,STI College-Caloocan,Private,Metro Manila,City of Caloocan,"STI College-Caloocan, City of Caloocan",sti college-caloocan city of caloocan metro manila philippines,,14.657793,120.9768921,google,"109 Samson Rd, Caloocan, 1400 Metro Manila, Philippines",CLEANED|ROOFTOP
13 - Nat. Capital Region,STI College-Muñoz EDSA,Private,Metro Manila,Quezon City,"STI College-Muñoz EDSA, Quezon City",sti college-munoz edsa quezon city metro manila philippines,,14.6579425,121.0192197,google,"Tango Bldg, Congressional Avenue Corner Edsa Avenue, Ramon Magsasay, Quezon City, 1105 Metro Manila, Philippines",CLEANED|ROOFTOP
13 - Nat. Capital Region,STI College-Novaliches,Private,Metro Manila,Quezon City,"STI College-Novaliches, Quezon City",sti college-novaliches quezon city metro manila philippines,,14.704365,121.0367497,google,"Corner, Green Hights Subd, Quirino Hwy, Novaliches, Quezon City, 1116 Metro Manila, Philippines",CLEANED|ROOFTOP
13 - Nat. Capital Region,STI College-Fairview,Private,Metro Manila,Quezon City,"STI College-Fairview, Quezon City",sti college-fairview quezon city metro manila philippines,,14.7160003,121.0614864,google,"20-d Regalado Avenue, Corner Bronx, Quezon City, 651-8511 Metro Manila, Philippines",CLEANED|ROOFTOP
13 - Nat. Capital Region,STI College Pasay-EDSA,Private,Metro Manila,City of Manila,"STI College Pasay-EDSA, City of Manila",sti college pasay-edsa city of manila metro manila philippines,,14.5382306,120.9969267,google,"2818 P. Celle, Pasay City, 1302 Metro Manila, Philippines",CLEANED|ROOFTOP
13 - Nat. Capital Region,Philippine Rehabilitation Institute Foundation,Private,Metro Manila,Quezon City,"Philippine Rehabilitation Institute Foundation, Quezon City",philippine rehabilitation institute foundation quezon city metro manila philippines,,14.6285457,121.0039377,google,"56 Banawe St, Quezon City, 1114 Metro Manila, Philippines",CLEANED|ROOFTOP
13 - Nat. Capital Region,Immaculada Concepcion College,Private,Metro Manila,City of Caloocan,"Immaculada Concepcion College, City of Caloocan",immaculada concepcion college city of caloocan metro manila philippines,,14.7677178,121.0797605,google,"Immaculada Concepcion College , Soldiers Hills III, Barangay, Caloocan, 1400 Metro Manila, Philippines",CLEANED|GEOMETRIC_CENTER
13 - Nat. Capital Region,West Bay College,Private,Metro Manila,City of Muntinlupa,"West Bay College, City of Muntinlupa",west bay college city of muntinlupa metro manila philippines,,14.4166628,121.0493414,google,"Ilaya, 43 Ilaya, Muntinlupa, 1770 Metro Manila, Philippines",CLEANED|ROOFTOP
13 - Nat. Capital Region,System Plus Computer College-Caloocan,Private,Metro Manila,City of Caloocan,"System Plus Computer College-Caloocan, City of Caloocan",system plus computer college-caloocan city of caloocan metro manila philippines,"System Plus Computer College-Caloocan, City of Caloocan, Metro Manila, Philippines",,,,,
13 - Nat. Capital Region,Saint Bernadette College of Alabang,Private,Metro Manila,City of Muntinlupa,"Saint Bernadette College of Alabang, City of Muntinlupa",saint bernadette college of alabang city of muntinlupa metro manila philippines,,14.4249808,121.0460145,google,"Km. 23.6 E Service Rd, Muntinlupa, 1770 Metro Manila, Philippines",CLEANED|ROOFTOP
13 - Nat. Capital Region,Children of Mary Immaculate College,Private,Metro Manila,City of Caloocan,"Children of Mary Immaculate College, City of Caloocan",children of mary immaculate college city of caloocan metro manila philippines,,14.693962,120.967662,google,"22 Maysan Rd, Valenzuela, 1440 Metro Manila, Philippines",CLEANED|ROOFTOP
13 - Nat. Capital Region,Informatics College-Manila,Private,Metro Manila,City of Manila,"Informatics College-Manila, City of Manila",informatics college-manila city of manila metro manila philippines,"Informatics College-Manila, City of Manila, Metro Manila, Philippines",,,,,
13 - Nat. Capital Region,The Fisher Valley College,Private,Metro Manila,City of Taguig,"The Fisher Valley College, City of Taguig",the fisher valley college city of taguig metro manila philippines,,14.5167439,121.0729752,google,"No. 5, M. L. Quezon Avenue, Taguig, 1630 Metro Manila, Philippines",CLEANED|ROOFTOP
13 - Nat. Capital Region,La Consolacion College-Novaliches,Private,Metro Manila,City of Caloocan,"La Consolacion College-Novaliches, City of Caloocan",la consolacion college-novaliches city of caloocan metro manila philippines,,14.7435168,121.0275747,google,"P2VH+C24, Rd Lot 1, Caloocan, Metro Manila, Philippines",CLEANED|GEOMETRIC_CENTER
13 - Nat. Capital Region,National Defense College,OGS,Metro Manila,Quezon City,"National Defense College, Quezon City",national defense college quezon city metro manila philippines,,14.6092947,121.0679145,google,"J359+P57, Arturo Enrile Ave, Quezon City, 1800 Metro Manila, Philippines",CLEANED|GEOMETRIC_CENTER
13 - Nat. Capital Region,Philippine Public Safety College,OGS,Metro Manila,,"Philippine Public Safety College, ",philippine public safety college metro manila philippines,,14.6596593,121.0765003,google,"Lot 2, MWSS Compound, Tandang Sora Avenue, corner Mactan St., Quezon City, Metro Manila, Philippines",CLEANED|ROOFTOP
13 - Nat. Capital Region,ABE International College of Business and Economics-Manila,Private,Metro Manila,City of Manila,"ABE International College of Business and Economics-Manila, City of Manila",abe international college of business and economics-manila city of manila metro manila philippines,"ABE International College of Business and Economics-Manila, City of Manila, Metro Manila, Philippines",,,,,
13 - Nat. Capital Region,AMA Computer College-Caloocan,Private,Metro Manila,City of Caloocan,"AMA Computer College-Caloocan, City of Caloocan",ama computer college-caloocan city of caloocan metro manila philippines,,14.6576626,120.9775632,google,"Caimito Road, MX5H+328, Samson Rd, Caloocan, Metro Manila, Philippines",CLEANED|GEOMETRIC_CENTER
13 - Nat. Capital Region,AMA Computer College-Fairview,Private,Metro Manila,Quezon City,"AMA Computer College-Fairview, Quezon City",ama computer college-fairview quezon city metro manila philippines,,14.7202823,121.0614798,google,"Lot 10 bll, 83 Regalado Hwy, Quezon City, 1110 Metro Manila, Philippines",CLEANED|ROOFTOP
13 - Nat. Capital Region,AMA Computer College-Parañaque,Private,Metro Manila,City of Parañaque,"AMA Computer College-Parañaque, City of Parañaque",ama computer college-paranaque city of paranaque metro manila philippines,,14.4725528,121.0046824,google,"Sok-Kee Bldg, Dr Arcadio Santos Ave, San Isidro, Sucat, Parañaque, 1700 Metro Manila, Philippines",CLEANED|ROOFTOP
13 - Nat. Capital Region,AMA Computer College-Sta. Mesa,Private,Metro Manila,City of Manila,"AMA Computer College-Sta. Mesa, City of Manila",ama computer college-sta. mesa city of manila metro manila philippines,,14.6000004,121.0166702,google,"3299 Magsaysay Blvd cor. Maganda St., Sta. Mesa, Manila, Santa Mesa, Manila, Metro Manila, Philippines",CLEANED|GEOMETRIC_CENTER
13 - Nat. Capital Region,Divine Mercy College Foundation,Private,Metro Manila,City of Caloocan,"Divine Mercy College Foundation, City of Caloocan",divine mercy college foundation city of caloocan metro manila philippines,,14.6611807,120.9795037,google,"129 J.P. Bautista Ave, Caloocan, 1400 Metro Manila, Philippines",CLEANED|ROOFTOP
13 - Nat. Capital Region,Interface Computer College-Caloocan,Private,Metro Manila,City of Caloocan,"Interface Computer College-Caloocan, City of Caloocan",interface computer college-caloocan city of caloocan metro manila philippines,,14.651052,120.983116,google,"298 J.Teodoro, Grace Park West, Caloocan, 1406 Metro Manila, Philippines",CLEANED|ROOFTOP
13 - Nat. Capital Region,Our Lady of Fatima University-Quezon City,Private,Metro Manila,Quezon City,"Our Lady of Fatima University-Quezon City, Quezon City",our lady of fatima university-quezon city quezon city metro manila philippines,,14.6778026,120.9803044,google,"120 MacArthur Hwy, Valenzuela, 1440 Metro Manila, Philippines",CLEANED|ROOFTOP
13 - Nat. Capital Region,Our Lady of Lourdes Technological College,Private,Metro Manila,Quezon City,"Our Lady of Lourdes Technological College, Quezon City",our lady of lourdes technological college quezon city metro manila philippines,,14.7203379,121.0279378,google,"P2CH+45P, General Luis, Novaliches, Quezon City, 1125 Metro Manila, Philippines",CLEANED|GEOMETRIC_CENTER
13 - Nat. Capital Region,St. Clare College of Caloocan,Private,Metro Manila,City of Caloocan,"St. Clare College of Caloocan, City of Caloocan",street. clare college of caloocan city of caloocan metro manila philippines,"St. Clare College of Caloocan, City of Caloocan, Metro Manila, Philippines",,,,,
13 - Nat. Capital Region,STI College-Las Piñas,Private,Metro Manila,City of Las Piñas,"STI College-Las Piñas, City of Las Piñas",sti college-las pinas city of las pinas metro manila philippines,,14.4499727,120.9811623,google,"STI Academic Center, Alabang-Zapote Road, corner V.Guinto, Las Piñas, 1740 Metro Manila, Philippines",CLEANED|ROOFTOP
13 - Nat. Capital Region,Dr. Filemon C. Aguilar Memorial College of Las Piñas,LUC,Metro Manila,City of Las Piñas,"Dr. Filemon C. Aguilar Memorial College of Las Piñas, City of Las Piñas",dr. filemon c. aguilar memorial college of las pinas city of las pinas metro manila philippines,,14.4388401,121.0094764,google,"Golden Gate Basketball Court, Topland Ave, Las Piñas, 1747 Metro Manila, Philippines",CLEANED|ROOFTOP
13 - Nat. Capital Region,Asia Graduate School of Theology,Private,Metro Manila,Quezon City,"Asia Graduate School of Theology, Quezon City",asia graduate school of theology quezon city metro manila philippines,,14.6350543,121.0384971,google,"54 Sct. Madriñan St, Diliman, Quezon City, 1103 Metro Manila, Philippines",CLEANED|ROOFTOP
13 - Nat. Capital Region,AMA Computer College-Las Piñas,Private,Metro Manila,City of Las Piñas,"AMA Computer College-Las Piñas, City of Las Piñas",ama computer college-las pinas city of las pinas metro manila philippines,,14.4346539,121.0114715,google,"AC & Sons Building, Alabang–Zapote Rd, Las Piñas, Metro Manila, Philippines",CLEANED|ROOFTOP
13 - Nat. Capital Region,AMA Computer College-Pasig City,Private,Metro Manila,City of Pasig,"AMA Computer College-Pasig City, City of Pasig",ama computer college-pasig city city of pasig metro manila philippines,"AMA Computer College-Pasig City, City of Pasig, Metro Manila, Philippines",,,,,
13 - Nat. Capital Region,Pamantasan ng Lungsod ng Pasig,LUC,Metro Manila,City of Pasig,"Pamantasan ng Lungsod ng Pasig, City of Pasig",pamantasan ng lungsod ng pasig city of pasig metro manila philippines,,14.5620941,121.07475,google,"12-B Alcalde Jose, Pasig, 1600 Metro Manila, Philippines",CLEANED|ROOFTOP
13 - Nat. Capital Region,Wesleyan College of Manila,Private,Metro Manila,Pasay City,"Wesleyan College of Manila, Pasay City",wesleyan college of manila pasay city metro manila philippines,,14.56009,120.993062,google,"1706 Leveriza St, Manila, Metro Manila, Philippines",CLEANED|ROOFTOP
13 - Nat. Capital Region,Loral Douglas Woosley Bethany Colleges,Private,Metro Manila,City of Makati,"Loral Douglas Woosley Bethany Colleges, City of Makati",loral douglas woosley bethany colleges city of makati metro manila philippines,,14.5562453,121.0038723,google,"1716 Dian Street, corner Emilia, Makati City, 1235 Metro Manila, Philippines",CLEANED|ROOFTOP
13 - Nat. Capital Region,STI College-Marikina,Private,Metro Manila,City of Marikina,"STI College-Marikina, City of Marikina",sti college-marikina city of marikina metro manila philippines,,14.650117,121.105867,google,"M424+393, 2 L. De Guzman St, Marikina, 1807 Metro Manila, Philippines",CLEANED|ROOFTOP
13 - Nat. Capital Region,IETI College of Science and Technology-Marikina,Private,Metro Manila,City of Marikina,"IETI College of Science and Technology-Marikina, City of Marikina",ieti college of science and technology-marikina city of marikina metro manila philippines,,14.6343604,121.099728,google,"17, 1800 Lark, Marikina, 1800 Metro Manila, Philippines",CLEANED|ROOFTOP
13 - Nat. Capital Region,Manila Business College Foundation,Private,Metro Manila,City of Manila,"Manila Business College Foundation, City of Manila",manila business college foundation city of manila metro manila philippines,"Manila Business College Foundation, City of Manila, Metro Manila, Philippines",,,,,
13 - Nat. Capital Region,Access Computer and Technical Colleges-Manila,Private,Metro Manila,City of Manila,"Access Computer and Technical Colleges-Manila, City of Manila",access computer and technical colleges-manila city of manila metro manila philippines,,14.5783005,121.0,google,"2nd &amp; 3rd Floor ACCESS Main Bldg., C.M. Recto cor. Quezon Blvd., Manila, Quiapo, Manila, Metropolitan Manila First District, Philippines",CLEANED|GEOMETRIC_CENTER
13 - Nat. Capital Region,Criminal Justice College,Private,Metro Manila,City of Muntinlupa,"Criminal Justice College, City of Muntinlupa",criminal justice college city of muntinlupa metro manila philippines,,14.3802692,121.046899,google,"79 Jasmine St, Muntinlupa, 1773 Metro Manila, Philippines",CLEANED|ROOFTOP
13 - Nat. Capital Region,Entrepreneurs School of Asia,Private,Metro Manila,Quezon City,"Entrepreneurs School of Asia, Quezon City",entrepreneurs school of asia quezon city metro manila philippines,,14.6053247,121.0845998,google,"J34M+4RH, Obrero, Quezon City, Kalakhang Maynila, Philippines",CLEANED|GEOMETRIC_CENTER
13 - Nat. Capital Region,St. Mary's College,Private,Metro Manila,Quezon City,"St. Mary's College, Quezon City",street. mary's college quezon city metro manila philippines,"St. Mary's College, Quezon City, Metro Manila, Philippines",14.6345623,121.0252828,google,"37 Mother Ignacia Ave, Diliman, Quezon City, 1103 Metro Manila, Philippines",FALLBACK_FULL|ROOFTOP
13 - Nat. Capital Region,ABE International College of Business and Accountancy-Cubao,Private,Metro Manila,Quezon City,"ABE International College of Business and Accountancy-Cubao, Quezon City",abe international college of business and accountancy-cubao quezon city metro manila philippines,"ABE International College of Business and Accountancy-Cubao, Quezon City, Metro Manila, Philippines",,,,,
13 - Nat. Capital Region,ABE International College of Business and Economics-Las Piñas,Private,Metro Manila,City of Las Piñas,"ABE International College of Business and Economics-Las Piñas, City of Las Piñas",abe international college of business and economics-las pinas city of las pinas metro manila philippines,"ABE International College of Business and Economics-Las Piñas, City of Las Piñas, Metro Manila, Philippines",,,,,
13 - Nat. Capital Region,Development Academy of the Philippines,OGS,Metro Manila,City of Pasig,"Development Academy of the Philippines, City of Pasig",development academy of the philippines city of pasig metro manila philippines,,14.5789515,121.0582205,google,"DAP Building, San Miguel Ave, Ortigas Center, Pasig, Metro Manila, Philippines",CLEANED|ROOFTOP
13 - Nat. Capital Region,National Christian Life College,Private,Metro Manila,City of Marikina,"National Christian Life College, City of Marikina",national christian life college city of marikina metro manila philippines,,14.6387731,121.0987011,google,"J3QX+F96 Paliparan Subd, 7 1st St, Marikina, 1800 Metro Manila, Philippines",CLEANED|ROOFTOP
13 - Nat. Capital Region,Global City Innovative College,Private,Metro Manila,City of Makati,"Global City Innovative College, City of Makati",global city innovative college city of makati metro manila philippines,,14.5620941,121.0428327,google,"Annex, Pet Plans Tower, 444 Epifanio de los Santos Ave, Makati City, 1211 Metro Manila, Philippines",CLEANED|ROOFTOP
13 - Nat. Capital Region,Southville International School and Colleges,Private,Metro Manila,City of Las Piñas,"Southville International School and Colleges, City of Las Piñas",southville international school and colleges city of las pinas metro manila philippines,,14.4550489,120.9950908,google,"1281 Tropical Avenue Corner Luxembourg Street, BF Homes International, Las Piñas, 1740 Metro Manila, Philippines",CLEANED|GEOMETRIC_CENTER
13 - Nat. Capital Region,Information and Communications Technology Academy,Private,Metro Manila,City of Makati,"Information and Communications Technology Academy, City of Makati",information and communications technology academy city of makati metro manila philippines,,14.5594796,121.0075692,google,"iACADEMY Nexus Campus, 7434 Yakal, Makati City, 1203 Metro Manila, Philippines",CLEANED|ROOFTOP
13 - Nat. Capital Region,Our Lady of Guadalupe Colleges,Private,Metro Manila,City of Mandaluyong,"Our Lady of Guadalupe Colleges, City of Mandaluyong",our lady of guadalupe colleges city of mandaluyong metro manila philippines,,14.577076,121.049644,google,"H2GX+RVJ, Sierra Madre, Mandaluyong City, 1550 Kalakhang Maynila, Philippines",CLEANED|GEOMETRIC_CENTER
13 - Nat. Capital Region,Access Computer and Technical Colleges-Cubao,Private,Metro Manila,Quezon City,"Access Computer and Technical Colleges-Cubao, Quezon City",access computer and technical colleges-cubao quezon city metro manila philippines,,14.6272193,121.0614647,google,"941 R-6, Quezon City, Metro Manila, Philippines",CLEANED|ROOFTOP
13 - Nat. Capital Region,Immaculate Heart of Mary College-Parañaque,Private,Metro Manila,City of Parañaque,"Immaculate Heart of Mary College-Parañaque, City of Parañaque",immaculate heart of mary college-paranaque city of paranaque metro manila philippines,,14.477009,121.0235147,google,"Dominic Savio Street Better Living Subdivision, Parañaque, 1700 Metro Manila, Philippines",CLEANED|GEOMETRIC_CENTER
13 - Nat. Capital Region,Polytechnic University of the Philippines-Quezon City Campus,SUC,Metro Manila,Quezon City,"Polytechnic University of the Philippines-Quezon City Campus, Quezon City",polytechnic university of the philippines-quezon city campus quezon city metro manila philippines,"Polytechnic University of the Philippines-Quezon City Campus, Quezon City, Metro Manila, Philippines",,,,,
13 - Nat. Capital Region,Lyceum of Alabang,Private,Metro Manila,City of Muntinlupa,"Lyceum of Alabang, City of Muntinlupa",lyceum of alabang city of muntinlupa metro manila philippines,,14.3730351,121.0474079,google,"Km.30 National Road, Muntinlupa, 1773 Metro Manila, Philippines",CLEANED|ROOFTOP
13 - Nat. Capital Region,Rogationist Seminary College of Philosophy,Private,Metro Manila,City of Parañaque,"Rogationist Seminary College of Philosophy, City of Parañaque",rogationist seminary college of philosophy city of paranaque metro manila philippines,"Rogationist Seminary College of Philosophy, City of Parañaque, Metro Manila, Philippines",,,,,
13 - Nat. Capital Region,La Consolacion College-Pasig,Private,Metro Manila,City of Pasig,"La Consolacion College-Pasig, City of Pasig",la consolacion college-pasig city of pasig metro manila philippines,,14.5678288,121.0956683,google,"La Consolacion College, Frankfurt St, Pasig, Metro Manila, Philippines",CLEANED|GEOMETRIC_CENTER
13 - Nat. Capital Region,Gardner College Diliman,Private,Metro Manila,Quezon City,"Gardner College Diliman, Quezon City",gardner college diliman quezon city metro manila philippines,"Gardner College Diliman, Quezon City, Metro Manila, Philippines",,,,,
13 - Nat. Capital Region,ABE International Business College-Caloocan City,Private,Metro Manila,City of Caloocan,"ABE International Business College-Caloocan City, City of Caloocan",abe international business college-caloocan city city of caloocan metro manila philippines,,14.6568297,120.9852004,google,"328 Epifanio de los Santos Ave, Grace Park East, Caloocan, Metro Manila, Philippines",CLEANED|ROOFTOP
13 - Nat. Capital Region,WCC Aeronautical & Technological College-North Manila,Private,Metro Manila,City of Caloocan,"WCC Aeronautical & Technological College-North Manila, City of Caloocan",wcc aeronautical & technological college-north manila city of caloocan metro manila philippines,"WCC Aeronautical & Technological College-North Manila, City of Caloocan, Metro Manila, Philippines",,,,,
13 - Nat. Capital Region,Informatics College-Northgate,Private,Metro Manila,City of Muntinlupa,"Informatics College-Northgate, City of Muntinlupa",informatics college-northgate city of muntinlupa metro manila philippines,"Informatics College-Northgate, City of Muntinlupa, Metro Manila, Philippines",,,,,
13 - Nat. Capital Region,Pamantasan ng Lungsod ng Valenzuela,LUC,Metro Manila,City of Valenzuela,"Pamantasan ng Lungsod ng Valenzuela, City of Valenzuela",pamantasan ng lungsod ng valenzuela city of valenzuela metro manila philippines,,14.6940301,120.969399,google,"MXV9+JQ6, Maysan Rd, Valenzuela, Metro Manila, Philippines",CLEANED|GEOMETRIC_CENTER
13 - Nat. Capital Region,Marie-Bernarde College,Private,Metro Manila,Quezon City,"Marie-Bernarde College, Quezon City",marie-bernarde college quezon city metro manila philippines,,14.631179,121.0078757,google,"48 Sto. Domingo Ave, Quezon City, 1114 Metro Manila, Philippines",CLEANED|ROOFTOP
13 - Nat. Capital Region,Mary the Queen College of Quezon City,Private,Metro Manila,Quezon City,"Mary the Queen College of Quezon City, Quezon City",mary the queen college of quezon city quezon city metro manila philippines,,14.675289,121.082422,google,"M3GJ+4X7, Dupax St, Quezon City, Metro Manila, Philippines",CLEANED|GEOMETRIC_CENTER
13 - Nat. Capital Region,St. Bernadette of Lourdes College,Private,Metro Manila,Quezon City,"St. Bernadette of Lourdes College, Quezon City",street. bernadette of lourdes college quezon city metro manila philippines,"St. Bernadette of Lourdes College, Quezon City, Metro Manila, Philippines",,,,,
13 - Nat. Capital Region,Flight School International,Private,Metro Manila,City of Parañaque,"Flight School International, City of Parañaque",flight school international city of paranaque metro manila philippines,,14.4792927,120.9980956,google,"8155, Andremar Bldg, Dr Arcadio Santos Ave, Parañaque, 1711 Metro Manila, Philippines",CLEANED|ROOFTOP
13 - Nat. Capital Region,Capitol Medical Center Colleges,Private,Metro Manila,Quezon City,"Capitol Medical Center Colleges, Quezon City",capitol medical center colleges quezon city metro manila philippines,,14.6270666,121.0110021,google,"4 Sto. Domingo Ave, Quezon City, 1103 Metro Manila, Philippines",CLEANED|ROOFTOP
13 - Nat. Capital Region,New England College,Private,Metro Manila,Quezon City,"New England College, Quezon City",new england college quezon city metro manila philippines,,14.621921,121.00666,google,"40 Quezon Ave, Quezon City, 1113 Metro Manila, Philippines",CLEANED|ROOFTOP
13 - Nat. Capital Region,Universal Colleges of Parañaque,Private,Metro Manila,City of Parañaque,"Universal Colleges of Parañaque, City of Parañaque",universal colleges of paranaque city of paranaque metro manila philippines,,14.4749772,121.0019911,google,"8273 Dr Arcadio Santos Ave, Parañaque, 1700 Metro Manila, Philippines",CLEANED|ROOFTOP
13 - Nat. Capital Region,Quezon City University,LUC,Metro Manila,Quezon City,"Quezon City University, Quezon City",quezon city university quezon city metro manila philippines,,14.6999662,121.0325621,google,"673 Quirino Hwy, Novaliches, Quezon City, Metro Manila, Philippines",CLEANED|ROOFTOP
13 - Nat. Capital Region,Pamantasan ng Lungsod ng Marikina,LUC,Metro Manila,City of Marikina,"Pamantasan ng Lungsod ng Marikina, City of Marikina",pamantasan ng lungsod ng marikina city of marikina metro manila philippines,,14.6581998,121.1063754,google,"Brazil St., Greenheights Subdivision, Marikina, 1800 Metro Manila, Philippines",CLEANED|GEOMETRIC_CENTER
13 - Nat. Capital Region,Valenzuela City Polytechnic College,LUC,Metro Manila,City of Valenzuela,"Valenzuela City Polytechnic College, City of Valenzuela",valenzuela city polytechnic college city of valenzuela metro manila philippines,,14.6987526,120.9951463,google,"MXXW+G32, Kamagong, Valenzuela, Metro Manila, Philippines",CLEANED|GEOMETRIC_CENTER
13 - Nat. Capital Region,South Mansfield College,Private,Metro Manila,City of Muntinlupa,"South Mansfield College, City of Muntinlupa",south mansfield college city of muntinlupa metro manila philippines,,14.398727,121.043286,google,"Soldiers Hills St, Muntinlupa, Metro Manila, Philippines",CLEANED|GEOMETRIC_CENTER
13 - Nat. Capital Region,St. John of Beverly School,Private,Metro Manila,Quezon City,"St. John of Beverly School, Quezon City",street. john of beverly school quezon city metro manila philippines,"St. John of Beverly School, Quezon City, Metro Manila, Philippines",14.7057303,121.0379877,google,"749 Quirino Hwy, Novaliches, Quezon City, 1116 Metro Manila, Philippines",FALLBACK_FULL|ROOFTOP
13 - Nat. Capital Region,Jesus Reigns Christian College Foundation,Private,Metro Manila,City of Manila,"Jesus Reigns Christian College Foundation, City of Manila",jesus reigns christian college foundation city of manila metro manila philippines,"Jesus Reigns Christian College Foundation, City of Manila, Metro Manila, Philippines",,,,,
13 - Nat. Capital Region,Villagers Montessori College,Private,Metro Manila,Quezon City,"Villagers Montessori College, Quezon City",villagers montessori college quezon city metro manila philippines,,14.672935,121.019994,google,"18 Dalsol Rd, Project 8, Quezon City, 1116 Metro Manila, Philippines",CLEANED|ROOFTOP
13 - Nat. Capital Region,AMA School of Medicine,Private,Metro Manila,City of Makati,"AMA School of Medicine, City of Makati",ama school of medicine city of makati metro manila philippines,,14.547549,121.0127514,google,"AMA One Building 5486, South Luzon Expy, Makati City, Metro Manila, Philippines",CLEANED|GEOMETRIC_CENTER
13 - Nat. Capital Region,Enderun Colleges,Private,Metro Manila,City of Taguig,"Enderun Colleges, City of Taguig",enderun colleges city of taguig metro manila philippines,,14.532481,121.053044,google,"1100 Campus Avenue McKinley Hill Fort Bonifacio, Taguig, 1634 Metro Manila, Philippines",CLEANED|ROOFTOP
13 - Nat. Capital Region,Pateros Technological College,LUC,Metro Manila,Pateros,"Pateros Technological College, Pateros",pateros technological college pateros metro manila philippines,,14.5527031,121.0691234,google,"205 College St, Pasig, Metro Manila, Philippines",CLEANED|ROOFTOP
13 - Nat. Capital Region,Messiah College Foundation,Private,Metro Manila,City of Pasig,"Messiah College Foundation, City of Pasig",messiah college foundation city of pasig metro manila philippines,,14.5824779,121.0613688,google,"Tektite Tower West, Exchange Rd, Ortigas Center, Pasig, Metro Manila, Philippines",CLEANED|ROOFTOP
13 - Nat. Capital Region,National Polytechnic College of Science and Technology,Private,Metro Manila,Quezon City,"National Polytechnic College of Science and Technology, Quezon City",national polytechnic college of science and technology quezon city metro manila philippines,,14.7351933,121.0650352,google,"Quezon City, Metro Manila, Philippines",CLEANED|GEOMETRIC_CENTER
13 - Nat. Capital Region,Lady of Lourdes Hospital & Colleges of Caybiga,Private,Metro Manila,City of Caloocan,"Lady of Lourdes Hospital & Colleges of Caybiga, City of Caloocan",lady of lourdes hospital & colleges of caybiga city of caloocan metro manila philippines,,14.7191659,121.0067088,google,"P294+MM8, Caloocan, 1420 Metro Manila, Philippines",CLEANED|GEOMETRIC_CENTER
13 - Nat. Capital Region,College of St. Catherine,Private,Metro Manila,Quezon City,"College of St. Catherine, Quezon City",college of street. catherine quezon city metro manila philippines,"College of St. Catherine, Quezon City, Metro Manila, Philippines",14.6793992,121.0185678,google,"M2H9+QC4, Project 8, Quezon City, Metro Manila, Philippines",FALLBACK_FULL|GEOMETRIC_CENTER
13 - Nat. Capital Region,Grace Christian College,Private,Metro Manila,Quezon City,"Grace Christian College, Quezon City",grace christian college quezon city metro manila philippines,,14.6503491,121.0053073,google,"30 Grace Ave, Quezon City, 1100 Metro Manila, Philippines",CLEANED|ROOFTOP
13 - Nat. Capital Region,Taguig City University,LUC,Metro Manila,City of Taguig,"Taguig City University, City of Taguig",taguig city university city of taguig metro manila philippines,,14.490852,121.055118,google,"General Santos Ave, Taguig, 1632 Metro Manila, Philippines",CLEANED|GEOMETRIC_CENTER
13 - Nat. Capital Region,Centro Escolar University-Makati,Private,Metro Manila,City of Makati,"Centro Escolar University-Makati, City of Makati",centro escolar university-makati city of makati metro manila philippines,,14.56069,121.012709,google,"259 Sen. Gil J. Puyat Ave, Makati City, 1203 Metro Manila, Philippines",CLEANED|ROOFTOP
13 - Nat. Capital Region,Philippine Cultural College,Private,Metro Manila,Quezon City,"Philippine Cultural College, Quezon City",philippine cultural college quezon city metro manila philippines,,14.6221882,121.003886,google,"46 Sen. Mariano J. Cuenco Senior St, corner D. Tuazon St, Santa Mesa Heights, Quezon City, 1114 Kalakhang Maynila, Philippines",CLEANED|GEOMETRIC_CENTER
13 - Nat. Capital Region,Diliman College,Private,Metro Manila,Quezon City,"Diliman College, Quezon City",diliman college quezon city metro manila philippines,,14.6747106,121.0820308,google,"Commonwealth Ave, Diliman, Quezon City, 1101 Metro Manila, Philippines",CLEANED|GEOMETRIC_CENTER
13 - Nat. Capital Region,Colegio de Sta. Teresa de Avila Foundation,Private,Metro Manila,Quezon City,"Colegio de Sta. Teresa de Avila Foundation, Quezon City",colegio de sta. teresa de avila foundation quezon city metro manila philippines,,14.7338288,121.0511969,google,"P3M2+GFP, Skylark, Novaliches, Quezon City, Metro Manila, Philippines",CLEANED|GEOMETRIC_CENTER
13 - Nat. Capital Region,The One Nation Entrepreneur School,Private,Metro Manila,City of Makati,"The One Nation Entrepreneur School, City of Makati",the one nation entrepreneur school city of makati metro manila philippines,"The One Nation Entrepreneur School, City of Makati, Metro Manila, Philippines",,,,,
13 - Nat. Capital Region,Bestlink College of the Philippines,Private,Metro Manila,Quezon City,"Bestlink College of the Philippines, Quezon City",bestlink college of the philippines quezon city metro manila philippines,"Bestlink College of the Philippines, Quezon City, Metro Manila, Philippines",,,,,
13 - Nat. Capital Region,Global Reciprocal Colleges,Private,Metro Manila,City of Caloocan,"Global Reciprocal Colleges, City of Caloocan",global reciprocal colleges city of caloocan metro manila philippines,,14.6498365,120.9839212,google,"GRC Building, 454, 1400 Rizal Ave Ext, Grace Park East, Caloocan, Metro Manila, Philippines",CLEANED|ROOFTOP
13 - Nat. Capital Region,Golden Link College Foundation,Private,Metro Manila,Quezon City,"Golden Link College Foundation, Quezon City",golden link college foundation quezon city metro manila philippines,,14.7456068,121.0571617,google,"Main Waling-waling St. Brgy 177 Caloocan City North Metro Manila, Caloocan, Metro Manila, Philippines",CLEANED|GEOMETRIC_CENTER
13 - Nat. Capital Region,Pacific InterContinental College,Private,Metro Manila,City of Las Piñas,"Pacific InterContinental College, City of Las Piñas",pacific intercontinental college city of las pinas metro manila philippines,,14.41979,121.011068,google,"Silver, Las Piñas, Metro Manila, Philippines",CLEANED|GEOMETRIC_CENTER
13 - Nat. Capital Region,Asian Institute of Computer Studies-Quezon City,Private,Metro Manila,Quezon City,"Asian Institute of Computer Studies-Quezon City, Quezon City",asian institute of computer studies-quezon city quezon city metro manila philippines,"Asian Institute of Computer Studies-Quezon City, Quezon City, Metro Manila, Philippines",,,,,
13 - Nat. Capital Region,Far Eastern University-Makati,Private,Metro Manila,,"Far Eastern University-Makati, ",far eastern university-makati metro manila philippines,,14.5634222,121.0383925,google,"One Rockwell East Tower, Rockwell Dr, Makati City, Metro Manila, Philippines",CLEANED|ROOFTOP
13 - Nat. Capital Region,Infotech College of Arts and Sciences Philippines,Private,Metro Manila,City of Marikina,"Infotech College of Arts and Sciences Philippines, City of Marikina",infotech college of arts and sciences philippines city of marikina metro manila philippines,"Infotech College of Arts and Sciences Philippines, City of Marikina, Metro Manila, Philippines",,,,,
13 - Nat. Capital Region,Treston International College,Private,Metro Manila,City of Taguig,"Treston International College, City of Taguig",treston international college city of taguig metro manila philippines,,14.5516198,121.0586223,google,"University Parkway District, 32nd Street Corner, C-5, Makati City, 1634 Metro Manila, Philippines",CLEANED|GEOMETRIC_CENTER
13 - Nat. Capital Region,Access Computer and Technical Colleges-Lagro,Private,Metro Manila,Quezon City,"Access Computer and Technical Colleges-Lagro, Quezon City",access computer and technical colleges-lagro quezon city metro manila philippines,"Access Computer and Technical Colleges-Lagro, Quezon City, Metro Manila, Philippines",,,,,
13 - Nat. Capital Region,UBIX Institute of Technologies,Private,Metro Manila,City of Muntinlupa,"UBIX Institute of Technologies, City of Muntinlupa",ubix institute of technologies city of muntinlupa metro manila philippines,"UBIX Institute of Technologies, City of Muntinlupa, Metro Manila, Philippines",,,,,
13 - Nat. Capital Region,College of Divine Wisdom,Private,Metro Manila,City of Parañaque,"College of Divine Wisdom, City of Parañaque",college of divine wisdom city of paranaque metro manila philippines,,14.4896048,120.9949784,google,"FXQV+RXX, Parañaque, 1700 Metro Manila, Philippines",CLEANED|GEOMETRIC_CENTER
13 - Nat. Capital Region,Meridian International College of Business and Arts,Private,Metro Manila,City of Taguig,"Meridian International College of Business and Arts, City of Taguig",meridian international college of business and arts city of taguig metro manila philippines,,14.5344448,121.0523568,google,"1030 Campus Avenue, Taguig, Metro Manila, Philippines",CLEANED|ROOFTOP
13 - Nat. Capital Region,La Consolacion College-Valenzuela,Private,Metro Manila,City of Valenzuela,"La Consolacion College-Valenzuela, City of Valenzuela",la consolacion college-valenzuela city of valenzuela metro manila philippines,,14.6880962,120.9649169,google,"MXQ7+6XM, St Jude Subdivision, Valenzuela, Metro Manila, Philippines",CLEANED|GEOMETRIC_CENTER
13 - Nat. Capital Region,South SEED LPDH College,Private,Metro Manila,City of Las Piñas,"South SEED LPDH College, City of Las Piñas",south seed lpdh college city of las pinas metro manila philippines,,14.4547878,120.9950287,google,"BH Homes, Yokohama, Las Piñas, 1740 Metro Manila, Philippines",CLEANED|GEOMETRIC_CENTER
13 - Nat. Capital Region,Bethel Bible College of the Assemblies of God,Private,Metro Manila,City of Valenzuela,"Bethel Bible College of the Assemblies of God, City of Valenzuela",bethel bible college of the assemblies of god city of valenzuela metro manila philippines,"Bethel Bible College of the Assemblies of God, City of Valenzuela, Metro Manila, Philippines",,,,,
13 - Nat. Capital Region,Christ the King College of Science and Technology,Private,Metro Manila,City of Muntinlupa,"Christ the King College of Science and Technology, City of Muntinlupa",christ the king college of science and technology city of muntinlupa metro manila philippines,,14.3971852,121.0470678,google,"Jaysonsville II,, 92WW+VRG, Muntinlupa, Metro Manila, Philippines",CLEANED|GEOMETRIC_CENTER
13 - Nat. Capital Region,Colegio de San Gabriel Archangel of Caloocan,Private,Metro Manila,City of Caloocan,"Colegio de San Gabriel Archangel of Caloocan, City of Caloocan",colegio de san gabriel archangel of caloocan city of caloocan metro manila philippines,,14.7805446,121.0356279,google,"Block 1 Lots 1-5 Phase 10 Package 6 Brgy. 176 Bagong Silang, Caloocan, 1428 Metro Manila, Philippines",CLEANED|GEOMETRIC_CENTER
13 - Nat. Capital Region,St. Vincent de Ferrer College of Camarin,Private,Metro Manila,City of Caloocan,"St. Vincent de Ferrer College of Camarin, City of Caloocan",street. vincent de ferrer college of camarin city of caloocan metro manila philippines,"St. Vincent de Ferrer College of Camarin, City of Caloocan, Metro Manila, Philippines",14.7570902,121.0595478,google,"Area D, SVFC Compound, San Vincente Ferrer St, Brgy 178 Camarin, Caloocan, 1400 Metro Manila, Philippines",FALLBACK_FULL|ROOFTOP
13 - Nat. Capital Region,Datamex College of Saint Adeline-Fairview,Private,Metro Manila,Quezon City,"Datamex College of Saint Adeline-Fairview, Quezon City",datamex college of saint adeline-fairview quezon city metro manila philippines,,14.705327,121.0778961,google,"85 Commonwealth Ave, Greater Fairview, Quezon City, 1118 Metro Manila, Philippines",CLEANED|ROOFTOP
13 - Nat. Capital Region,Asian Institute of Computer Studies-Bicutan,Private,Metro Manila,City of Parañaque,"Asian Institute of Computer Studies-Bicutan, City of Parañaque",asian institute of computer studies-bicutan city of paranaque metro manila philippines,,14.4853621,121.0407112,google,"1571 Triangle Bldg., Doa Soledad Avenue, Better Living Subd, Parañaque, 1709 Metro Manila, Philippines",CLEANED|GEOMETRIC_CENTER
13 - Nat. Capital Region,Access Computer and Technical Colleges-Camarin,Private,Metro Manila,City of Caloocan,"Access Computer and Technical Colleges-Camarin, City of Caloocan",access computer and technical colleges-camarin city of caloocan metro manila philippines,"Access Computer and Technical Colleges-Camarin, City of Caloocan, Metro Manila, Philippines",,,,,
13 - Nat. Capital Region,Datamex College of Saint Adeline-Valenzuela,Private,Metro Manila,City of Valenzuela,"Datamex College of Saint Adeline-Valenzuela, City of Valenzuela",datamex college of saint adeline-valenzuela city of valenzuela metro manila philippines,,14.6765648,120.9808094,google,"11, Gotaco Building 2, MacArthur Highway, Marulas, Gotaco, R-9, Valenzuela, 1440 Metro Manila, Philippines",CLEANED|ROOFTOP
13 - Nat. Capital Region,School of Fashion and the Arts,Private,Metro Manila,City of Makati,"School of Fashion and the Arts, City of Makati",school of fashion and the arts city of makati metro manila philippines,"School of Fashion and the Arts, City of Makati, Metro Manila, Philippines",,,,,
13 - Nat. Capital Region,ICI Global University,Private,Metro Manila,City of Pasig,"ICI Global University, City of Pasig",ici global university city of pasig metro manila philippines,"ICI Global University, City of Pasig, Metro Manila, Philippines",,,,,
13 - Nat. Capital Region,Southville International School,Private,Metro Manila,City of Las Piñas,"Southville International School, City of Las Piñas",southville international school city of las pinas metro manila philippines,,14.4550489,120.9950908,google,"1281 Tropical Avenue Corner Luxembourg Street, BF Homes International, Las Piñas, 1740 Metro Manila, Philippines",CLEANED|GEOMETRIC_CENTER
13 - Nat. Capital Region,St. Therese of the Child Jesus Institute of Arts and Sciences,Private,Metro Manila,Pasay City,"St. Therese of the Child Jesus Institute of Arts and Sciences, Pasay City",street. therese of the child jesus institute of arts and sciences pasay city metro manila philippines,"St. Therese of the Child Jesus Institute of Arts and Sciences, Pasay City, Metro Manila, Philippines",14.5558243,120.99664,google,"4th Flr Wardley Bldg. 1991 San Juan St, cor Taft Ave, Pasay City, 1300 Metro Manila, Philippines",FALLBACK_FULL|ROOFTOP
13 - Nat. Capital Region,Arellano University-Mandaluyong,Private,Metro Manila,City of Mandaluyong,"Arellano University-Mandaluyong, City of Mandaluyong",arellano university-mandaluyong city of mandaluyong metro manila philippines,"Arellano University-Mandaluyong, City of Mandaluyong, Metro Manila, Philippines",,,,,
13 - Nat. Capital Region,La Verdad Christian College-Caloocan,Private,Metro Manila,City of Caloocan,"La Verdad Christian College-Caloocan, City of Caloocan",la verdad christian college-caloocan city of caloocan metro manila philippines,,14.6577066,120.9966746,google,"351 Epifanio de los Santos Ave, Bagong Barrio West, Caloocan, 1400 Metro Manila, Philippines",CLEANED|ROOFTOP
13 - Nat. Capital Region,Rizal Technological University-Pasig,SUC,Metro Manila,City of Pasig,"Rizal Technological University-Pasig, City of Pasig",rizal technological university-pasig city of pasig metro manila philippines,,14.5730514,121.0999984,google,"Eusebio, Pasig, Metro Manila, Philippines",CLEANED|GEOMETRIC_CENTER
13 - Nat. Capital Region,Eclaro Academy,Private,Metro Manila,Quezon City,"Eclaro Academy, Quezon City",eclaro academy quezon city metro manila philippines,,14.6722182,121.0780047,google,"5 Zuzuarregui St, Quezon City, Metro Manila, Philippines",CLEANED|ROOFTOP
13 - Nat. Capital Region,Asia Harvesters College and Seminary,Private,Metro Manila,Quezon City,"Asia Harvesters College and Seminary, Quezon City",asia harvesters college and seminary quezon city metro manila philippines,,14.680397,121.080759,google,"Puno Foundation Building , Holy Spirit Drive, Holy Spirit , 1127 Quezon City , Metro Manila, Quezon City, Metro Manila, Philippines",CLEANED|GEOMETRIC_CENTER
13 - Nat. Capital Region,Don Carlo Cavina School,Private,Metro Manila,City of Las Piñas,"Don Carlo Cavina School, City of Las Piñas",don carlo cavina school city of las pinas metro manila philippines,"Don Carlo Cavina School, City of Las Piñas, Metro Manila, Philippines",,,,,
13 - Nat. Capital Region,Integrated Innovation and Hospitality Colleges,Private,Metro Manila,Quezon City,"Integrated Innovation and Hospitality Colleges, Quezon City",integrated innovation and hospitality colleges quezon city metro manila philippines,"Integrated Innovation and Hospitality Colleges, Quezon City, Metro Manila, Philippines",,,,,
13 - Nat. Capital Region,Philippine School of Interior Design- AHLEN Institute,Private,Metro Manila,City of Taguig,"Philippine School of Interior Design- AHLEN Institute, City of Taguig",philippine school of interior design- ahlen institute city of taguig metro manila philippines,"Philippine School of Interior Design- AHLEN Institute, City of Taguig, Metro Manila, Philippines",,,,,
13 - Nat. Capital Region,Recoletos School of Theology,Private,Metro Manila,Quezon City,"Recoletos School of Theology, Quezon City",recoletos school of theology quezon city metro manila philippines,,14.6783134,121.0608036,google,"M3H6+88F, Quezon City, Metro Manila, Philippines",CLEANED|GEOMETRIC_CENTER
13 - Nat. Capital Region,Dr. Jose Fabella Memorial Hospital School of Midwifery,OGS,Metro Manila,City of Manila,"Dr. Jose Fabella Memorial Hospital School of Midwifery, City of Manila",dr. jose fabella memorial hospital school of midwifery city of manila metro manila philippines,,14.606261,120.984188,google,"Dr.Jose Fabella Memorial Hospital, Lope de Vega St, 312, Sta.Cruz, 1003 Metro Manila, Philippines",CLEANED|ROOFTOP
13 - Nat. Capital Region,CIIT College of Arts and Technology,Private,Metro Manila,Quezon City,"CIIT College of Arts and Technology, Quezon City",ciit college of arts and technology quezon city metro manila philippines,,14.6295232,121.0419378,google,"94 Kamuning Rd, Diliman, Quezon City, 1103 Metro Manila, Philippines",CLEANED|ROOFTOP
13 - Nat. Capital Region,Southeast Asia Christian College,Private,Metro Manila,City of Caloocan,"Southeast Asia Christian College, City of Caloocan",southeast asia christian college city of caloocan metro manila philippines,,14.6580637,120.9839909,google,"42 Monserrat St., MBS, 083 Caloocan City Metro Manila, Caloocan, Metro Manila, Philippines",CLEANED|GEOMETRIC_CENTER
13 - Nat. Capital Region,Datamex College of Saint Adeline-Parañaque,Private,Metro Manila,City of Parañaque,"Datamex College of Saint Adeline-Parañaque, City of Parañaque",datamex college of saint adeline-paranaque city of paranaque metro manila philippines,"Datamex College of Saint Adeline-Parañaque, City of Parañaque, Metro Manila, Philippines",,,,,
13 - Nat. Capital Region,FEU Institute of Technology,Private,Metro Manila,City of Manila,"FEU Institute of Technology, City of Manila",feu institute of technology city of manila metro manila philippines,,14.604119,120.9886247,google,"Padre Paredes St, Sampaloc, Manila, 1015 Metro Manila, Philippines",CLEANED|GEOMETRIC_CENTER
13 - Nat. Capital Region,Makati Science Technological Institute of the Philippines,Private,Metro Manila,City of Manila,"Makati Science Technological Institute of the Philippines, City of Manila",makati science technological institute of the philippines city of manila metro manila philippines,,14.600897,121.0127397,google,"4410 erl bldg, Mesa, Old Sta. Mesa St, Sampaloc, Manila, Metro Manila, Philippines",CLEANED|GEOMETRIC_CENTER
13 - Nat. Capital Region,Electron College of Technical Education,Private,Metro Manila,Quezon City,"Electron College of Technical Education, Quezon City",electron college of technical education quezon city metro manila philippines,,14.698849,121.034194,google,"Electron Tech. Bldg, 664 Quirino Hwy, Novaliches, Quezon City, 1116 Metro Manila, Philippines",CLEANED|ROOFTOP
13 - Nat. Capital Region,Marianum College,Private,Metro Manila,City of Muntinlupa,"Marianum College, City of Muntinlupa",marianum college city of muntinlupa metro manila philippines,,14.378704,121.0534014,google,"146-D Magallanes St, Muntinlupa, Metro Manila, Philippines",CLEANED|ROOFTOP
13 - Nat. Capital Region,Metropolitan Institute of Arts and Sciences,Private,Metro Manila,City of Caloocan,"Metropolitan Institute of Arts and Sciences, City of Caloocan",metropolitan institute of arts and sciences city of caloocan metro manila philippines,,14.7507731,121.0458083,google,"Q22W+883, Caloocan, Metro Manila, Philippines",CLEANED|GEOMETRIC_CENTER
13 - Nat. Capital Region,Sapphire International Aviation Academy,Private,Metro Manila,City of Parañaque,"Sapphire International Aviation Academy, City of Parañaque",sapphire international aviation academy city of paranaque metro manila philippines,,14.4702189,121.0099134,google,"8227 Dr. A. Santos Ave. Westmont Village San Isidro, Parañaque, 1700, F2C6+32W, Paranaque - Sucat Rd, Parañaque, 1700 Metro Manila, Philippines",CLEANED|GEOMETRIC_CENTER
13 - Nat. Capital Region,FEU Alabang,Private,Metro Manila,City of Muntinlupa,"FEU Alabang, City of Muntinlupa",feu alabang city of muntinlupa metro manila philippines,,14.4106849,121.0378417,google,"Corporate Woods cor. South Corporate Avenues, C26Q+545 Wood District, Filinvest City, Muntinlupa, 1781 Metro Manila, Philippines",CLEANED|GEOMETRIC_CENTER
13 - Nat. Capital Region,GK College of Business Arts and Technology,Private,Metro Manila,City of Mandaluyong,"GK College of Business Arts and Technology, City of Mandaluyong",gk college of business arts and technology city of mandaluyong metro manila philippines,,14.5763901,121.0404236,google,"677 Boni cor, Aliw, Mandaluyong City, 1550 Metro Manila, Philippines",CLEANED|GEOMETRIC_CENTER
13 - Nat. Capital Region,NBS College,Private,Metro Manila,Quezon City,"NBS College, Quezon City",nbs college quezon city metro manila philippines,,14.6393057,121.0308294,google,"3rd & 4th floors, Sct. Borromeo corner Quezon Avenue, Diliman, Quezon City, Kalakhang Maynila, Philippines",CLEANED|GEOMETRIC_CENTER
13 - Nat. Capital Region,St. Chamuel College,Private,Metro Manila,City of Taguig,"St. Chamuel College, City of Taguig",street. chamuel college city of taguig metro manila philippines,"St. Chamuel College, City of Taguig, Metro Manila, Philippines",14.5282586,121.0721552,google,"1639 Gen. Luna St, Taguig, 1639 Metro Manila, Philippines",FALLBACK_FULL|ROOFTOP
13 - Nat. Capital Region,College of Saint Amatiel,Private,Metro Manila,City of Malabon,"College of Saint Amatiel, City of Malabon",college of saint amatiel city of malabon metro manila philippines,"College of Saint Amatiel, City of Malabon, Metro Manila, Philippines",,,,,
13 - Nat. Capital Region,South CompEdge College,Private,Metro Manila,City of Parañaque,"South CompEdge College, City of Parañaque",south compedge college city of paranaque metro manila philippines,,14.529923,120.996938,google,"260, 1702 Quirino Ave, Parañaque, 1702 Metro Manila, Philippines",CLEANED|ROOFTOP
13 - Nat. Capital Region,United Christian Academy College of Asia,Private,Metro Manila,City of Parañaque,"United Christian Academy College of Asia, City of Parañaque",united christian academy college of asia city of paranaque metro manila philippines,"United Christian Academy College of Asia, City of Parañaque, Metro Manila, Philippines",,,,,
13 - Nat. Capital Region,Colegio de Muntinlupa,LUC,Metro Manila,City of Muntinlupa,"Colegio de Muntinlupa, City of Muntinlupa",colegio de muntinlupa city of muntinlupa metro manila philippines,,14.4576702,121.0507301,google,"Mayor J.Posadas Ave, Muntinlupa, 1770 Metro Manila, Philippines",CLEANED|GEOMETRIC_CENTER
13 - Nat. Capital Region,Parañaque City College,LUC,Metro Manila,City of Parañaque,"Parañaque City College, City of Parañaque",paranaque city college city of paranaque metro manila philippines,,14.4918213,120.9863619,google,"Coastal Road, cor Victor Medina, Parañaque, 1700 Metro Manila, Philippines",CLEANED|ROOFTOP
13 - Nat. Capital Region,ACLC College of Commonwealth,Private,Metro Manila,Quezon City,"ACLC College of Commonwealth, Quezon City",aclc college of commonwealth quezon city metro manila philippines,,14.6786857,121.0828801,google,"Block 11 Lot 31, Lirio 1 Building, Commonwealth Ave, Quezon City, 1126 Metro Manila, Philippines",CLEANED|GEOMETRIC_CENTER
13 - Nat. Capital Region,ACLC College of Manila,Private,Metro Manila,City of Manila,"ACLC College of Manila, City of Manila",aclc college of manila city of manila metro manila philippines,"ACLC College of Manila, City of Manila, Metro Manila, Philippines",,,,,
13 - Nat. Capital Region,FEU Diliman,Private,Metro Manila,Quezon City,"FEU Diliman, Quezon City",feu diliman quezon city metro manila philippines,,14.6852744,121.0644142,google,"Sampaguita Avenue, Mapayapa Village III, Quezon City, 1101 Metro Manila, Philippines",CLEANED|GEOMETRIC_CENTER
13 - Nat. Capital Region,NU Fairview,Private,Metro Manila,Quezon City,"NU Fairview, Quezon City",nu fairview quezon city metro manila philippines,,14.7329749,121.0603167,google,"SM Fairview Complex, Quirino Hwy, corner Regalado Hwy, Quezon City, Metro Manila, Philippines",CLEANED|ROOFTOP
13 - Nat. Capital Region,St. Francis Technical Institute,Private,Metro Manila,City of Caloocan,"St. Francis Technical Institute, City of Caloocan",street. francis technical institute city of caloocan metro manila philippines,"St. Francis Technical Institute, City of Caloocan, Metro Manila, Philippines",14.745434,121.0536429,google,"5604 Zapote Rd, Caloocan, Metro Manila, Philippines",FALLBACK_FULL|ROOFTOP
13 - Nat. Capital Region,Mandaluyong College of Science and Technology,LUC,Metro Manila,City of Mandaluyong,"Mandaluyong College of Science and Technology, City of Mandaluyong",mandaluyong college of science and technology city of mandaluyong metro manila philippines,,14.5844398,121.0348649,google,"Welfareville Compound, Mandaluyong City, Metro Manila, Philippines",CLEANED|GEOMETRIC_CENTER
13 - Nat. Capital Region,Iglesia ni Cristo (Church of Christ) School for Ministers,Private,Metro Manila,Quezon City,"Iglesia ni Cristo (Church of Christ) School for Ministers, Quezon City",iglesia ni cristo (church of christ) school for ministers quezon city metro manila philippines,"Iglesia ni Cristo (Church of Christ) School for Ministers, Quezon City, Metro Manila, Philippines",,,,,
