REGION,INSTITUTION_NAME,INSTITUTION_TYPE,PROVINCE,MUNICIPALITY_CITY,FULL_ADDRESS,cleaned_query,fallback_query,lat,lon,geocode_provider,formatted_address,quality_note
13 - Nat. Capital Region,Adamson University,Private,Metro Manila,Manila,"Adamson University, Manila, Metro Manila, Philippines",adamson university manila metro manila philippines,,14.5874779,120.9856156,google,"900 San Marcelino St, Ermita, Manila, 1000 Metro Manila, Philippines",CLEANED|ROOFTOP
13 - Nat. Capital Region,Air Link International Aviation College,Private,Metro Manila,Manila,"Air Link International Aviation College, Manila, Metro Manila, Philippines",air link international aviation college manila metro manila philippines,"Air Link International Aviation College, Manila, Metro Manila, Philippines, Metro Manila, Philippines",,,,,
13 - Nat. Capital Region,Alliance Graduate School,Private,Metro Manila,Quezon City,"Alliance Graduate School, Quezon City, Metro Manila, Philippines",alliance graduate school quezon city metro manila philippines,,14.6558774,121.0253717,google,"101 Dangay, Project 7, Quezon City, 1105 Metro Manila, Philippines",CLEANED|ROOFTOP
13 - Nat. Capital Region,AMA Computer College-Makati,Private,Metro Manila,Makati,"AMA Computer College-Makati, Makati, Metro Manila, Philippines",ama computer college-makati makati metro manila philippines,"AMA Computer College-Makati, Makati, Metro Manila, Philippines, Metro Manila, Philippines",,,,,
13 - Nat. Capital Region,AMA Computer University,Private,Metro Manila,Quezon City,"AMA Computer University, Quezon City, Metro Manila, Philippines",ama computer university quezon city metro manila philippines,"AMA Computer University, Quezon City, Metro Manila, Philippines, Metro Manila, Philippines",14.725309,121.060943,google,"AMA Computer University, 16 Regalado Highway, Villa Arca Subdivision, Baesa, Quezon City, 1106 Metro Manila, Philippines",FALLBACK_FULL|GEOMETRIC_CENTER
13 - Nat. Capital Region,Arellano University-Manila,Private,Metro Manila,Manila,"Arellano University-Manila, Manila, Metro Manila, Philippines",arellano university-manila manila metro manila philippines,"Arellano University-Manila, Manila, Metro Manila, Philippines, Metro Manila, Philippines",,,,,
13 - Nat. Capital Region,Arellano University-Malabon,Private,Metro Manila,Malabon,"Arellano University-Malabon, Malabon, Metro Manila, Philippines",arellano university-malabon malabon metro manila philippines,"Arellano University-Malabon, Malabon, Metro Manila, Philippines, Metro Manila, Philippines",,,,,
13 - Nat. Capital Region,Arellano University-Pasay,Private,Metro Manila,Pasay,"Arellano University-Pasay, Pasay, Metro Manila, Philippines",arellano university-pasay pasay metro manila philippines,"Arellano University-Pasay, Pasay, Metro Manila, Philippines, Metro Manila, Philippines",,,,,
13 - Nat. Capital Region,Arellano University-Pasig,Private,Metro Manila,Pasig,"Arellano University-Pasig, Pasig, Metro Manila, Philippines",arellano university-pasig pasig metro manila philippines,"Arellano University-Pasig, Pasig, Metro Manila, Philippines, Metro Manila, Philippines",,,,,
13 - Nat. Capital Region,Asia Pacific College,Private,Metro Manila,Makati,"Asia Pacific College, Makati, Metro Manila, Philippines",asia pacific college makati metro manila philippines,,14.5311124,121.021315,google,"3 Humabon, Makati, 1232 Kalakhang Maynila, Philippines",CLEANED|ROOFTOP
13 - Nat. Capital Region,Asian Institute for Distance Education,Private,Metro Manila,Makati,"Asian Institute for Distance Education, Makati, Metro Manila, Philippines",asian institute for distance education makati metro manila philippines,,14.554779,121.020651,google,"Unit 302 3rd Floor, Greenbelt Mansions, 106 Perea, Legazpi Village, Makati City, 1200 Metro Manila, Philippines",CLEANED|ROOFTOP
13 - Nat. Capital Region,Asian Institute of Journalism and Communication,Private,Metro Manila,Manila,"Asian Institute of Journalism and Communication, Manila, Metro Manila, Philippines",asian institute of journalism and communication manila metro manila philippines,,14.616514,121.000759,google,"2244 España Blvd, Sampaloc, Manila, 1008 Metro Manila, Philippines",CLEANED|ROOFTOP
13 - Nat. Capital Region,Asian Institute of Management,Private,Metro Manila,Makati,"Asian Institute of Management, Makati, Metro Manila, Philippines",asian institute of management makati metro manila philippines,,14.552473,121.018728,google,"123 Paseo de Roxas, Legazpi Village, Makati City, 1229 Metro Manila, Philippines",CLEANED|ROOFTOP
13 - Nat. Capital Region,Asian Institute of Maritime Studies,Private,Metro Manila,Pasay,"Asian Institute of Maritime Studies, Pasay, Metro Manila, Philippines",asian institute of maritime studies pasay metro manila philippines,,14.5461269,120.9922325,google,"Roxas Boulevard, cor Antonio S. Arnaiz Ave, Pasay City, 1302 Metro Manila, Philippines",CLEANED|ROOFTOP
13 - Nat. Capital Region,Asian Social Institute,Private,Metro Manila,Manila,"Asian Social Institute, Manila, Metro Manila, Philippines",asian social institute manila metro manila philippines,,14.5774534,120.9887399,google,"1518 Leon Guinto St, Malate, Manila, 1004 Metro Manila, Philippines",CLEANED|ROOFTOP
13 - Nat. Capital Region,Asian Theological Seminary,Private,Metro Manila,Quezon City,"Asian Theological Seminary, Quezon City, Metro Manila, Philippines",asian theological seminary quezon city metro manila philippines,"Asian Theological Seminary, Quezon City, Metro Manila, Philippines, Metro Manila, Philippines",14.6350544,121.0384971,google,"54 Sct. Madriñan St, Diliman, Quezon City, 1103 Metro Manila, Philippines",FALLBACK_FULL|ROOFTOP
13 - Nat. Capital Region,Assumption College,Private,Metro Manila,Makati,"Assumption College, Makati, Metro Manila, Philippines",assumption college makati metro manila philippines,,14.5468471,121.0218989,google,"Makati City, 1223 Metro Manila, Philippines",CLEANED|GEOMETRIC_CENTER
13 - Nat. Capital Region,Ateneo de Manila University-Quezon City,Private,Metro Manila,Quezon City,"Ateneo de Manila University-Quezon City, Quezon City, Metro Manila, Philippines",ateneo de manila university-quezon city quezon city metro manila philippines,,14.6395704,121.0785779,google,"Katipunan Ave, Quezon City, 1108 Metro Manila, Philippines",CLEANED|GEOMETRIC_CENTER
13 - Nat. Capital Region,Ateneo De Manila University School of Medicine and Public Health,Private,Metro Manila,Pasig,"Ateneo De Manila University School of Medicine and Public Health, Pasig, Metro Manila, Philippines",ateneo de manila university school of medicine and public health pasig metro manila philippines,,14.5905214,121.0703492,google,"Don Eugenio Lopez Sr. Medical Complex, Ortigas Ave, Pasig, 1604 Metro Manila, Philippines",CLEANED|GEOMETRIC_CENTER
13 - Nat. Capital Region,Ateneo de Manila University Graduate School of Business,Private,Metro Manila,Makati,"Ateneo de Manila University Graduate School of Business, Makati, Metro Manila, Philippines",ateneo de manila university graduate school of business makati metro manila philippines,"Ateneo de Manila University Graduate School of Business, Makati, Metro Manila, Philippines, Metro Manila, Philippines",,,,,
13 - Nat. Capital Region,Bernardo College,Private,Metro Manila,Las Piñas,"Bernardo College, Las Piñas, Metro Manila, Philippines",bernardo college las pinas metro manila philippines,,14.4693473,120.9726481,google,"FX9F+P3J, Las Piñas, Metro Manila, Philippines",CLEANED|GEOMETRIC_CENTER
13 - Nat. Capital Region,Biblical Seminary of the Philippines,Private,Metro Manila,Valenzuela,"Biblical Seminary of the Philippines, Valenzuela, Metro Manila, Philippines",biblical seminary of the philippines valenzuela metro manila philippines,,14.6909755,120.9812144,google,"77-B Karuhatan Rd, Valenzuela, 1441 Metro Manila, Philippines",CLEANED|ROOFTOP
13 - Nat. Capital Region,CAP College Foundation,Private,Metro Manila,Makati,"CAP College Foundation, Makati, Metro Manila, Philippines",cap college foundation makati metro manila philippines,,14.5555436,121.014919,google,"126 Amorsolo, corner V.A. Rufino St, Legazpi Village, Makati City, 1229 Metro Manila, Philippines",CLEANED|ROOFTOP
13 - Nat. Capital Region,University of Asia and the Pacific,Private,Metro Manila,Pasig,"University of Asia and the Pacific, Pasig, Metro Manila, Philippines",university of asia and the pacific pasig metro manila philippines,,14.5802953,121.0608408,google,"Pearl Dr, Ortigas Center, Pasig, 1605 Metro Manila, Philippines",CLEANED|GEOMETRIC_CENTER
13 - Nat. Capital Region,Central Colleges of the Philippines,Private,Metro Manila,Quezon City,"Central Colleges of the Philippines, Quezon City, Metro Manila, Philippines",central colleges of the philippines quezon city metro manila philippines,,14.605926,121.0194646,google,"52 Aurora Blvd, Quezon City, 1113 Metro Manila, Philippines",CLEANED|ROOFTOP
13 - Nat. Capital Region,Centro Escolar University-Manila,Private,Metro Manila,Manila,"Centro Escolar University-Manila, Manila, Metro Manila, Philippines",centro escolar university-manila manila metro manila philippines,,14.5988806,120.9917563,google,"9 Mendiola St, San Miguel, Manila, 1008 Metro Manila, Philippines",CLEANED|ROOFTOP
13 - Nat. Capital Region,Chiang Kai Shek College,Private,Metro Manila,Manila,"Chiang Kai Shek College, Manila, Metro Manila, Philippines",chiang kai shek college manila metro manila philippines,,14.6076248,120.9767277,google,"1274 Padre Algue St, Tondo, Manila, 1012 Metro Manila, Philippines",CLEANED|ROOFTOP
13 - Nat. Capital Region,Chinese General Hospital Colleges,Private,Metro Manila,Manila,"Chinese General Hospital Colleges, Manila, Metro Manila, Philippines",chinese general hospital colleges manila metro manila philippines,,14.625192,120.988138,google,"286 Blumentritt Rd, Santa Cruz, Manila, 1014 Metro Manila, Philippines",CLEANED|ROOFTOP
13 - Nat. Capital Region,Saint Anthony Mary Claret College,Private,Metro Manila,Quezon City,"Saint Anthony Mary Claret College, Quezon City, Metro Manila, Philippines",saint anthony mary claret college quezon city metro manila philippines,,14.666715,121.0486194,google,"Sanville Subdivision, 48 Cenacle Dr, Tandang Sora, Quezon City, 1107 Metro Manila, Philippines",CLEANED|ROOFTOP
13 - Nat. Capital Region,Colegio de San Juan de Letran,Private,Metro Manila,Manila,"Colegio de San Juan de Letran, Manila, Metro Manila, Philippines",colegio de san juan de letran manila metro manila philippines,,14.5936796,120.9771474,google,"151 Muralla St, Intramuros, Manila, 1002 Metro Manila, Philippines",CLEANED|ROOFTOP
13 - Nat. Capital Region,Concordia College,Private,Metro Manila,Manila,"Concordia College, Manila, Metro Manila, Philippines",concordia college manila metro manila philippines,,14.5811455,121.002543,google,"1739 Pedro Gil St, Paco, Manila, 1007 Metro Manila, Philippines",CLEANED|ROOFTOP
13 - Nat. Capital Region,De La Salle University-Manila,Private,Metro Manila,Manila,"De La Salle University-Manila, Manila, Metro Manila, Philippines",de la salle university-manila manila metro manila philippines,,14.5647642,120.9931652,google,"2401 Taft Ave, Malate, Manila, 1004 Metro Manila, Philippines",CLEANED|ROOFTOP
13 - Nat. Capital Region,De Ocampo Memorial College,Private,Metro Manila,Manila,"De Ocampo Memorial College, Manila, Metro Manila, Philippines",de ocampo memorial college manila metro manila philippines,,14.6001177,120.9995874,google,"3200 Nagtahan corner Magsaysay Boulevard, Santa Mesa, Manila, Santa Mesa, Manila, 1008 Metro Manila, Philippines",CLEANED|GEOMETRIC_CENTER
13 - Nat. Capital Region,Divine Word Mission Seminary,Private,Metro Manila,Quezon City,"Divine Word Mission Seminary, Quezon City, Metro Manila, Philippines",divine word mission seminary quezon city metro manila philippines,,14.624224,121.030472,google,"101 E Rodriguez Sr. Ave, Quezon City, 1112 Metro Manila, Philippines",CLEANED|ROOFTOP
13 - Nat. Capital Region,De La Salle-College of Saint Benilde,Private,Metro Manila,Manila,"De La Salle-College of Saint Benilde, Manila, Metro Manila, Philippines",de la salle-college of saint benilde manila metro manila philippines,,14.5638473,120.9947909,google,"2544 Taft Ave, Malate, Manila, 1004 Metro Manila, Philippines",CLEANED|ROOFTOP
13 - Nat. Capital Region,Dominican College,Private,Metro Manila,San Juan,"Dominican College, San Juan, Metro Manila, Philippines",dominican college san juan metro manila philippines,,14.5984181,121.0300945,google,"179 F. Blumentritt, San Juan City, 1500 Metro Manila, Philippines",CLEANED|ROOFTOP
13 - Nat. Capital Region,Don Bosco Technical College,Private,Metro Manila,Mandaluyong,"Don Bosco Technical College, Mandaluyong, Metro Manila, Philippines",don bosco technical college mandaluyong metro manila philippines,,14.5903915,121.0252637,google,"736 Gen Kalentong, Mandaluyong City, 1550 Metro Manila, Philippines",CLEANED|ROOFTOP
13 - Nat. Capital Region,Dr. Carlos S. Lanting College,Private,Metro Manila,Quezon City,"Dr. Carlos S. Lanting College, Quezon City, Metro Manila, Philippines",dr. carlos s. lanting college quezon city metro manila philippines,,14.6796594,121.0206033,google,"16 Tandang Sora Ave, Novaliches, Quezon City, 1116 Metro Manila, Philippines",CLEANED|ROOFTOP
13 - Nat. Capital Region,Emilio Aguinaldo College,Private,Metro Manila,Manila,"Emilio Aguinaldo College, Manila, Metro Manila, Philippines",emilio aguinaldo college manila metro manila philippines,,14.582867,120.9871053,google,"1113 San Marcelino St, Paco, Manila, Metro Manila, Philippines",CLEANED|ROOFTOP
13 - Nat. Capital Region,"Eulogio ""Amang"" Rodriguez Institute of Science and Technology",SUC,Metro Manila,Manila,"Eulogio ""Amang"" Rodriguez Institute of Science and Technology, Manila, Metro Manila, Philippines","eulogio ""amang"" rodriguez institute of science and technology manila metro manila philippines",,14.5990138,121.001255,google,"H2X2+JG2, Nagtahan St, Sampaloc, Manila, 1008 Metro Manila, Philippines",CLEANED|GEOMETRIC_CENTER
13 - Nat. Capital Region,Far Eastern University,Private,Metro Manila,Manila,"Far Eastern University, Manila, Metro Manila, Philippines",far eastern university manila metro manila philippines,,14.603738,120.9864748,google,"Nicanor Reyes Sr, Street, Sampaloc, Manila, 1008 Metro Manila, Philippines",CLEANED|GEOMETRIC_CENTER
13 - Nat. Capital Region,FEATI University,Private,Metro Manila,Manila,"FEATI University, Manila, Metro Manila, Philippines",feati university manila metro manila philippines,,14.5972018,120.9818168,google,"Helios Street Sta. Cruz, HXWJ+VPP, Quiapo, Manila, 1001 Metro Manila, Philippines",CLEANED|GEOMETRIC_CENTER
13 - Nat. Capital Region,Febias College of Bible,Private,Metro Manila,Valenzuela,"Febias College of Bible, Valenzuela, Metro Manila, Philippines",febias college of bible valenzuela metro manila philippines,,14.6883445,120.9806333,google,"2 Karuhatan Rd, Valenzuela, Metro Manila, Philippines",CLEANED|ROOFTOP
13 - Nat. Capital Region,FEU-FERN College,Private,Metro Manila,Quezon City,"FEU-FERN College, Quezon City, Metro Manila, Philippines",feu-fern college quezon city metro manila philippines,,14.6852744,121.0644142,google,"Sampaguita Avenue, Mapayapa Village III, Quezon City, 1101 Metro Manila, Philippines",CLEANED|GEOMETRIC_CENTER
13 - Nat. Capital Region,FEU-Dr. Nicanor Reyes Medical Foundation,Private,Metro Manila,Quezon City,"FEU-Dr. Nicanor Reyes Medical Foundation, Quezon City, Metro Manila, Philippines",feu-dr. nicanor reyes medical foundation quezon city metro manila philippines,"FEU-Dr. Nicanor Reyes Medical Foundation, Quezon City, Metro Manila, Philippines, Metro Manila, Philippines",,,,,
13 - Nat. Capital Region,Governor Andres Pascual College,Private,Metro Manila,Navotas,"Governor Andres Pascual College, Navotas, Metro Manila, Philippines",governor andres pascual college navotas metro manila philippines,,14.6636427,120.9444687,google,"1045 M. Naval St, Navotas, 1485 Metro Manila, Philippines",CLEANED|ROOFTOP
13 - Nat. Capital Region,Greenville College,Private,Metro Manila,Pasig,"Greenville College, Pasig, Metro Manila, Philippines",greenville college pasig metro manila philippines,,14.6088299,121.0975981,google,"112 Belfast, Pasig, Metro Manila, Philippines",CLEANED|ROOFTOP
13 - Nat. Capital Region,De La Salle-Araneta University,Private,Metro Manila,Malabon,"De La Salle-Araneta University, Malabon, Metro Manila, Philippines",de la salle-araneta university malabon metro manila philippines,,14.6711938,120.9985612,google,"Salvador Araneta Campus, 303 Victoneta Ave, Malabon, 1475 Metro Manila, Philippines",CLEANED|ROOFTOP
13 - Nat. Capital Region,Holy Rosary College Foundation,Private,Metro Manila,Caloocan,"Holy Rosary College Foundation, Caloocan, Metro Manila, Philippines",holy rosary college foundation caloocan metro manila philippines,,14.7684889,121.0595638,google,"Fr. Hofstee St., Tala, Caloocan, 1427 Metro Manila, Philippines",CLEANED|GEOMETRIC_CENTER
13 - Nat. Capital Region,Institute of Community and Family Health,Private,Metro Manila,Quezon City,"Institute of Community and Family Health, Quezon City, Metro Manila, Philippines",institute of community and family health quezon city metro manila philippines,,14.6211433,121.0091847,google,"4th Floor, Medical Arts Building, 11 Banawe Street, Corner 1113, Cardiz, Quezon City, Metro Manila, Philippines",CLEANED|GEOMETRIC_CENTER
13 - Nat. Capital Region,Institute of Formation and Religious Studies,Private,Metro Manila,Manila,"Institute of Formation and Religious Studies, Manila, Metro Manila, Philippines",institute of formation and religious studies manila metro manila philippines,"Institute of Formation and Religious Studies, Manila, Metro Manila, Philippines, Metro Manila, Philippines",,,,,
13 - Nat. Capital Region,Interface Computer College-Manila,Private,Metro Manila,Manila,"Interface Computer College-Manila, Manila, Metro Manila, Philippines",interface computer college-manila manila metro manila philippines,,14.6028849,120.986107,google,"1881 Henry Yang Complex, Recto Ave, Sampaloc, Manila, 1008 Metro Manila, Philippines",CLEANED|GEOMETRIC_CENTER
13 - Nat. Capital Region,International Baptist College,Private,Metro Manila,Mandaluyong,"International Baptist College, Mandaluyong, Metro Manila, Philippines",international baptist college mandaluyong metro manila philippines,,14.575662,121.047232,google,"474 Arayat, Brgy. Malamig, Mandaluyong City, 1550 Kalakhang Maynila, Philippines",CLEANED|ROOFTOP
13 - Nat. Capital Region,International Graduate School of Leadership,Private,Metro Manila,Quezon City,"International Graduate School of Leadership, Quezon City, Metro Manila, Philippines",international graduate school of leadership quezon city metro manila philippines,,14.6873579,121.0339857,google,"12 Daisy Road, 110 Old Sauyo Rd, Novaliches, Quezon City, Metro Manila, Philippines",CLEANED|ROOFTOP
13 - Nat. Capital Region,Jose Rizal University,Private,Metro Manila,Mandaluyong,"Jose Rizal University, Mandaluyong, Metro Manila, Philippines",jose rizal university mandaluyong metro manila philippines,,14.5925264,121.0285593,google,"80 Shaw Blvd, Mandaluyong City, 1552 Metro Manila, Philippines",CLEANED|ROOFTOP
13 - Nat. Capital Region,University of Caloocan City,LUC,Metro Manila,Caloocan,"University of Caloocan City, Caloocan, Metro Manila, Philippines",university of caloocan city caloocan metro manila philippines,"University of Caloocan City, Caloocan, Metro Manila, Philippines, Metro Manila, Philippines",,,,,
13 - Nat. Capital Region,La Consolacion College-Manila,Private,Metro Manila,Manila,"La Consolacion College-Manila, Manila, Metro Manila, Philippines",la consolacion college-manila manila metro manila philippines,,14.5973897,120.9929004,google,"8 Mendiola St, San Miguel, Manila, 1005 Metro Manila, Philippines",CLEANED|ROOFTOP
13 - Nat. Capital Region,La Consolacion College-Caloocan,Private,Metro Manila,Caloocan,"La Consolacion College-Caloocan, Caloocan, Metro Manila, Philippines",la consolacion college-caloocan caloocan metro manila philippines,"La Consolacion College-Caloocan, Caloocan, Metro Manila, Philippines, Metro Manila, Philippines",,,,,
13 - Nat. Capital Region,Lacson College,Private,Metro Manila,Pasay,"Lacson College, Pasay, Metro Manila, Philippines",lacson college pasay metro manila philippines,,14.5567667,120.9957732,google,"1834 Donada, Manila, 1300 Kalakhang Maynila, Philippines",CLEANED|ROOFTOP
13 - Nat. Capital Region,Centro Escolar Las Piñas,Private,Metro Manila,Las Piñas,"Centro Escolar Las Piñas, Las Piñas, Metro Manila, Philippines",centro escolar las pinas las pinas metro manila philippines,,14.4257924,121.0128924,google,"Pilar Rd, Las Piñas, 1750 Metro Manila, Philippines",CLEANED|GEOMETRIC_CENTER
13 - Nat. Capital Region,Regis Marie College,Private,Metro Manila,Parañaque,"Regis Marie College, Parañaque, Metro Manila, Philippines",regis marie college paranaque metro manila philippines,,14.4767496,121.0015305,google,"Villanueva Village Basketball Court, Lire Ln, Parañaque, 1709 Metro Manila, Philippines",CLEANED|ROOFTOP
13 - Nat. Capital Region,Lyceum of the Philippines University,Private,Metro Manila,Manila,"Lyceum of the Philippines University, Manila, Metro Manila, Philippines",lyceum of the philippines university manila metro manila philippines,,14.5915772,120.9777733,google,"Muralla St, Intramuros, Manila, 1002 Metro Manila, Philippines",CLEANED|GEOMETRIC_CENTER
13 - Nat. Capital Region,City of Malabon University,LUC,Metro Manila,Malabon,"City of Malabon University, Malabon, Metro Manila, Philippines",city of malabon university malabon metro manila philippines,,14.6537811,120.9601605,google,"Pampano St, Maya-Maya St, Malabon, Metro Manila, Philippines",CLEANED|GEOMETRIC_CENTER
13 - Nat. Capital Region,Manila Central University,Private,Metro Manila,Caloocan,"Manila Central University, Caloocan, Metro Manila, Philippines",manila central university caloocan metro manila philippines,,14.6590004,120.9862475,google,"Manila Central University, Epifanio de los Santos Ave, Morning Breeze Subdivision, Caloocan, 1400 Metro Manila, Philippines",CLEANED|ROOFTOP
13 - Nat. Capital Region,Manila Tytana Colleges,Private,Metro Manila,Pasay,"Manila Tytana Colleges, Pasay, Metro Manila, Philippines",manila tytana colleges pasay metro manila philippines,,14.5404574,120.9876894,google,"Metropolitan Park, President, 1302 Diosdado Macapagal Blvd, Pasay City, 1300 Metro Manila, Philippines",CLEANED|ROOFTOP
13 - Nat. Capital Region,Manila Law College,Private,Metro Manila,,,metro manila philippines,,,,,,
13 - Nat. Capital Region,Manila Adventist College,Private,Metro Manila,Pasay,"Manila Adventist College, Pasay, Metro Manila, Philippines",manila adventist college pasay metro manila philippines,,14.5555351,120.9951149,google,"1975 San Juan, Pasay City, 1300 Kalakhang Maynila, Philippines",CLEANED|ROOFTOP
13 - Nat. Capital Region,Manila Theological College,Private,Metro Manila,Manila,"Manila Theological College, Manila, Metro Manila, Philippines",manila theological college manila metro manila philippines,,14.612114,120.984072,google,"1671 MBC Bldg., Sta. Cruz Alvarez St, Santa Cruz, Manila, 1003 Metro Manila, Philippines",CLEANED|ROOFTOP
13 - Nat. Capital Region,Manuel L. Quezon University,Private,Metro Manila,Quezon City,"Manuel L. Quezon University, Quezon City, Metro Manila, Philippines",manuel l. quezon university quezon city metro manila philippines,,14.6356427,121.0437983,google,"790 Epifanio de los Santos Ave, Diliman, Quezon City, 1103 Metro Manila, Philippines",CLEANED|ROOFTOP
13 - Nat. Capital Region,Mapua University-Manila,Private,Metro Manila,Manila,"Mapua University-Manila, Manila, Metro Manila, Philippines",mapua university-manila manila metro manila philippines,,14.5904883,120.9779484,google,"658 Muralla St, Intramuros, Manila, 1002 Metro Manila, Philippines",CLEANED|ROOFTOP
13 - Nat. Capital Region,Mapua University-Makati,Private,Metro Manila,Makati,"Mapua University-Makati, Makati, Metro Manila, Philippines",mapua university-makati makati metro manila philippines,,14.5664448,121.0150497,google,"1191 Pablo Ocampo Sr. Ext, Makati City, Metro Manila, Philippines",CLEANED|ROOFTOP
13 - Nat. Capital Region,Marikina Polytechnic College,SUC,Metro Manila,Marikina,"Marikina Polytechnic College, Marikina, Metro Manila, Philippines",marikina polytechnic college marikina metro manila philippines,,14.6323331,121.0986601,google,"2 J. Chanyungco St, Marikina, 1800 Metro Manila, Philippines",CLEANED|ROOFTOP
13 - Nat. Capital Region,Martinez Memorial College,Private,Metro Manila,Caloocan,"Martinez Memorial College, Caloocan, Metro Manila, Philippines",martinez memorial college caloocan metro manila philippines,,14.6385269,120.9757766,google,"JXQG+C86, A. Mabini St, Maypajo, Manila, Metro Manila, Philippines",CLEANED|GEOMETRIC_CENTER
13 - Nat. Capital Region,Mary Chiles College,Private,Metro Manila,Manila,"Mary Chiles College, Manila, Metro Manila, Philippines",mary chiles college manila metro manila philippines,,14.603641,120.989787,google,"667 Dalupan St, Sampaloc, Manila, 1008 Metro Manila, Philippines",CLEANED|ROOFTOP
13 - Nat. Capital Region,CICM Maryhill School of Theology,Private,Metro Manila,Quezon City,"CICM Maryhill School of Theology, Quezon City, Metro Manila, Philippines",cicm maryhill school of theology quezon city metro manila philippines,,14.6229276,121.0285972,google,"62 14th St, corner Gilmore Ave, Quezon City, 1112 Metro Manila, Philippines",CLEANED|ROOFTOP
13 - Nat. Capital Region,Metro Business College-Pasay,Private,Metro Manila,Pasay,"Metro Business College-Pasay, Pasay, Metro Manila, Philippines",metro business college-pasay pasay metro manila philippines,"Metro Business College-Pasay, Pasay, Metro Manila, Philippines, Metro Manila, Philippines",,,,,
13 - Nat. Capital Region,Metro Manila College,Private,Metro Manila,Quezon City,"Metro Manila College, Quezon City, Metro Manila, Philippines",metro manila college quezon city metro manila philippines,,14.7266762,121.0435247,google,"Jordan Plaines Subdivision, 1736 Joel, Novaliches, Quezon City, 1124 Metro Manila, Philippines",CLEANED|ROOFTOP
13 - Nat. Capital Region,Metropolitan Medical Center College of Arts Science and Technology,Private,Metro Manila,Manila,"Metropolitan Medical Center College of Arts Science and Technology, Manila, Metro Manila, Philippines",metropolitan medical center college of arts science and technology manila metro manila philippines,"Metropolitan Medical Center College of Arts Science and Technology, Manila, Metro Manila, Philippines, Metro Manila, Philippines",,,,,
13 - Nat. Capital Region,Miriam College,Private,Metro Manila,Quezon City,"Miriam College, Quezon City, Metro Manila, Philippines",miriam college quezon city metro manila philippines,"Miriam College, Quezon City, Metro Manila, Philippines, Metro Manila, Philippines",,,,,
13 - Nat. Capital Region,Mother of Life Center,Private,Metro Manila,Quezon City,"Mother of Life Center, Quezon City, Metro Manila, Philippines",mother of life center quezon city metro manila philippines,,14.7306719,121.036182,google,"123 Susano Rd, Novaliches, Quezon City, 1117 Metro Manila, Philippines",CLEANED|ROOFTOP
13 - Nat. Capital Region,Pamantasan ng Lungsod ng Muntinlupa,LUC,Metro Manila,Muntinlupa,"Pamantasan ng Lungsod ng Muntinlupa, Muntinlupa, Metro Manila, Philippines",pamantasan ng lungsod ng muntinlupa muntinlupa metro manila philippines,,14.3892443,121.025428,google,"92QG+M5V, University Rd, Muntinlupa, 1772 Metro Manila, Philippines",CLEANED|GEOMETRIC_CENTER
13 - Nat. Capital Region,NAMEI Polytechnic Institute,Private,Metro Manila,Manila,"NAMEI Polytechnic Institute, Manila, Metro Manila, Philippines",namei polytechnic institute manila metro manila philippines,,14.5876299,121.0238316,google,"123 A. Mabini, Mandaluyong City, 1550 Kalakhang Maynila, Philippines",CLEANED|ROOFTOP
13 - Nat. Capital Region,National College of Business and Arts-Cubao,Private,Metro Manila,Quezon City,"National College of Business and Arts-Cubao, Quezon City, Metro Manila, Philippines",national college of business and arts-cubao quezon city metro manila philippines,,14.628481,121.067901,google,"994 Aurora Blvd, Project 4, Quezon City, 1109 Metro Manila, Philippines",CLEANED|ROOFTOP
13 - Nat. Capital Region,National College of Business and Arts-Fairview,Private,Metro Manila,Quezon City,"National College of Business and Arts-Fairview, Quezon City, Metro Manila, Philippines",national college of business and arts-fairview quezon city metro manila philippines,,14.705871,121.068024,google,"Commonwealth Ave, cor Regalado St, Quezon City, Metro Manila, Philippines",CLEANED|ROOFTOP
13 - Nat. Capital Region,The National Teachers College,Private,Metro Manila,Manila,"The National Teachers College, Manila, Metro Manila, Philippines",the national teachers college manila metro manila philippines,,14.5980765,120.9892381,google,"629 J Nepomuceno St, Quiapo, Manila, 1001 Metro Manila, Philippines",CLEANED|ROOFTOP
13 - Nat. Capital Region,National University,Private,Metro Manila,Manila,"National University, Manila, Metro Manila, Philippines",national university manila metro manila philippines,,14.6043164,120.9946287,google,"551 F Jhocson St, Sampaloc, Manila, 1008 Metro Manila, Philippines",CLEANED|ROOFTOP
13 - Nat. Capital Region,Navotas Polytechnic College,LUC,Metro Manila,Navotas,"Navotas Polytechnic College, Navotas, Metro Manila, Philippines",navotas polytechnic college navotas metro manila philippines,,14.6446113,120.9565317,google,"JXV4+RJV, Bangus St, Navotas, Metro Manila, Philippines",CLEANED|GEOMETRIC_CENTER
13 - Nat. Capital Region,New Era University,Private,Metro Manila,Quezon City,"New Era University, Quezon City, Metro Manila, Philippines",new era university quezon city metro manila philippines,,14.6639296,121.0580764,google,"9 Central Ave, Quezon City, 1107 Metro Manila, Philippines",CLEANED|ROOFTOP
13 - Nat. Capital Region,Olivarez College,Private,Metro Manila,Parañaque,"Olivarez College, Parañaque, Metro Manila, Philippines",olivarez college paranaque metro manila philippines,"Olivarez College, Parañaque, Metro Manila, Philippines, Metro Manila, Philippines",14.4788387,120.9962295,google,"Dr Arcadio Santos Ave, Parañaque, 1700 Metro Manila, Philippines",FALLBACK_FULL|GEOMETRIC_CENTER
13 - Nat. Capital Region,Our Lady of Fatima University-Valenzuela,Private,Metro Manila,Valenzuela,"Our Lady of Fatima University-Valenzuela, Valenzuela, Metro Manila, Philippines",our lady of fatima university-valenzuela valenzuela metro manila philippines,"Our Lady of Fatima University-Valenzuela, Valenzuela, Metro Manila, Philippines, Metro Manila, Philippines",,,,,
13 - Nat. Capital Region,Our Lady of Lourdes College,Private,Metro Manila,Valenzuela,"Our Lady of Lourdes College, Valenzuela, Metro Manila, Philippines",our lady of lourdes college valenzuela metro manila philippines,,14.6876379,120.9977856,google,"5031 Gen. T. de Leon, Valenzuela, 1442 Metro Manila, Philippines",CLEANED|ROOFTOP
13 - Nat. Capital Region,Our Lady of the Angels Seminary,Private,Metro Manila,Quezon City,"Our Lady of the Angels Seminary, Quezon City, Metro Manila, Philippines",our lady of the angels seminary quezon city metro manila philippines,,14.6981051,121.0384206,google,"1116 Seminary Rd, Quezon City, Metro Manila, Philippines",CLEANED|ROOFTOP
13 - Nat. Capital Region,PACE Graduate School of Christian Education,Private,Metro Manila,Quezon City,"PACE Graduate School of Christian Education, Quezon City, Metro Manila, Philippines",pace graduate school of christian education quezon city metro manila philippines,"PACE Graduate School of Christian Education, Quezon City, Metro Manila, Philippines, Metro Manila, Philippines",,,,,
13 - Nat. Capital Region,Pamantasan ng Lungsod ng Maynila,LUC,Metro Manila,Manila,"Pamantasan ng Lungsod ng Maynila, Manila, Metro Manila, Philippines",pamantasan ng lungsod ng maynila manila metro manila philippines,,14.58679,120.9761774,google,"General Luna, corner Muralla St, Intramuros, Manila, 1002 Metro Manila, Philippines",CLEANED|ROOFTOP
13 - Nat. Capital Region,City University of Pasay,LUC,Metro Manila,Pasay,"City University of Pasay, Pasay, Metro Manila, Philippines",city university of pasay pasay metro manila philippines,,14.544356,120.995515,google,"GXVW+P6R, Pasadena, Pasay City, 1702 Metro Manila, Philippines",CLEANED|GEOMETRIC_CENTER
13 - Nat. Capital Region,University of Makati,LUC,Metro Manila,Taguig,"University of Makati, Taguig, Metro Manila, Philippines",university of makati taguig metro manila philippines,,14.5633428,121.0565387,google,"Dr Jose P. Rizal Ext, West Rembo, Makati City, 1644 Metro Manila, Philippines",CLEANED|GEOMETRIC_CENTER
13 - Nat. Capital Region,Pasig Catholic College,Private,Metro Manila,Pasig,"Pasig Catholic College, Pasig, Metro Manila, Philippines",pasig catholic college pasig metro manila philippines,,14.5600259,121.0767141,google,"Plaza Rizal, Justice Ramon Jabson, Pasig, 1600 Metro Manila, Philippines",CLEANED|ROOFTOP
13 - Nat. Capital Region,PATTS College of Aeronautics,Private,Metro Manila,Parañaque,"PATTS College of Aeronautics, Parañaque, Metro Manila, Philippines",patts college of aeronautics paranaque metro manila philippines,,14.4746333,121.006275,google,"F2F4+VG2, Lombos St, Parañaque, 1700 Metro Manila, Philippines",CLEANED|GEOMETRIC_CENTER
13 - Nat. Capital Region,Perpetual Help College of Manila,Private,Metro Manila,Manila,"Perpetual Help College of Manila, Manila, Metro Manila, Philippines",perpetual help college of manila manila metro manila philippines,,14.6126069,120.9879594,google,"1240 Concepcion St, Sampaloc, Manila, 1008 Metro Manila, Philippines",CLEANED|ROOFTOP
13 - Nat. Capital Region,University of Perpetual Help System Dalta,Private,Metro Manila,Las Piñas,"University of Perpetual Help System Dalta, Las Piñas, Metro Manila, Philippines",university of perpetual help system dalta las pinas metro manila philippines,,14.4507963,120.985415,google,"Alabang–Zapote Rd, Las Piñas, 1740 Metro Manila, Philippines",CLEANED|GEOMETRIC_CENTER
13 - Nat. Capital Region,Philippine Dominican Center of Institutional Studies,Private,Metro Manila,Quezon City,"Philippine Dominican Center of Institutional Studies, Quezon City, Metro Manila, Philippines",philippine dominican center of institutional studies quezon city metro manila philippines,,14.6255708,121.0096618,google,"J2G5+6VF, Biak na Bato, Quezon City, Kalakhang Maynila, Philippines",CLEANED|GEOMETRIC_CENTER
13 - Nat. Capital Region,Philippine Christian University,Private,Metro Manila,Manila,"Philippine Christian University, Manila, Metro Manila, Philippines",philippine christian university manila metro manila philippines,,14.5760244,120.9886873,google,"1648 Taft Ave, Malate, Manila, 1004 Metro Manila, Philippines",CLEANED|ROOFTOP
13 - Nat. Capital Region,Philippine College of Criminology,Private,Metro Manila,Manila,"Philippine College of Criminology, Manila, Metro Manila, Philippines",philippine college of criminology manila metro manila philippines,,14.60159,120.982942,google,"641 Sales St, Quiapo, Manila, 1001 Metro Manila, Philippines",CLEANED|ROOFTOP
13 - Nat. Capital Region,Philippine College of Health Sciences,Private,Metro Manila,Manila,"Philippine College of Health Sciences, Manila, Metro Manila, Philippines",philippine college of health sciences manila metro manila philippines,,14.6031808,120.9854244,google,"1813 Recto Ave, Sampaloc, Manila, 1008 Metro Manila, Philippines",CLEANED|ROOFTOP
13 - Nat. Capital Region,St. Louis College-Valenzuela,Private,Metro Manila,Valenzuela,"St. Louis College-Valenzuela, Valenzuela, Metro Manila, Philippines",street. louis college-valenzuela valenzuela metro manila philippines,"St. Louis College-Valenzuela, Valenzuela, Metro Manila, Philippines, Metro Manila, Philippines",14.696151,120.9715312,google,"1443 Maysan Rd, Valenzuela, Metro Manila, Philippines",FALLBACK_FULL|ROOFTOP
13 - Nat. Capital Region,Philippine Law School,Private,Metro Manila,,,metro manila philippines,,,,,,
13 - Nat. Capital Region,Philippine Merchant Marine School-Manila,Private,Metro Manila,Manila,"Philippine Merchant Marine School-Manila, Manila, Metro Manila, Philippines",philippine merchant marine school-manila manila metro manila philippines,,14.6067306,120.9819275,google,"1571 Lope de Vega St, Santa Cruz, Manila, 1000 Metro Manila, Philippines",CLEANED|ROOFTOP
13 - Nat. Capital Region,Philippine Merchant Marine School-Las Piñas,Private,Metro Manila,Las Piñas,"Philippine Merchant Marine School-Las Piñas, Las Piñas, Metro Manila, Philippines",philippine merchant marine school-las pinas las pinas metro manila philippines,,14.4375726,121.0035215,google,"C2Q3+2CC, Valley Road, Las Piñas, 1747 Metro Manila, Philippines",CLEANED|GEOMETRIC_CENTER
13 - Nat. Capital Region,Philippine Normal University-Main,SUC,Metro Manila,Manila,"Philippine Normal University-Main, Manila, Metro Manila, Philippines",philippine normal university-main manila metro manila philippines,"Philippine Normal University-Main, Manila, Metro Manila, Philippines, Metro Manila, Philippines",,,,,
13 - Nat. Capital Region,Philippine School of Business Administration-Quezon City,Private,Metro Manila,Quezon City,"Philippine School of Business Administration-Quezon City, Quezon City, Metro Manila, Philippines",philippine school of business administration-quezon city quezon city metro manila philippines,,14.6295681,121.0731431,google,"1029, J3HF+Q6R, Aurora Blvd, Quezon City, Kalakhang Maynila, Philippines",CLEANED|GEOMETRIC_CENTER
13 - Nat. Capital Region,Philippine School of Business Administration-Manila,Private,Metro Manila,Manila,"Philippine School of Business Administration-Manila, Manila, Metro Manila, Philippines",philippine school of business administration-manila manila metro manila philippines,"Philippine School of Business Administration-Manila, Manila, Metro Manila, Philippines, Metro Manila, Philippines",14.6295681,121.0731431,google,"1029, J3HF+Q6R, Aurora Blvd, Quezon City, Kalakhang Maynila, Philippines",FALLBACK_FULL|GEOMETRIC_CENTER
13 - Nat. Capital Region,Philippine State College of Aeronautics-Main,SUC,Metro Manila,Pasay,"Philippine State College of Aeronautics-Main, Pasay, Metro Manila, Philippines",philippine state college of aeronautics-main pasay metro manila philippines,"Philippine State College of Aeronautics-Main, Pasay, Metro Manila, Philippines, Metro Manila, Philippines",,,,,
13 - Nat. Capital Region,The Philippine Women's University-Manila,Private,Metro Manila,Manila,"The Philippine Women's University-Manila, Manila, Metro Manila, Philippines",the philippine women's university-manila manila metro manila philippines,"The Philippine Women's University-Manila, Manila, Metro Manila, Philippines, Metro Manila, Philippines",,,,,
13 - Nat. Capital Region,PHILSIN College Foundation,Private,Metro Manila,Manila,"PHILSIN College Foundation, Manila, Metro Manila, Philippines",philsin college foundation manila metro manila philippines,,14.6017565,121.0029375,google,"3153 R. Magsaysay Blvd Sta. Mesa, 628, Manila, 1016 Metro Manila, Philippines",CLEANED|ROOFTOP
13 - Nat. Capital Region,PMI Colleges-Manila,Private,Metro Manila,Manila,"PMI Colleges-Manila, Manila, Metro Manila, Philippines",pmi colleges-manila manila metro manila philippines,,14.5996494,120.9785156,google,"419 Burke St, Binondo, Manila, 1006 Metro Manila, Philippines",CLEANED|ROOFTOP
13 - Nat. Capital Region,PMI Colleges-Quezon City,Private,Metro Manila,Quezon City,"PMI Colleges-Quezon City, Quezon City, Metro Manila, Philippines",pmi colleges-quezon city quezon city metro manila philippines,,14.6341129,121.0177614,google,"73 Fernando Poe Jr. Ave, Quezon City, 1104 Metro Manila, Philippines",CLEANED|ROOFTOP
13 - Nat. Capital Region,Polytechnic University of the Philippines,SUC,Metro Manila,Manila,"Polytechnic University of the Philippines, Manila, Metro Manila, Philippines",polytechnic university of the philippines manila metro manila philippines,"Polytechnic University of the Philippines, Manila, Metro Manila, Philippines, Metro Manila, Philippines",14.5979292,121.0107556,google,"1016 Anonas, Santa Mesa, Manila, Kalakhang Maynila, Philippines",FALLBACK_FULL|ROOFTOP
13 - Nat. Capital Region,Polytechnic University of the Philippines-San Juan Campus,SUC,Metro Manila,San Juan,"Polytechnic University of the Philippines-San Juan Campus, San Juan, Metro Manila, Philippines",polytechnic university of the philippines-san juan campus san juan metro manila philippines,"Polytechnic University of the Philippines-San Juan Campus, San Juan, Metro Manila, Philippines, Metro Manila, Philippines",,,,,
13 - Nat. Capital Region,Polytechnic University of the Philippines-Parañaque Campus,SUC,Metro Manila,Parañaque,"Polytechnic University of the Philippines-Parañaque Campus, Parañaque, Metro Manila, Philippines",polytechnic university of the philippines-paranaque campus paranaque metro manila philippines,"Polytechnic University of the Philippines-Parañaque Campus, Parañaque, Metro Manila, Philippines, Metro Manila, Philippines",,,,,
13 - Nat. Capital Region,Polytechnic University of the Philippines-Taguig,SUC,Metro Manila,Taguig,"Polytechnic University of the Philippines-Taguig, Taguig, Metro Manila, Philippines",polytechnic university of the philippines-taguig taguig metro manila philippines,,14.4887593,121.0511705,google,"F3Q2+GF3, General Santos Ave, Taguig, Metro Manila, Philippines",CLEANED|GEOMETRIC_CENTER
13 - Nat. Capital Region,World Citi Colleges-Quezon City,Private,Metro Manila,Quezon City,"World Citi Colleges-Quezon City, Quezon City, Metro Manila, Philippines",world citi colleges-quezon city quezon city metro manila philippines,,14.6269571,121.0636527,google,"960 Aurora Blvd, Bagong Buhay, Quezon City, 1109 Metro Manila, Philippines",CLEANED|ROOFTOP
13 - Nat. Capital Region,Makati Medical Center College,Private,Metro Manila,Makati,"Makati Medical Center College, Makati, Metro Manila, Philippines",makati medical center college makati metro manila philippines,,14.5661746,121.0131046,google,"1061 Metropolitan Ave, Village, Makati City, 1229 Metro Manila, Philippines",CLEANED|ROOFTOP
13 - Nat. Capital Region,Republican College,Private,Metro Manila,Quezon City,"Republican College, Quezon City, Metro Manila, Philippines",republican college quezon city metro manila philippines,,14.6159172,121.0636975,google,"42 18th Ave, Cubao, Quezon City, 1109 Metro Manila, Philippines",CLEANED|ROOFTOP
13 - Nat. Capital Region,Rizal Technological University,SUC,Metro Manila,Mandaluyong,"Rizal Technological University, Mandaluyong, Metro Manila, Philippines",rizal technological university mandaluyong metro manila philippines,,14.57459,121.042304,google,"Boni Ave, Mandaluyong City, 1550 Metro Manila, Philippines",CLEANED|GEOMETRIC_CENTER
13 - Nat. Capital Region,Roosevelt College-Marikina,Private,Metro Manila,Marikina,"Roosevelt College-Marikina, Marikina, Metro Manila, Philippines",roosevelt college-marikina marikina metro manila philippines,,14.6486812,121.0984813,google,"504 J. P. Rizal St, Marikina, 1800 Metro Manila, Philippines",CLEANED|ROOFTOP
13 - Nat. Capital Region,Saint Francis of Assisi College,Private,Metro Manila,Las Piñas,"Saint Francis of Assisi College, Las Piñas, Metro Manila, Philippines",saint francis of assisi college las pinas metro manila philippines,,14.4440024,121.0005121,google,"045 Admiral, Las Piñas, 1740 Metro Manila, Philippines",CLEANED|ROOFTOP
13 - Nat. Capital Region,St. Joseph's College of Quezon City,Private,Metro Manila,Quezon City,"St. Joseph's College of Quezon City, Quezon City, Metro Manila, Philippines",street. joseph's college of quezon city quezon city metro manila philippines,"St. Joseph's College of Quezon City, Quezon City, Metro Manila, Philippines, Metro Manila, Philippines",14.6224948,121.0254866,google,"295, 1102 E Rodriguez Sr. Ave, Quezon City, 1112 Metro Manila, Philippines",FALLBACK_FULL|ROOFTOP
13 - Nat. Capital Region,St. Jude College,Private,Metro Manila,Manila,"St. Jude College, Manila, Metro Manila, Philippines",street. jude college manila metro manila philippines,"St. Jude College, Manila, Metro Manila, Philippines, Metro Manila, Philippines",14.6159141,120.9892979,google,"JX8Q+7Q5 Dimasalang cor, 1353 Don Quijote St, Sampaloc, Manila, 1008 Metro Manila, Philippines",FALLBACK_FULL|ROOFTOP
13 - Nat. Capital Region,St. Paul University-Manila,Private,Metro Manila,Manila,"St. Paul University-Manila, Manila, Metro Manila, Philippines",street. paul university-manila manila metro manila philippines,"St. Paul University-Manila, Manila, Metro Manila, Philippines, Metro Manila, Philippines",14.5741867,120.986106,google,"680 Pedro Gil St, Malate, Manila, 1004 Metro Manila, Philippines",FALLBACK_FULL|ROOFTOP
13 - Nat. Capital Region,St. Paul University-Quezon City,Private,Metro Manila,Quezon City,"St. Paul University-Quezon City, Quezon City, Metro Manila, Philippines",street. paul university-quezon city quezon city metro manila philippines,"St. Paul University-Quezon City, Quezon City, Metro Manila, Philippines, Metro Manila, Philippines",14.6145399,121.0351226,google,"Mariana, Quezon City, Metro Manila, Philippines",FALLBACK_FULL|GEOMETRIC_CENTER
13 - Nat. Capital Region,Saint Rita College-Manila,Private,Metro Manila,Manila,"Saint Rita College-Manila, Manila, Metro Manila, Philippines",saint rita college-manila manila metro manila philippines,,14.59948,120.98966,google,"74 San Rafael St, Quiapo, Manila, 1001 Metro Manila, Philippines",CLEANED|ROOFTOP
13 - Nat. Capital Region,St. Scholastica's College,Private,Metro Manila,Manila,"St. Scholastica's College, Manila, Metro Manila, Philippines",street. scholastica's college manila metro manila philippines,"St. Scholastica's College, Manila, Metro Manila, Philippines, Metro Manila, Philippines",14.5639654,120.996546,google,"2560 Leon Guinto St, Malate, Manila, 1004 Metro Manila, Philippines",FALLBACK_FULL|ROOFTOP
13 - Nat. Capital Region,Samson College of Science and Technology-Quezon City,Private,Metro Manila,Quezon City,"Samson College of Science and Technology-Quezon City, Quezon City, Metro Manila, Philippines",samson college of science and technology-quezon city quezon city metro manila philippines,"Samson College of Science and Technology-Quezon City, Quezon City, Metro Manila, Philippines, Metro Manila, Philippines",,,,,
13 - Nat. Capital Region,San Beda University,Private,Metro Manila,Manila,"San Beda University, Manila, Metro Manila, Philippines",san beda university manila metro manila philippines,,14.5997811,120.992938,google,"638 Mendiola St, San Miguel, Manila, 1005 Metro Manila, Philippines",CLEANED|ROOFTOP
13 - Nat. Capital Region,San Carlos Seminary,Private,Metro Manila,Makati,"San Carlos Seminary, Makati, Metro Manila, Philippines",san carlos seminary makati metro manila philippines,,14.5637515,121.0428964,google,"H27V+G52, Epifanio de los Santos Ave, Makati City, 1211 Metro Manila, Philippines",CLEANED|GEOMETRIC_CENTER
13 - Nat. Capital Region,San Juan de Dios Educational Foundation,Private,Metro Manila,Pasay,"San Juan de Dios Educational Foundation, Pasay, Metro Manila, Philippines",san juan de dios educational foundation pasay metro manila philippines,,14.5378892,120.9930321,google,"2774 Roxas Blvd, Pasay City, 1300 Metro Manila, Philippines",CLEANED|ROOFTOP
13 - Nat. Capital Region,San Sebastian College-Recoletos,Private,Metro Manila,Manila,"San Sebastian College-Recoletos, Manila, Metro Manila, Philippines",san sebastian college-recoletos manila metro manila philippines,,14.6007856,120.9898838,google,"Recto Ave, Quiapo, Manila, 1001 Metro Manila, Philippines",CLEANED|GEOMETRIC_CENTER
13 - Nat. Capital Region,Santa Isabel College of Manila,Private,Metro Manila,Manila,"Santa Isabel College of Manila, Manila, Metro Manila, Philippines",santa isabel college of manila manila metro manila philippines,,14.5856083,120.9838713,google,"1004, 210 Taft Ave, Ermita, Manila, 1000 Metro Manila, Philippines",CLEANED|ROOFTOP
13 - Nat. Capital Region,Siena College,Private,Metro Manila,Quezon City,"Siena College, Quezon City, Metro Manila, Philippines",siena college quezon city metro manila philippines,,14.6386832,121.0042622,google,"Cor 1105, Del Monte Ave, Quezon City, Metro Manila, Philippines",CLEANED|GEOMETRIC_CENTER
13 - Nat. Capital Region,Southeastern College,Private,Metro Manila,Pasay,"Southeastern College, Pasay, Metro Manila, Philippines",southeastern college pasay metro manila philippines,,14.5504236,120.9992152,google,"328 College Road, Taft Ave, Pasay City, 1300 Metro Manila, Philippines",CLEANED|GEOMETRIC_CENTER
13 - Nat. Capital Region,St. Luke's College of Medicine-William H. Quasha Memorial,Private,Metro Manila,Quezon City,"St. Luke's College of Medicine-William H. Quasha Memorial, Quezon City, Metro Manila, Philippines",street. luke's college of medicine-william h. quasha memorial quezon city metro manila philippines,"St. Luke's College of Medicine-William H. Quasha Memorial, Quezon City, Metro Manila, Philippines, Metro Manila, Philippines",14.624009,121.023181,google,"279 E Rodriguez Sr. Ave, Quezon City, 1112 Metro Manila, Philippines",FALLBACK_FULL|ROOFTOP
13 - Nat. Capital Region,Stella Maris College,Private,Metro Manila,Quezon City,"Stella Maris College, Quezon City, Metro Manila, Philippines",stella maris college quezon city metro manila philippines,,14.6246803,121.0534246,google,"891 Cambridge, Cubao, Quezon City, Metro Manila, Philippines",CLEANED|ROOFTOP
13 - Nat. Capital Region,Systems Plus Computer College-Quezon City,Private,Metro Manila,Quezon City,"Systems Plus Computer College-Quezon City, Quezon City, Metro Manila, Philippines",systems plus computer college-quezon city quezon city metro manila philippines,,14.6240624,121.0436065,google,"1707 E Rodriguez Sr. Ave, Cubao, Quezon City, 1109 Metro Manila, Philippines",CLEANED|ROOFTOP
13 - Nat. Capital Region,Technological Institute of the Philippines-Manila,Private,Metro Manila,Manila,"Technological Institute of the Philippines-Manila, Manila, Metro Manila, Philippines",technological institute of the philippines-manila manila metro manila philippines,,14.595315,120.987977,google,"363 Casal St, Quiapo, Manila, 1001 Metro Manila, Philippines",CLEANED|ROOFTOP
13 - Nat. Capital Region,Technological Institute of the Philippines-Quezon City,Private,Metro Manila,Quezon City,"Technological Institute of the Philippines-Quezon City, Quezon City, Metro Manila, Philippines",technological institute of the philippines-quezon city quezon city metro manila philippines,,14.6257638,121.0617218,google,"938 Aurora Blvd, Cubao, Quezon City, 1109 Metro Manila, Philippines",CLEANED|ROOFTOP
13 - Nat. Capital Region,Technological University of the Philippines-Manila,SUC,Metro Manila,Manila,"Technological University of the Philippines-Manila, Manila, Metro Manila, Philippines",technological university of the philippines-manila manila metro manila philippines,,14.587079,120.9844868,google,"San Marcelino St, Ayala Blvd, Ermita, Manila, 1000 Metro Manila, Philippines",CLEANED|GEOMETRIC_CENTER
13 - Nat. Capital Region,Trinity University of Asia,Private,Metro Manila,Quezon City,"Trinity University of Asia, Quezon City, Metro Manila, Philippines",trinity university of asia quezon city metro manila philippines,,14.6214655,121.0219862,google,"Cathedral Heights, 275 E Rodriguez Sr. Ave, Quezon City, Metro Manila, Philippines",CLEANED|ROOFTOP
13 - Nat. Capital Region,Technological University of the Philippines-Taguig,SUC,Metro Manila,Taguig,"Technological University of the Philippines-Taguig, Taguig, Metro Manila, Philippines",technological university of the philippines-taguig taguig metro manila philippines,,14.587079,120.9844868,google,"San Marcelino St, Ayala Blvd, Ermita, Manila, 1000 Metro Manila, Philippines",CLEANED|GEOMETRIC_CENTER
13 - Nat. Capital Region,Unciano Colleges and General Hospital,Private,Metro Manila,Manila,"Unciano Colleges and General Hospital, Manila, Metro Manila, Philippines",unciano colleges and general hospital manila metro manila philippines,,14.6006206,121.0162,google,"V.Mapa-Guadalcanal Street, Manila, J228+6FW, Santa Mesa, Manila, Metropolitan Manila First District, Philippines",CLEANED|GEOMETRIC_CENTER
13 - Nat. Capital Region,Southeast Asian College,Private,Metro Manila,Quezon City,"Southeast Asian College, Quezon City, Metro Manila, Philippines",southeast asian college quezon city metro manila philippines,,14.7236996,121.0400009,google,"#6 N. Ramirez St., Quezon City Quezon City NCR, Quezon City, Metro Manila, Philippines",CLEANED|GEOMETRIC_CENTER
13 - Nat. Capital Region,University of the East-Ramon Magsaysay Memorial Medical Center,Private,Metro Manila,Quezon City,"University of the East-Ramon Magsaysay Memorial Medical Center, Quezon City, Metro Manila, Philippines",university of the east-ramon magsaysay memorial medical center quezon city metro manila philippines,,14.6077032,121.0203762,google,"64 Aurora Blvd, Quezon City, 1113 Metro Manila, Philippines",CLEANED|ROOFTOP
13 - Nat. Capital Region,The University of Manila,Private,Metro Manila,Manila,"The University of Manila, Manila, Metro Manila, Philippines",the university of manila manila metro manila philippines,,14.6018224,120.9914994,google,"546 Delos Santos St, 403, Manila, 1008 Metro Manila, Philippines",CLEANED|ROOFTOP
13 - Nat. Capital Region,University of Santo Tomas,Private,Metro Manila,Manila,"University of Santo Tomas, Manila, Metro Manila, Philippines",university of santo tomas manila metro manila philippines,,14.6098055,120.9895794,google,"España Blvd, Sampaloc, Manila, 1008 Metro Manila, Philippines",CLEANED|GEOMETRIC_CENTER
13 - Nat. Capital Region,University of the East-Manila,Private,Metro Manila,Manila,"University of the East-Manila, Manila, Metro Manila, Philippines",university of the east-manila manila metro manila philippines,,14.6022007,120.9897274,google,"2219 Recto Ave, Sampaloc, Manila, 1008 Metro Manila, Philippines",CLEANED|ROOFTOP
13 - Nat. Capital Region,University of the East-Caloocan,Private,Metro Manila,Caloocan,"University of the East-Caloocan, Caloocan, Metro Manila, Philippines",university of the east-caloocan caloocan metro manila philippines,,14.6022007,120.9897274,google,"2219 Recto Ave, Sampaloc, Manila, 1008 Metro Manila, Philippines",CLEANED|ROOFTOP
13 - Nat. Capital Region,University of the Philippines-Diliman,SUC,Metro Manila,Quezon City,"University of the Philippines-Diliman, Quezon City, Metro Manila, Philippines",university of the philippines-diliman quezon city metro manila philippines,,14.6538783,121.0684573,google,"M339+H94, Roxas Ave, Diliman, Quezon City, Metro Manila, Philippines",CLEANED|GEOMETRIC_CENTER
13 - Nat. Capital Region,University of the Philippines-Manila,SUC,Metro Manila,Manila,"University of the Philippines-Manila, Manila, Metro Manila, Philippines",university of the philippines-manila manila metro manila philippines,,14.5777477,120.9853666,google,"Zone 72, 670 Padre Faura St, Ermita, Manila, 1000 Metro Manila, Philippines",CLEANED|ROOFTOP
13 - Nat. Capital Region,Angelicum College,Private,Metro Manila,Manila,"Angelicum College, Manila, Metro Manila, Philippines",angelicum college manila metro manila philippines,"Angelicum College, Manila, Metro Manila, Philippines, Metro Manila, Philippines",14.6276102,121.0100487,google,"112 Sen. Mariano J. Cuenco, Santa Mesa Heights, Quezon City, Kalakhang Maynila, Philippines",FALLBACK_FULL|ROOFTOP
13 - Nat. Capital Region,Universidad de Manila,LUC,Metro Manila,Manila,"Universidad de Manila, Manila, Metro Manila, Philippines",universidad de manila manila metro manila philippines,,14.5915659,120.9815705,google,"HXRJ+QJX, 659-A Cecilia Muñoz St, Ermita, Manila, 1000 Metro Manila, Philippines",CLEANED|ROOFTOP
13 - Nat. Capital Region,Don Bosco Center of Studies,Private,Metro Manila,Parañaque,"Don Bosco Center of Studies, Parañaque, Metro Manila, Philippines",don bosco center of studies paranaque metro manila philippines,,14.4784703,121.0272822,google,"Michael Rua St., Better Living Subdivision, Parañaque, 1711 Metro Manila, Philippines",CLEANED|GEOMETRIC_CENTER
13 - Nat. Capital Region,IETI College-Alabang,Private,Metro Manila,Muntinlupa,"IETI College-Alabang, Muntinlupa, Metro Manila, Philippines",ieti college-alabang muntinlupa metro manila philippines,,14.4181147,121.0459557,google,"Starmall Alabang Building, Starmall Starmall Service Road, Muntinlupa, 1780 Metro Manila, Philippines",CLEANED|ROOFTOP
13 - Nat. Capital Region,Our Lady of Perpetual 2cor College,Private,Metro Manila,Marikina,"Our Lady of Perpetual 2cor College, Marikina, Metro Manila, Philippines",our lady of perpetual 2cor college marikina metro manila philippines,"Our Lady of Perpetual 2cor College, Marikina, Metro Manila, Philippines, Metro Manila, Philippines",,,,,
13 - Nat. Capital Region,San Beda College-Alabang,Private,Metro Manila,Muntinlupa,"San Beda College-Alabang, Muntinlupa, Metro Manila, Philippines",san beda college-alabang muntinlupa metro manila philippines,,14.4330885,121.0255363,google,"8 Don Manolo Blvd, Muntinlupa, 1770 Metro Manila, Philippines",CLEANED|ROOFTOP
13 - Nat. Capital Region,St. Dominic Savio College,Private,Metro Manila,Caloocan,"St. Dominic Savio College, Caloocan, Metro Manila, Philippines",street. dominic savio college caloocan metro manila philippines,"St. Dominic Savio College, Caloocan, Metro Manila, Philippines, Metro Manila, Philippines",14.761732,121.086409,google,"MT View Homes Pangarap, Blk 1 Lot 6 Quirino Hwy, 186 Tala, Caloocan, 1400 Metro Manila, Philippines",FALLBACK_FULL|ROOFTOP
13 - Nat. Capital Region,St. John Technological College of the Philippines,Private,Metro Manila,Quezon City,"St. John Technological College of the Philippines, Quezon City, Metro Manila, Philippines",street. john technological college of the philippines quezon city metro manila philippines,"St. John Technological College of the Philippines, Quezon City, Metro Manila, Philippines, Metro Manila, Philippines",14.7172639,121.0413488,google,"#29 Jewel St. Forest Hills Subdivision Gulod, Novaliches Quezon City, 1117 Metro Manila, Philippines",FALLBACK_FULL|GEOMETRIC_CENTER
13 - Nat. Capital Region,STI College-Alabang,Private,Metro Manila,Muntinlupa,"STI College-Alabang, Muntinlupa, Metro Manila, Philippines",sti college-alabang muntinlupa metro manila philippines,,14.4196875,121.0469399,google,"Montillano St, Muntinlupa, 1780 Metro Manila, Philippines",CLEANED|GEOMETRIC_CENTER
13 - Nat. Capital Region,STI College-Cubao,Private,Metro Manila,Quezon City,"STI College-Cubao, Quezon City, Metro Manila, Philippines",sti college-cubao quezon city metro manila philippines,,14.6163908,121.0540568,google,"J383+HJ3, P. Tuazon Blvd, Cubao, Quezon City, Metro Manila, Philippines",CLEANED|GEOMETRIC_CENTER
13 - Nat. Capital Region,STI College-Shaw,Private,Metro Manila,Manila,"STI College-Shaw, Manila, Metro Manila, Philippines",sti college-shaw manila metro manila philippines,"STI College-Shaw, Manila, Metro Manila, Philippines, Metro Manila, Philippines",,,,,
13 - Nat. Capital Region,STI College-Global City,Private,Metro Manila,Taguig,"STI College-Global City, Taguig, Metro Manila, Philippines",sti college-global city taguig metro manila philippines,,14.55235,121.0560769,google,"STI Academic Center, University Pkwy, Makati City, Metro Manila, Philippines",CLEANED|ROOFTOP
13 - Nat. Capital Region,STI College-Caloocan,Private,Metro Manila,Caloocan,"STI College-Caloocan, Caloocan, Metro Manila, Philippines",sti college-caloocan caloocan metro manila philippines,,14.6514365,120.9828265,google,"214 Macario Asistio Sr, Street, Caloocan, 1400 Kalakhang Maynila, Philippines",CLEANED|ROOFTOP
13 - Nat. Capital Region,STI College-Muñoz EDSA,Private,Metro Manila,Quezon City,"STI College-Muñoz EDSA, Quezon City, Metro Manila, Philippines",sti college-munoz edsa quezon city metro manila philippines,,14.6579425,121.0192197,google,"Tango Bldg, Congressional Avenue Corner Edsa Avenue, Ramon Magsasay, Quezon City, 1105 Metro Manila, Philippines",CLEANED|ROOFTOP
13 - Nat. Capital Region,STI College-Novaliches,Private,Metro Manila,Quezon City,"STI College-Novaliches, Quezon City, Metro Manila, Philippines",sti college-novaliches quezon city metro manila philippines,,14.704365,121.0367497,google,"Corner, Green Hights Subd, Quirino Hwy, Novaliches, Quezon City, 1116 Metro Manila, Philippines",CLEANED|ROOFTOP
13 - Nat. Capital Region,STI College-Fairview,Private,Metro Manila,Quezon City,"STI College-Fairview, Quezon City, Metro Manila, Philippines",sti college-fairview quezon city metro manila philippines,,14.7160003,121.0614864,google,"20-d Regalado Avenue, Corner Bronx, Quezon City, 651-8511 Metro Manila, Philippines",CLEANED|ROOFTOP
13 - Nat. Capital Region,STI College Pasay-EDSA,Private,Metro Manila,Manila,"STI College Pasay-EDSA, Manila, Metro Manila, Philippines",sti college pasay-edsa manila metro manila philippines,,14.5382306,120.9969267,google,"2818 P. Celle, Pasay City, 1302 Metro Manila, Philippines",CLEANED|ROOFTOP
13 - Nat. Capital Region,Philippine Rehabilitation Institute Foundation,Private,Metro Manila,Quezon City,"Philippine Rehabilitation Institute Foundation, Quezon City, Metro Manila, Philippines",philippine rehabilitation institute foundation quezon city metro manila philippines,,14.6285457,121.0039377,google,"56 Banawe St, Quezon City, 1114 Metro Manila, Philippines",CLEANED|ROOFTOP
13 - Nat. Capital Region,Immaculada Concepcion College,Private,Metro Manila,Caloocan,"Immaculada Concepcion College, Caloocan, Metro Manila, Philippines",immaculada concepcion college caloocan metro manila philippines,,14.7677178,121.0797605,google,"Immaculada Concepcion College , Soldiers Hills III, Barangay, Caloocan, 1400 Metro Manila, Philippines",CLEANED|GEOMETRIC_CENTER
13 - Nat. Capital Region,West Bay College,Private,Metro Manila,Muntinlupa,"West Bay College, Muntinlupa, Metro Manila, Philippines",west bay college muntinlupa metro manila philippines,,14.4166628,121.0493414,google,"Ilaya, 43 Ilaya, Muntinlupa, 1770 Metro Manila, Philippines",CLEANED|ROOFTOP
13 - Nat. Capital Region,System Plus Computer College-Caloocan,Private,Metro Manila,Caloocan,"System Plus Computer College-Caloocan, Caloocan, Metro Manila, Philippines",system plus computer college-caloocan caloocan metro manila philippines,"System Plus Computer College-Caloocan, Caloocan, Metro Manila, Philippines, Metro Manila, Philippines",,,,,
13 - Nat. Capital Region,Saint Bernadette College of Alabang,Private,Metro Manila,Muntinlupa,"Saint Bernadette College of Alabang, Muntinlupa, Metro Manila, Philippines",saint bernadette college of alabang muntinlupa metro manila philippines,,14.4249808,121.0460145,google,"Km. 23.6 E Service Rd, Muntinlupa, 1770 Metro Manila, Philippines",CLEANED|ROOFTOP
13 - Nat. Capital Region,Children of Mary Immaculate College,Private,Metro Manila,Caloocan,"Children of Mary Immaculate College, Caloocan, Metro Manila, Philippines",children of mary immaculate college caloocan metro manila philippines,,14.693962,120.967662,google,"22 Maysan Rd, Valenzuela, 1440 Metro Manila, Philippines",CLEANED|ROOFTOP
13 - Nat. Capital Region,Informatics College-Manila,Private,Metro Manila,Manila,"Informatics College-Manila, Manila, Metro Manila, Philippines",informatics college-manila manila metro manila philippines,"Informatics College-Manila, Manila, Metro Manila, Philippines, Metro Manila, Philippines",,,,,
13 - Nat. Capital Region,The Fisher Valley College,Private,Metro Manila,Taguig,"The Fisher Valley College, Taguig, Metro Manila, Philippines",the fisher valley college taguig metro manila philippines,,14.5167439,121.0729752,google,"No. 5, M. L. Quezon Avenue, Taguig, 1630 Metro Manila, Philippines",CLEANED|ROOFTOP
13 - Nat. Capital Region,La Consolacion College-Novaliches,Private,Metro Manila,Caloocan,"La Consolacion College-Novaliches, Caloocan, Metro Manila, Philippines",la consolacion college-novaliches caloocan metro manila philippines,,14.7435168,121.0275747,google,"P2VH+C24, Rd Lot 1, Caloocan, Metro Manila, Philippines",CLEANED|GEOMETRIC_CENTER
13 - Nat. Capital Region,National Defense College,OGS,Metro Manila,Quezon City,"National Defense College, Quezon City, Metro Manila, Philippines",national defense college quezon city metro manila philippines,,14.6092947,121.0679145,google,"J359+P57, Arturo Enrile Ave, Quezon City, 1800 Metro Manila, Philippines",CLEANED|GEOMETRIC_CENTER
13 - Nat. Capital Region,Philippine Public Safety College,OGS,Metro Manila,,,metro manila philippines,,,,,,
13 - Nat. Capital Region,ABE International College of Business and Economics-Manila,Private,Metro Manila,Manila,"ABE International College of Business and Economics-Manila, Manila, Metro Manila, Philippines",abe international college of business and economics-manila manila metro manila philippines,"ABE International College of Business and Economics-Manila, Manila, Metro Manila, Philippines, Metro Manila, Philippines",,,,,
13 - Nat. Capital Region,AMA Computer College-Caloocan,Private,Metro Manila,Caloocan,"AMA Computer College-Caloocan, Caloocan, Metro Manila, Philippines",ama computer college-caloocan caloocan metro manila philippines,,14.6576626,120.9775632,google,"Caimito Road, MX5H+328, Samson Rd, Caloocan, Metro Manila, Philippines",CLEANED|GEOMETRIC_CENTER
13 - Nat. Capital Region,AMA Computer College-Fairview,Private,Metro Manila,Quezon City,"AMA Computer College-Fairview, Quezon City, Metro Manila, Philippines",ama computer college-fairview quezon city metro manila philippines,,14.7202823,121.0614798,google,"Lot 10 bll, 83 Regalado Hwy, Quezon City, 1110 Metro Manila, Philippines",CLEANED|ROOFTOP
13 - Nat. Capital Region,AMA Computer College-Parañaque,Private,Metro Manila,Parañaque,"AMA Computer College-Parañaque, Parañaque, Metro Manila, Philippines",ama computer college-paranaque paranaque metro manila philippines,"AMA Computer College-Parañaque, Parañaque, Metro Manila, Philippines, Metro Manila, Philippines",,,,,
13 - Nat. Capital Region,AMA Computer College-Sta. Mesa,Private,Metro Manila,Manila,"AMA Computer College-Sta. Mesa, Manila, Metro Manila, Philippines",ama computer college-sta. mesa manila metro manila philippines,,14.6000004,121.0166702,google,"3299 Magsaysay Blvd cor. Maganda St., Sta. Mesa, Manila, Santa Mesa, Manila, Metro Manila, Philippines",CLEANED|GEOMETRIC_CENTER
13 - Nat. Capital Region,Divine Mercy College Foundation,Private,Metro Manila,Caloocan,"Divine Mercy College Foundation, Caloocan, Metro Manila, Philippines",divine mercy college foundation caloocan metro manila philippines,,14.6611807,120.9795037,google,"129 J.P. Bautista Ave, Caloocan, 1400 Metro Manila, Philippines",CLEANED|ROOFTOP
13 - Nat. Capital Region,Interface Computer College-Caloocan,Private,Metro Manila,Caloocan,"Interface Computer College-Caloocan, Caloocan, Metro Manila, Philippines",interface computer college-caloocan caloocan metro manila philippines,,14.651052,120.983116,google,"298 J.Teodoro, Grace Park West, Caloocan, 1406 Metro Manila, Philippines",CLEANED|ROOFTOP
13 - Nat. Capital Region,Our Lady of Fatima University-Quezon City,Private,Metro Manila,Quezon City,"Our Lady of Fatima University-Quezon City, Quezon City, Metro Manila, Philippines",our lady of fatima university-quezon city quezon city metro manila philippines,,14.6778026,120.9803044,google,"120 MacArthur Hwy, Valenzuela, 1440 Metro Manila, Philippines",CLEANED|ROOFTOP
13 - Nat. Capital Region,Our Lady of Lourdes Technological College,Private,Metro Manila,Quezon City,"Our Lady of Lourdes Technological College, Quezon City, Metro Manila, Philippines",our lady of lourdes technological college quezon city metro manila philippines,,14.7203379,121.0279378,google,"P2CH+45P, General Luis, Novaliches, Quezon City, 1125 Metro Manila, Philippines",CLEANED|GEOMETRIC_CENTER
13 - Nat. Capital Region,St. Clare College of Caloocan,Private,Metro Manila,Caloocan,"St. Clare College of Caloocan, Caloocan, Metro Manila, Philippines",street. clare college of caloocan caloocan metro manila philippines,"St. Clare College of Caloocan, Caloocan, Metro Manila, Philippines, Metro Manila, Philippines",,,,,
13 - Nat. Capital Region,STI College-Las Piñas,Private,Metro Manila,Las Piñas,"STI College-Las Piñas, Las Piñas, Metro Manila, Philippines",sti college-las pinas las pinas metro manila philippines,,14.4499727,120.9811623,google,"STI Academic Center, Alabang-Zapote Road, corner V.Guinto, Las Piñas, 1740 Metro Manila, Philippines",CLEANED|ROOFTOP
13 - Nat. Capital Region,Dr. Filemon C. Aguilar Memorial College of Las Piñas,LUC,Metro Manila,Las Piñas,"Dr. Filemon C. Aguilar Memorial College of Las Piñas, Las Piñas, Metro Manila, Philippines",dr. filemon c. aguilar memorial college of las pinas las pinas metro manila philippines,,14.4388401,121.0094764,google,"Golden Gate Basketball Court, Topland Ave, Las Piñas, 1747 Metro Manila, Philippines",CLEANED|ROOFTOP
13 - Nat. Capital Region,Asia Graduate School of Theology,Private,Metro Manila,Quezon City,"Asia Graduate School of Theology, Quezon City, Metro Manila, Philippines",asia graduate school of theology quezon city metro manila philippines,,14.6350543,121.0384971,google,"54 Sct. Madriñan St, Diliman, Quezon City, 1103 Metro Manila, Philippines",CLEANED|ROOFTOP
13 - Nat. Capital Region,AMA Computer College-Las Piñas,Private,Metro Manila,Las Piñas,"AMA Computer College-Las Piñas, Las Piñas, Metro Manila, Philippines",ama computer college-las pinas las pinas metro manila philippines,,14.4346539,121.0114715,google,"AC & Sons Building, Alabang–Zapote Rd, Las Piñas, Metro Manila, Philippines",CLEANED|ROOFTOP
13 - Nat. Capital Region,AMA Computer College-Pasig City,Private,Metro Manila,Pasig,"AMA Computer College-Pasig City, Pasig, Metro Manila, Philippines",ama computer college-pasig city pasig metro manila philippines,,14.586714,121.0620028,google,"Silver Tree Bldg., One, San Miguel Ave, Ortigas Center, Pasig, Metro Manila, Philippines",CLEANED|ROOFTOP
13 - Nat. Capital Region,Pamantasan ng Lungsod ng Pasig,LUC,Metro Manila,Pasig,"Pamantasan ng Lungsod ng Pasig, Pasig, Metro Manila, Philippines",pamantasan ng lungsod ng pasig pasig metro manila philippines,,14.5620941,121.07475,google,"12-B Alcalde Jose, Pasig, 1600 Metro Manila, Philippines",CLEANED|ROOFTOP
13 - Nat. Capital Region,Wesleyan College of Manila,Private,Metro Manila,Pasay,"Wesleyan College of Manila, Pasay, Metro Manila, Philippines",wesleyan college of manila pasay metro manila philippines,,14.56009,120.993062,google,"1706 Leveriza St, Manila, Metro Manila, Philippines",CLEANED|ROOFTOP
13 - Nat. Capital Region,Loral Douglas Woosley Bethany Colleges,Private,Metro Manila,Makati,"Loral Douglas Woosley Bethany Colleges, Makati, Metro Manila, Philippines",loral douglas woosley bethany colleges makati metro manila philippines,,14.5562453,121.0038723,google,"1716 Dian Street, corner Emilia, Makati City, 1235 Metro Manila, Philippines",CLEANED|ROOFTOP
13 - Nat. Capital Region,STI College-Marikina,Private,Metro Manila,Marikina,"STI College-Marikina, Marikina, Metro Manila, Philippines",sti college-marikina marikina metro manila philippines,,14.650117,121.105867,google,"M424+393, 2 L. De Guzman St, Marikina, 1807 Metro Manila, Philippines",CLEANED|ROOFTOP
13 - Nat. Capital Region,IETI College of Science and Technology-Marikina,Private,Metro Manila,Marikina,"IETI College of Science and Technology-Marikina, Marikina, Metro Manila, Philippines",ieti college of science and technology-marikina marikina metro manila philippines,,14.6343604,121.099728,google,"17, 1800 Lark, Marikina, 1800 Metro Manila, Philippines",CLEANED|ROOFTOP
13 - Nat. Capital Region,Manila Business College Foundation,Private,Metro Manila,Manila,"Manila Business College Foundation, Manila, Metro Manila, Philippines",manila business college foundation manila metro manila philippines,"Manila Business College Foundation, Manila, Metro Manila, Philippines, Metro Manila, Philippines",,,,,
13 - Nat. Capital Region,Access Computer and Technical Colleges-Manila,Private,Metro Manila,Manila,"Access Computer and Technical Colleges-Manila, Manila, Metro Manila, Philippines",access computer and technical colleges-manila manila metro manila philippines,,14.5783005,121.0,google,"2nd &amp; 3rd Floor ACCESS Main Bldg., C.M. Recto cor. Quezon Blvd., Manila, Quiapo, Manila, Metropolitan Manila First District, Philippines",CLEANED|GEOMETRIC_CENTER
13 - Nat. Capital Region,Criminal Justice College,Private,Metro Manila,Muntinlupa,"Criminal Justice College, Muntinlupa, Metro Manila, Philippines",criminal justice college muntinlupa metro manila philippines,,14.3802692,121.046899,google,"79 Jasmine St, Muntinlupa, 1773 Metro Manila, Philippines",CLEANED|ROOFTOP
13 - Nat. Capital Region,Entrepreneurs School of Asia,Private,Metro Manila,Quezon City,"Entrepreneurs School of Asia, Quezon City, Metro Manila, Philippines",entrepreneurs school of asia quezon city metro manila philippines,,14.6053247,121.0845998,google,"J34M+4RH, Obrero, Quezon City, Kalakhang Maynila, Philippines",CLEANED|GEOMETRIC_CENTER
13 - Nat. Capital Region,St. Mary's College,Private,Metro Manila,Quezon City,"St. Mary's College, Quezon City, Metro Manila, Philippines",street. mary's college quezon city metro manila philippines,"St. Mary's College, Quezon City, Metro Manila, Philippines, Metro Manila, Philippines",,,,,
13 - Nat. Capital Region,ABE International College of Business and Accountancy-Cubao,Private,Metro Manila,Quezon City,"ABE International College of Business and Accountancy-Cubao, Quezon City, Metro Manila, Philippines",abe international college of business and accountancy-cubao quezon city metro manila philippines,"ABE International College of Business and Accountancy-Cubao, Quezon City, Metro Manila, Philippines, Metro Manila, Philippines",,,,,
13 - Nat. Capital Region,ABE International College of Business and Economics-Las Piñas,Private,Metro Manila,Las Piñas,"ABE International College of Business and Economics-Las Piñas, Las Piñas, Metro Manila, Philippines",abe international college of business and economics-las pinas las pinas metro manila philippines,"ABE International College of Business and Economics-Las Piñas, Las Piñas, Metro Manila, Philippines, Metro Manila, Philippines",,,,,
13 - Nat. Capital Region,Development Academy of the Philippines,OGS,Metro Manila,Pasig,"Development Academy of the Philippines, Pasig, Metro Manila, Philippines",development academy of the philippines pasig metro manila philippines,,14.5789515,121.0582205,google,"DAP Building, San Miguel Ave, Ortigas Center, Pasig, Metro Manila, Philippines",CLEANED|ROOFTOP
13 - Nat. Capital Region,National Christian Life College,Private,Metro Manila,Marikina,"National Christian Life College, Marikina, Metro Manila, Philippines",national christian life college marikina metro manila philippines,,14.6387731,121.0987011,google,"J3QX+F96 Paliparan Subd, 7 1st St, Marikina, 1800 Metro Manila, Philippines",CLEANED|ROOFTOP
13 - Nat. Capital Region,Global City Innovative College,Private,Metro Manila,Makati,"Global City Innovative College, Makati, Metro Manila, Philippines",global city innovative college makati metro manila philippines,,14.5620941,121.0428327,google,"Annex, Pet Plans Tower, 444 Epifanio de los Santos Ave, Makati City, 1211 Metro Manila, Philippines",CLEANED|ROOFTOP
13 - Nat. Capital Region,Southville International School and Colleges,Private,Metro Manila,Las Piñas,"Southville International School and Colleges, Las Piñas, Metro Manila, Philippines",southville international school and colleges las pinas metro manila philippines,,14.4550489,120.9950908,google,"1281 Tropical Avenue Corner Luxembourg Street, BF Homes International, Las Piñas, 1740 Metro Manila, Philippines",CLEANED|GEOMETRIC_CENTER
13 - Nat. Capital Region,Information and Communications Technology Academy,Private,Metro Manila,Makati,"Information and Communications Technology Academy, Makati, Metro Manila, Philippines",information and communications technology academy makati metro manila philippines,,14.5594796,121.0075692,google,"iACADEMY Nexus Campus, 7434 Yakal, Makati City, 1203 Metro Manila, Philippines",CLEANED|ROOFTOP
13 - Nat. Capital Region,Our Lady of Guadalupe Colleges,Private,Metro Manila,Mandaluyong,"Our Lady of Guadalupe Colleges, Mandaluyong, Metro Manila, Philippines",our lady of guadalupe colleges mandaluyong metro manila philippines,,14.577076,121.049644,google,"H2GX+RVJ, Sierra Madre, Mandaluyong City, 1550 Kalakhang Maynila, Philippines",CLEANED|GEOMETRIC_CENTER
13 - Nat. Capital Region,Access Computer and Technical Colleges-Cubao,Private,Metro Manila,Quezon City,"Access Computer and Technical Colleges-Cubao, Quezon City, Metro Manila, Philippines",access computer and technical colleges-cubao quezon city metro manila philippines,,14.6272193,121.0614647,google,"941 R-6, Quezon City, Metro Manila, Philippines",CLEANED|ROOFTOP
13 - Nat. Capital Region,Immaculate Heart of Mary College-Parañaque,Private,Metro Manila,Parañaque,"Immaculate Heart of Mary College-Parañaque, Parañaque, Metro Manila, Philippines",immaculate heart of mary college-paranaque paranaque metro manila philippines,,14.477009,121.0235147,google,"Dominic Savio Street Better Living Subdivision, Parañaque, 1700 Metro Manila, Philippines",CLEANED|GEOMETRIC_CENTER
13 - Nat. Capital Region,Polytechnic University of the Philippines-Quezon City Campus,SUC,Metro Manila,Quezon City,"Polytechnic University of the Philippines-Quezon City Campus, Quezon City, Metro Manila, Philippines",polytechnic university of the philippines-quezon city campus quezon city metro manila philippines,"Polytechnic University of the Philippines-Quezon City Campus, Quezon City, Metro Manila, Philippines, Metro Manila, Philippines",,,,,
13 - Nat. Capital Region,Lyceum of Alabang,Private,Metro Manila,Muntinlupa,"Lyceum of Alabang, Muntinlupa, Metro Manila, Philippines",lyceum of alabang muntinlupa metro manila philippines,,14.3730351,121.0474079,google,"Km.30 National Road, Muntinlupa, 1773 Metro Manila, Philippines",CLEANED|ROOFTOP
13 - Nat. Capital Region,Rogationist Seminary College of Philosophy,Private,Metro Manila,Parañaque,"Rogationist Seminary College of Philosophy, Parañaque, Metro Manila, Philippines",rogationist seminary college of philosophy paranaque metro manila philippines,"Rogationist Seminary College of Philosophy, Parañaque, Metro Manila, Philippines, Metro Manila, Philippines",,,,,
13 - Nat. Capital Region,La Consolacion College-Pasig,Private,Metro Manila,Pasig,"La Consolacion College-Pasig, Pasig, Metro Manila, Philippines",la consolacion college-pasig pasig metro manila philippines,,14.5678288,121.0956683,google,"La Consolacion College, Frankfurt St, Pasig, Metro Manila, Philippines",CLEANED|GEOMETRIC_CENTER
13 - Nat. Capital Region,Gardner College Diliman,Private,Metro Manila,Quezon City,"Gardner College Diliman, Quezon City, Metro Manila, Philippines",gardner college diliman quezon city metro manila philippines,"Gardner College Diliman, Quezon City, Metro Manila, Philippines, Metro Manila, Philippines",,,,,
13 - Nat. Capital Region,ABE International Business College-Caloocan City,Private,Metro Manila,Caloocan,"ABE International Business College-Caloocan City, Caloocan, Metro Manila, Philippines",abe international business college-caloocan city caloocan metro manila philippines,,14.6568297,120.9852004,google,"328 Epifanio de los Santos Ave, Grace Park East, Caloocan, Metro Manila, Philippines",CLEANED|ROOFTOP
13 - Nat. Capital Region,WCC Aeronautical & Technological College-North Manila,Private,Metro Manila,Caloocan,"WCC Aeronautical & Technological College-North Manila, Caloocan, Metro Manila, Philippines",wcc aeronautical & technological college-north manila caloocan metro manila philippines,"WCC Aeronautical & Technological College-North Manila, Caloocan, Metro Manila, Philippines, Metro Manila, Philippines",,,,,
13 - Nat. Capital Region,Informatics College-Northgate,Private,Metro Manila,Muntinlupa,"Informatics College-Northgate, Muntinlupa, Metro Manila, Philippines",informatics college-northgate muntinlupa metro manila philippines,,14.4256679,121.0401267,google,"Cyberzone Filinvest Corporate, Indo-China Dr, Muntinlupa, Metro Manila, Philippines",CLEANED|ROOFTOP
13 - Nat. Capital Region,Pamantasan ng Lungsod ng Valenzuela,LUC,Metro Manila,Valenzuela,"Pamantasan ng Lungsod ng Valenzuela, Valenzuela, Metro Manila, Philippines",pamantasan ng lungsod ng valenzuela valenzuela metro manila philippines,,14.6940301,120.969399,google,"MXV9+JQ6, Maysan Rd, Valenzuela, Metro Manila, Philippines",CLEANED|GEOMETRIC_CENTER
13 - Nat. Capital Region,Marie-Bernarde College,Private,Metro Manila,Quezon City,"Marie-Bernarde College, Quezon City, Metro Manila, Philippines",marie-bernarde college quezon city metro manila philippines,,14.631179,121.0078757,google,"48 Sto. Domingo Ave, Quezon City, 1114 Metro Manila, Philippines",CLEANED|ROOFTOP
13 - Nat. Capital Region,Mary the Queen College of Quezon City,Private,Metro Manila,Quezon City,"Mary the Queen College of Quezon City, Quezon City, Metro Manila, Philippines",mary the queen college of quezon city quezon city metro manila philippines,,14.675289,121.082422,google,"M3GJ+4X7, Dupax St, Quezon City, Metro Manila, Philippines",CLEANED|GEOMETRIC_CENTER
13 - Nat. Capital Region,St. Bernadette of Lourdes College,Private,Metro Manila,Quezon City,"St. Bernadette of Lourdes College, Quezon City, Metro Manila, Philippines",street. bernadette of lourdes college quezon city metro manila philippines,"St. Bernadette of Lourdes College, Quezon City, Metro Manila, Philippines, Metro Manila, Philippines",,,,,
13 - Nat. Capital Region,Flight School International,Private,Metro Manila,Parañaque,"Flight School International, Parañaque, Metro Manila, Philippines",flight school international paranaque metro manila philippines,,14.4792927,120.9980956,google,"8155, Andremar Bldg, Dr Arcadio Santos Ave, Parañaque, 1711 Metro Manila, Philippines",CLEANED|ROOFTOP
13 - Nat. Capital Region,Capitol Medical Center Colleges,Private,Metro Manila,Quezon City,"Capitol Medical Center Colleges, Quezon City, Metro Manila, Philippines",capitol medical center colleges quezon city metro manila philippines,,14.6270666,121.0110021,google,"4 Sto. Domingo Ave, Quezon City, 1103 Metro Manila, Philippines",CLEANED|ROOFTOP
13 - Nat. Capital Region,New England College,Private,Metro Manila,Quezon City,"New England College, Quezon City, Metro Manila, Philippines",new england college quezon city metro manila philippines,,14.621921,121.00666,google,"40 Quezon Ave, Quezon City, 1113 Metro Manila, Philippines",CLEANED|ROOFTOP
13 - Nat. Capital Region,Universal Colleges of Parañaque,Private,Metro Manila,Parañaque,"Universal Colleges of Parañaque, Parañaque, Metro Manila, Philippines",universal colleges of paranaque paranaque metro manila philippines,,14.4749772,121.0019911,google,"8273 Dr Arcadio Santos Ave, Parañaque, 1700 Metro Manila, Philippines",CLEANED|ROOFTOP
13 - Nat. Capital Region,Quezon City University,LUC,Metro Manila,Quezon City,"Quezon City University, Quezon City, Metro Manila, Philippines",quezon city university quezon city metro manila philippines,,14.6999662,121.0325621,google,"673 Quirino Hwy, Novaliches, Quezon City, Metro Manila, Philippines",CLEANED|ROOFTOP
13 - Nat. Capital Region,Pamantasan ng Lungsod ng Marikina,LUC,Metro Manila,Marikina,"Pamantasan ng Lungsod ng Marikina, Marikina, Metro Manila, Philippines",pamantasan ng lungsod ng marikina marikina metro manila philippines,,14.6581998,121.1063754,google,"Brazil St., Greenheights Subdivision, Marikina, 1800 Metro Manila, Philippines",CLEANED|GEOMETRIC_CENTER
13 - Nat. Capital Region,Valenzuela City Polytechnic College,LUC,Metro Manila,Valenzuela,"Valenzuela City Polytechnic College, Valenzuela, Metro Manila, Philippines",valenzuela city polytechnic college valenzuela metro manila philippines,,14.6987526,120.9951463,google,"MXXW+G32, Kamagong, Valenzuela, Metro Manila, Philippines",CLEANED|GEOMETRIC_CENTER
13 - Nat. Capital Region,South Mansfield College,Private,Metro Manila,Muntinlupa,"South Mansfield College, Muntinlupa, Metro Manila, Philippines",south mansfield college muntinlupa metro manila philippines,,14.398727,121.043286,google,"Soldiers Hills St, Muntinlupa, Metro Manila, Philippines",CLEANED|GEOMETRIC_CENTER
13 - Nat. Capital Region,St. John of Beverly School,Private,Metro Manila,Quezon City,"St. John of Beverly School, Quezon City, Metro Manila, Philippines",street. john of beverly school quezon city metro manila philippines,"St. John of Beverly School, Quezon City, Metro Manila, Philippines, Metro Manila, Philippines",14.7057303,121.0379877,google,"749 Quirino Hwy, Novaliches, Quezon City, 1116 Metro Manila, Philippines",FALLBACK_FULL|ROOFTOP
13 - Nat. Capital Region,Jesus Reigns Christian College Foundation,Private,Metro Manila,Manila,"Jesus Reigns Christian College Foundation, Manila, Metro Manila, Philippines",jesus reigns christian college foundation manila metro manila philippines,"Jesus Reigns Christian College Foundation, Manila, Metro Manila, Philippines, Metro Manila, Philippines",,,,,
13 - Nat. Capital Region,Villagers Montessori College,Private,Metro Manila,Quezon City,"Villagers Montessori College, Quezon City, Metro Manila, Philippines",villagers montessori college quezon city metro manila philippines,,14.672935,121.019994,google,"18 Dalsol Rd, Project 8, Quezon City, 1116 Metro Manila, Philippines",CLEANED|ROOFTOP
13 - Nat. Capital Region,AMA School of Medicine,Private,Metro Manila,Makati,"AMA School of Medicine, Makati, Metro Manila, Philippines",ama school of medicine makati metro manila philippines,,14.547549,121.0127514,google,"AMA One Building 5486, South Luzon Expy, Makati City, Metro Manila, Philippines",CLEANED|GEOMETRIC_CENTER
13 - Nat. Capital Region,Enderun Colleges,Private,Metro Manila,Taguig,"Enderun Colleges, Taguig, Metro Manila, Philippines",enderun colleges taguig metro manila philippines,,14.532481,121.053044,google,"1100 Campus Avenue McKinley Hill Fort Bonifacio, Taguig, 1634 Metro Manila, Philippines",CLEANED|ROOFTOP
13 - Nat. Capital Region,Pateros Technological College,LUC,Metro Manila,Pateros,"Pateros Technological College, Pateros, Metro Manila, Philippines",pateros technological college pateros metro manila philippines,,14.5527031,121.0691234,google,"205 College St, Pasig, Metro Manila, Philippines",CLEANED|ROOFTOP
13 - Nat. Capital Region,Messiah College Foundation,Private,Metro Manila,Pasig,"Messiah College Foundation, Pasig, Metro Manila, Philippines",messiah college foundation pasig metro manila philippines,,14.5824779,121.0613688,google,"Tektite Tower West, Exchange Rd, Ortigas Center, Pasig, Metro Manila, Philippines",CLEANED|ROOFTOP
13 - Nat. Capital Region,National Polytechnic College of Science and Technology,Private,Metro Manila,Quezon City,"National Polytechnic College of Science and Technology, Quezon City, Metro Manila, Philippines",national polytechnic college of science and technology quezon city metro manila philippines,,14.7351933,121.0650352,google,"Quezon City, Metro Manila, Philippines",CLEANED|GEOMETRIC_CENTER
13 - Nat. Capital Region,Lady of Lourdes Hospital & Colleges of Caybiga,Private,Metro Manila,Caloocan,"Lady of Lourdes Hospital & Colleges of Caybiga, Caloocan, Metro Manila, Philippines",lady of lourdes hospital & colleges of caybiga caloocan metro manila philippines,,14.7191659,121.0067088,google,"P294+MM8, Caloocan, 1420 Metro Manila, Philippines",CLEANED|GEOMETRIC_CENTER
13 - Nat. Capital Region,College of St. Catherine,Private,Metro Manila,Quezon City,"College of St. Catherine, Quezon City, Metro Manila, Philippines",college of street. catherine quezon city metro manila philippines,"College of St. Catherine, Quezon City, Metro Manila, Philippines, Metro Manila, Philippines",14.6793992,121.0185678,google,"M2H9+QC4, Project 8, Quezon City, Metro Manila, Philippines",FALLBACK_FULL|GEOMETRIC_CENTER
13 - Nat. Capital Region,Grace Christian College,Private,Metro Manila,Quezon City,"Grace Christian College, Quezon City, Metro Manila, Philippines",grace christian college quezon city metro manila philippines,,14.6503491,121.0053073,google,"30 Grace Ave, Quezon City, 1100 Metro Manila, Philippines",CLEANED|ROOFTOP
13 - Nat. Capital Region,Taguig City University,LUC,Metro Manila,Taguig,"Taguig City University, Taguig, Metro Manila, Philippines",taguig city university taguig metro manila philippines,,14.490852,121.055118,google,"General Santos Ave, Taguig, 1632 Metro Manila, Philippines",CLEANED|GEOMETRIC_CENTER
13 - Nat. Capital Region,Centro Escolar University-Makati,Private,Metro Manila,Makati,"Centro Escolar University-Makati, Makati, Metro Manila, Philippines",centro escolar university-makati makati metro manila philippines,,14.5988806,120.9917563,google,"9 Mendiola St, San Miguel, Manila, 1008 Metro Manila, Philippines",CLEANED|ROOFTOP
13 - Nat. Capital Region,Philippine Cultural College,Private,Metro Manila,Quezon City,"Philippine Cultural College, Quezon City, Metro Manila, Philippines",philippine cultural college quezon city metro manila philippines,,14.6221882,121.003886,google,"46 Sen. Mariano J. Cuenco Senior St, corner D. Tuazon St, Santa Mesa Heights, Quezon City, 1114 Kalakhang Maynila, Philippines",CLEANED|GEOMETRIC_CENTER
13 - Nat. Capital Region,Diliman College,Private,Metro Manila,Quezon City,"Diliman College, Quezon City, Metro Manila, Philippines",diliman college quezon city metro manila philippines,,14.6747106,121.0820308,google,"Commonwealth Ave, Diliman, Quezon City, 1101 Metro Manila, Philippines",CLEANED|GEOMETRIC_CENTER
13 - Nat. Capital Region,Colegio de Sta. Teresa de Avila Foundation,Private,Metro Manila,Quezon City,"Colegio de Sta. Teresa de Avila Foundation, Quezon City, Metro Manila, Philippines",colegio de sta. teresa de avila foundation quezon city metro manila philippines,,14.7338288,121.0511969,google,"P3M2+GFP, Skylark, Novaliches, Quezon City, Metro Manila, Philippines",CLEANED|GEOMETRIC_CENTER
13 - Nat. Capital Region,The One Nation Entrepreneur School,Private,Metro Manila,Makati,"The One Nation Entrepreneur School, Makati, Metro Manila, Philippines",the one nation entrepreneur school makati metro manila philippines,"The One Nation Entrepreneur School, Makati, Metro Manila, Philippines, Metro Manila, Philippines",,,,,
13 - Nat. Capital Region,Bestlink College of the Philippines,Private,Metro Manila,Quezon City,"Bestlink College of the Philippines, Quezon City, Metro Manila, Philippines",bestlink college of the philippines quezon city metro manila philippines,"Bestlink College of the Philippines, Quezon City, Metro Manila, Philippines, Metro Manila, Philippines",14.7286114,121.041674,google,"Quirino Hwy, Novaliches, Quezon City, Metro Manila, Philippines",FALLBACK_FULL|GEOMETRIC_CENTER
13 - Nat. Capital Region,Global Reciprocal Colleges,Private,Metro Manila,Caloocan,"Global Reciprocal Colleges, Caloocan, Metro Manila, Philippines",global reciprocal colleges caloocan metro manila philippines,,14.6498365,120.9839212,google,"GRC Building, 454, 1400 Rizal Ave Ext, Grace Park East, Caloocan, Metro Manila, Philippines",CLEANED|ROOFTOP
13 - Nat. Capital Region,Golden Link College Foundation,Private,Metro Manila,Quezon City,"Golden Link College Foundation, Quezon City, Metro Manila, Philippines",golden link college foundation quezon city metro manila philippines,,14.7456068,121.0571617,google,"Main Waling-waling St. Brgy 177 Caloocan City North Metro Manila, Caloocan, Metro Manila, Philippines",CLEANED|GEOMETRIC_CENTER
13 - Nat. Capital Region,Pacific InterContinental College,Private,Metro Manila,Las Piñas,"Pacific InterContinental College, Las Piñas, Metro Manila, Philippines",pacific intercontinental college las pinas metro manila philippines,,14.41979,121.011068,google,"Silver, Las Piñas, Metro Manila, Philippines",CLEANED|GEOMETRIC_CENTER
13 - Nat. Capital Region,Asian Institute of Computer Studies-Quezon City,Private,Metro Manila,Quezon City,"Asian Institute of Computer Studies-Quezon City, Quezon City, Metro Manila, Philippines",asian institute of computer studies-quezon city quezon city metro manila philippines,"Asian Institute of Computer Studies-Quezon City, Quezon City, Metro Manila, Philippines, Metro Manila, Philippines",,,,,
13 - Nat. Capital Region,Far Eastern University-Makati,Private,Metro Manila,,,metro manila philippines,,,,,,
13 - Nat. Capital Region,Infotech College of Arts and Sciences Philippines,Private,Metro Manila,Marikina,"Infotech College of Arts and Sciences Philippines, Marikina, Metro Manila, Philippines",infotech college of arts and sciences philippines marikina metro manila philippines,"Infotech College of Arts and Sciences Philippines, Marikina, Metro Manila, Philippines, Metro Manila, Philippines",,,,,
13 - Nat. Capital Region,Treston International College,Private,Metro Manila,Taguig,"Treston International College, Taguig, Metro Manila, Philippines",treston international college taguig metro manila philippines,,14.5516198,121.0586223,google,"University Parkway District, 32nd Street Corner, C-5, Makati City, 1634 Metro Manila, Philippines",CLEANED|GEOMETRIC_CENTER
13 - Nat. Capital Region,Access Computer and Technical Colleges-Lagro,Private,Metro Manila,Quezon City,"Access Computer and Technical Colleges-Lagro, Quezon City, Metro Manila, Philippines",access computer and technical colleges-lagro quezon city metro manila philippines,"Access Computer and Technical Colleges-Lagro, Quezon City, Metro Manila, Philippines, Metro Manila, Philippines",,,,,
13 - Nat. Capital Region,UBIX Institute of Technologies,Private,Metro Manila,Muntinlupa,"UBIX Institute of Technologies, Muntinlupa, Metro Manila, Philippines",ubix institute of technologies muntinlupa metro manila philippines,"UBIX Institute of Technologies, Muntinlupa, Metro Manila, Philippines, Metro Manila, Philippines",,,,,
13 - Nat. Capital Region,College of Divine Wisdom,Private,Metro Manila,Parañaque,"College of Divine Wisdom, Parañaque, Metro Manila, Philippines",college of divine wisdom paranaque metro manila philippines,,14.4896048,120.9949784,google,"FXQV+RXX, Parañaque, 1700 Metro Manila, Philippines",CLEANED|GEOMETRIC_CENTER
13 - Nat. Capital Region,Meridian International College of Business and Arts,Private,Metro Manila,Taguig,"Meridian International College of Business and Arts, Taguig, Metro Manila, Philippines",meridian international college of business and arts taguig metro manila philippines,,14.5345125,121.0524693,google,"2F CIP Bldg, McKinley Hill 1030, Campus Avenue, Taguig, 1634 Metro Manila, Philippines",CLEANED|GEOMETRIC_CENTER
13 - Nat. Capital Region,La Consolacion College-Valenzuela,Private,Metro Manila,Valenzuela,"La Consolacion College-Valenzuela, Valenzuela, Metro Manila, Philippines",la consolacion college-valenzuela valenzuela metro manila philippines,,14.6880962,120.9649169,google,"MXQ7+6XM, St Jude Subdivision, Valenzuela, Metro Manila, Philippines",CLEANED|GEOMETRIC_CENTER
13 - Nat. Capital Region,South SEED LPDH College,Private,Metro Manila,Las Piñas,"South SEED LPDH College, Las Piñas, Metro Manila, Philippines",south seed lpdh college las pinas metro manila philippines,,14.4547878,120.9950287,google,"BH Homes, Yokohama, Las Piñas, 1740 Metro Manila, Philippines",CLEANED|GEOMETRIC_CENTER
13 - Nat. Capital Region,Bethel Bible College of the Assemblies of God,Private,Metro Manila,Valenzuela,"Bethel Bible College of the Assemblies of God, Valenzuela, Metro Manila, Philippines",bethel bible college of the assemblies of god valenzuela metro manila philippines,"Bethel Bible College of the Assemblies of God, Valenzuela, Metro Manila, Philippines, Metro Manila, Philippines",,,,,
13 - Nat. Capital Region,Christ the King College of Science and Technology,Private,Metro Manila,Muntinlupa,"Christ the King College of Science and Technology, Muntinlupa, Metro Manila, Philippines",christ the king college of science and technology muntinlupa metro manila philippines,,14.3971852,121.0470678,google,"Jaysonsville II,, 92WW+VRG, Muntinlupa, Metro Manila, Philippines",CLEANED|GEOMETRIC_CENTER
13 - Nat. Capital Region,Colegio de San Gabriel Archangel of Caloocan,Private,Metro Manila,Caloocan,"Colegio de San Gabriel Archangel of Caloocan, Caloocan, Metro Manila, Philippines",colegio de san gabriel archangel of caloocan caloocan metro manila philippines,,14.7805446,121.0356279,google,"Block 1 Lots 1-5 Phase 10 Package 6 Brgy. 176 Bagong Silang, Caloocan, 1428 Metro Manila, Philippines",CLEANED|GEOMETRIC_CENTER
13 - Nat. Capital Region,St. Vincent de Ferrer College of Camarin,Private,Metro Manila,Caloocan,"St. Vincent de Ferrer College of Camarin, Caloocan, Metro Manila, Philippines",street. vincent de ferrer college of camarin caloocan metro manila philippines,"St. Vincent de Ferrer College of Camarin, Caloocan, Metro Manila, Philippines, Metro Manila, Philippines",14.7570902,121.0595478,google,"Area D, SVFC Compound, San Vincente Ferrer St, Brgy 178 Camarin, Caloocan, 1400 Metro Manila, Philippines",FALLBACK_FULL|ROOFTOP
13 - Nat. Capital Region,Datamex College of Saint Adeline-Fairview,Private,Metro Manila,Quezon City,"Datamex College of Saint Adeline-Fairview, Quezon City, Metro Manila, Philippines",datamex college of saint adeline-fairview quezon city metro manila philippines,,14.705327,121.0778961,google,"85 Commonwealth Ave, Greater Fairview, Quezon City, 1118 Metro Manila, Philippines",CLEANED|ROOFTOP
13 - Nat. Capital Region,Asian Institute of Computer Studies-Bicutan,Private,Metro Manila,Parañaque,"Asian Institute of Computer Studies-Bicutan, Parañaque, Metro Manila, Philippines",asian institute of computer studies-bicutan paranaque metro manila philippines,,14.4853621,121.0407112,google,"1571 Triangle Bldg., Doa Soledad Avenue, Better Living Subd, Parañaque, 1709 Metro Manila, Philippines",CLEANED|GEOMETRIC_CENTER
13 - Nat. Capital Region,Access Computer and Technical Colleges-Camarin,Private,Metro Manila,Caloocan,"Access Computer and Technical Colleges-Camarin, Caloocan, Metro Manila, Philippines",access computer and technical colleges-camarin caloocan metro manila philippines,"Access Computer and Technical Colleges-Camarin, Caloocan, Metro Manila, Philippines, Metro Manila, Philippines",,,,,
13 - Nat. Capital Region,Datamex College of Saint Adeline-Valenzuela,Private,Metro Manila,Valenzuela,"Datamex College of Saint Adeline-Valenzuela, Valenzuela, Metro Manila, Philippines",datamex college of saint adeline-valenzuela valenzuela metro manila philippines,,14.6765648,120.9808094,google,"11, Gotaco Building 2, MacArthur Highway, Marulas, Gotaco, R-9, Valenzuela, 1440 Metro Manila, Philippines",CLEANED|ROOFTOP
13 - Nat. Capital Region,School of Fashion and the Arts,Private,Metro Manila,Makati,"School of Fashion and the Arts, Makati, Metro Manila, Philippines",school of fashion and the arts makati metro manila philippines,"School of Fashion and the Arts, Makati, Metro Manila, Philippines, Metro Manila, Philippines",,,,,
13 - Nat. Capital Region,ICI Global University,Private,Metro Manila,Pasig,"ICI Global University, Pasig, Metro Manila, Philippines",ici global university pasig metro manila philippines,"ICI Global University, Pasig, Metro Manila, Philippines, Metro Manila, Philippines",,,,,
13 - Nat. Capital Region,Southville International School,Private,Metro Manila,Las Piñas,"Southville International School, Las Piñas, Metro Manila, Philippines",southville international school las pinas metro manila philippines,,14.4550489,120.9950908,google,"1281 Tropical Avenue Corner Luxembourg Street, BF Homes International, Las Piñas, 1740 Metro Manila, Philippines",CLEANED|GEOMETRIC_CENTER
13 - Nat. Capital Region,St. Therese of the Child Jesus Institute of Arts and Sciences,Private,Metro Manila,Pasay,"St. Therese of the Child Jesus Institute of Arts and Sciences, Pasay, Metro Manila, Philippines",street. therese of the child jesus institute of arts and sciences pasay metro manila philippines,"St. Therese of the Child Jesus Institute of Arts and Sciences, Pasay, Metro Manila, Philippines, Metro Manila, Philippines",,,,,
13 - Nat. Capital Region,Arellano University-Mandaluyong,Private,Metro Manila,Mandaluyong,"Arellano University-Mandaluyong, Mandaluyong, Metro Manila, Philippines",arellano university-mandaluyong mandaluyong metro manila philippines,"Arellano University-Mandaluyong, Mandaluyong, Metro Manila, Philippines, Metro Manila, Philippines",,,,,
13 - Nat. Capital Region,La Verdad Christian College-Caloocan,Private,Metro Manila,Caloocan,"La Verdad Christian College-Caloocan, Caloocan, Metro Manila, Philippines",la verdad christian college-caloocan caloocan metro manila philippines,"La Verdad Christian College-Caloocan, Caloocan, Metro Manila, Philippines, Metro Manila, Philippines",,,,,
13 - Nat. Capital Region,Rizal Technological University-Pasig,SUC,Metro Manila,Pasig,"Rizal Technological University-Pasig, Pasig, Metro Manila, Philippines",rizal technological university-pasig pasig metro manila philippines,,14.5730514,121.0999984,google,"Eusebio, Pasig, Metro Manila, Philippines",CLEANED|GEOMETRIC_CENTER
13 - Nat. Capital Region,Eclaro Academy,Private,Metro Manila,Quezon City,"Eclaro Academy, Quezon City, Metro Manila, Philippines",eclaro academy quezon city metro manila philippines,,14.6722182,121.0780047,google,"5 Zuzuarregui St, Quezon City, Metro Manila, Philippines",CLEANED|ROOFTOP
13 - Nat. Capital Region,Asia Harvesters College and Seminary,Private,Metro Manila,Quezon City,"Asia Harvesters College and Seminary, Quezon City, Metro Manila, Philippines",asia harvesters college and seminary quezon city metro manila philippines,,14.680397,121.080759,google,"Puno Foundation Building , Holy Spirit Drive, Holy Spirit , 1127 Quezon City , Metro Manila, Quezon City, Metro Manila, Philippines",CLEANED|GEOMETRIC_CENTER
13 - Nat. Capital Region,Don Carlo Cavina School,Private,Metro Manila,Las Piñas,"Don Carlo Cavina School, Las Piñas, Metro Manila, Philippines",don carlo cavina school las pinas metro manila philippines,"Don Carlo Cavina School, Las Piñas, Metro Manila, Philippines, Metro Manila, Philippines",,,,,
13 - Nat. Capital Region,Integrated Innovation and Hospitality Colleges,Private,Metro Manila,Quezon City,"Integrated Innovation and Hospitality Colleges, Quezon City, Metro Manila, Philippines",integrated innovation and hospitality colleges quezon city metro manila philippines,"Integrated Innovation and Hospitality Colleges, Quezon City, Metro Manila, Philippines, Metro Manila, Philippines",,,,,
13 - Nat. Capital Region,Philippine School of Interior Design- AHLEN Institute,Private,Metro Manila,Taguig,"Philippine School of Interior Design- AHLEN Institute, Taguig, Metro Manila, Philippines",philippine school of interior design- ahlen institute taguig metro manila philippines,"Philippine School of Interior Design- AHLEN Institute, Taguig, Metro Manila, Philippines, Metro Manila, Philippines",,,,,
13 - Nat. Capital Region,Recoletos School of Theology,Private,Metro Manila,Quezon City,"Recoletos School of Theology, Quezon City, Metro Manila, Philippines",recoletos school of theology quezon city metro manila philippines,,14.6783134,121.0608036,google,"M3H6+88F, Quezon City, Metro Manila, Philippines",CLEANED|GEOMETRIC_CENTER
13 - Nat. Capital Region,Dr. Jose Fabella Memorial Hospital School of Midwifery,OGS,Metro Manila,Manila,"Dr. Jose Fabella Memorial Hospital School of Midwifery, Manila, Metro Manila, Philippines",dr. jose fabella memorial hospital school of midwifery manila metro manila philippines,,14.606261,120.984188,google,"Dr.Jose Fabella Memorial Hospital, Lope de Vega St, 312, Sta.Cruz, 1003 Metro Manila, Philippines",CLEANED|ROOFTOP
13 - Nat. Capital Region,CIIT College of Arts and Technology,Private,Metro Manila,Quezon City,"CIIT College of Arts and Technology, Quezon City, Metro Manila, Philippines",ciit college of arts and technology quezon city metro manila philippines,,14.6295232,121.0419378,google,"94 Kamuning Rd, Diliman, Quezon City, 1103 Metro Manila, Philippines",CLEANED|ROOFTOP
13 - Nat. Capital Region,Southeast Asia Christian College,Private,Metro Manila,Caloocan,"Southeast Asia Christian College, Caloocan, Metro Manila, Philippines",southeast asia christian college caloocan metro manila philippines,,14.6580637,120.9839909,google,"42 Monserrat St., MBS, 083 Caloocan City Metro Manila, Caloocan, Metro Manila, Philippines",CLEANED|GEOMETRIC_CENTER
13 - Nat. Capital Region,Datamex College of Saint Adeline-Parañaque,Private,Metro Manila,Parañaque,"Datamex College of Saint Adeline-Parañaque, Parañaque, Metro Manila, Philippines",datamex college of saint adeline-paranaque paranaque metro manila philippines,"Datamex College of Saint Adeline-Parañaque, Parañaque, Metro Manila, Philippines, Metro Manila, Philippines",,,,,
13 - Nat. Capital Region,FEU Institute of Technology,Private,Metro Manila,Manila,"FEU Institute of Technology, Manila, Metro Manila, Philippines",feu institute of technology manila metro manila philippines,,14.604119,120.9886247,google,"Padre Paredes St, Sampaloc, Manila, 1015 Metro Manila, Philippines",CLEANED|GEOMETRIC_CENTER
13 - Nat. Capital Region,Makati Science Technological Institute of the Philippines,Private,Metro Manila,Manila,"Makati Science Technological Institute of the Philippines, Manila, Metro Manila, Philippines",makati science technological institute of the philippines manila metro manila philippines,,14.600897,121.0127397,google,"4410 erl bldg, Mesa, Old Sta. Mesa St, Sampaloc, Manila, Metro Manila, Philippines",CLEANED|GEOMETRIC_CENTER
13 - Nat. Capital Region,Electron College of Technical Education,Private,Metro Manila,Quezon City,"Electron College of Technical Education, Quezon City, Metro Manila, Philippines",electron college of technical education quezon city metro manila philippines,,14.698849,121.034194,google,"Electron Tech. Bldg, 664 Quirino Hwy, Novaliches, Quezon City, 1116 Metro Manila, Philippines",CLEANED|ROOFTOP
13 - Nat. Capital Region,Marianum College,Private,Metro Manila,Muntinlupa,"Marianum College, Muntinlupa, Metro Manila, Philippines",marianum college muntinlupa metro manila philippines,,14.378704,121.0534014,google,"146-D Magallanes St, Muntinlupa, Metro Manila, Philippines",CLEANED|ROOFTOP
13 - Nat. Capital Region,Metropolitan Institute of Arts and Sciences,Private,Metro Manila,Caloocan,"Metropolitan Institute of Arts and Sciences, Caloocan, Metro Manila, Philippines",metropolitan institute of arts and sciences caloocan metro manila philippines,,14.7507731,121.0458083,google,"Q22W+883, Caloocan, Metro Manila, Philippines",CLEANED|GEOMETRIC_CENTER
13 - Nat. Capital Region,Sapphire International Aviation Academy,Private,Metro Manila,Parañaque,"Sapphire International Aviation Academy, Parañaque, Metro Manila, Philippines",sapphire international aviation academy paranaque metro manila philippines,,14.4702189,121.0099134,google,"8227 Dr. A. Santos Ave. Westmont Village San Isidro, Parañaque, 1700, F2C6+32W, Paranaque - Sucat Rd, Parañaque, 1700 Metro Manila, Philippines",CLEANED|GEOMETRIC_CENTER
13 - Nat. Capital Region,FEU Alabang,Private,Metro Manila,Muntinlupa,"FEU Alabang, Muntinlupa, Metro Manila, Philippines",feu alabang muntinlupa metro manila philippines,,14.4106849,121.0378417,google,"Corporate Woods cor. South Corporate Avenues, C26Q+545 Wood District, Filinvest City, Muntinlupa, 1781 Metro Manila, Philippines",CLEANED|GEOMETRIC_CENTER
13 - Nat. Capital Region,GK College of Business Arts and Technology,Private,Metro Manila,Mandaluyong,"GK College of Business Arts and Technology, Mandaluyong, Metro Manila, Philippines",gk college of business arts and technology mandaluyong metro manila philippines,,14.5763901,121.0404236,google,"677 Boni cor, Aliw, Mandaluyong City, 1550 Metro Manila, Philippines",CLEANED|GEOMETRIC_CENTER
13 - Nat. Capital Region,NBS College,Private,Metro Manila,Quezon City,"NBS College, Quezon City, Metro Manila, Philippines",nbs college quezon city metro manila philippines,,14.6393057,121.0308294,google,"3rd & 4th floors, Sct. Borromeo corner Quezon Avenue, Diliman, Quezon City, Kalakhang Maynila, Philippines",CLEANED|GEOMETRIC_CENTER
13 - Nat. Capital Region,St. Chamuel College,Private,Metro Manila,Taguig,"St. Chamuel College, Taguig, Metro Manila, Philippines",street. chamuel college taguig metro manila philippines,"St. Chamuel College, Taguig, Metro Manila, Philippines, Metro Manila, Philippines",14.5282586,121.0721552,google,"1639 Gen. Luna St, Taguig, 1639 Metro Manila, Philippines",FALLBACK_FULL|ROOFTOP
13 - Nat. Capital Region,College of Saint Amatiel,Private,Metro Manila,Malabon,"College of Saint Amatiel, Malabon, Metro Manila, Philippines",college of saint amatiel malabon metro manila philippines,"College of Saint Amatiel, Malabon, Metro Manila, Philippines, Metro Manila, Philippines",,,,,
13 - Nat. Capital Region,South CompEdge College,Private,Metro Manila,Parañaque,"South CompEdge College, Parañaque, Metro Manila, Philippines",south compedge college paranaque metro manila philippines,,14.529923,120.996938,google,"260, 1702 Quirino Ave, Parañaque, 1702 Metro Manila, Philippines",CLEANED|ROOFTOP
13 - Nat. Capital Region,United Christian Academy College of Asia,Private,Metro Manila,Parañaque,"United Christian Academy College of Asia, Parañaque, Metro Manila, Philippines",united christian academy college of asia paranaque metro manila philippines,"United Christian Academy College of Asia, Parañaque, Metro Manila, Philippines, Metro Manila, Philippines",,,,,
13 - Nat. Capital Region,Colegio de Muntinlupa,LUC,Metro Manila,Muntinlupa,"Colegio de Muntinlupa, Muntinlupa, Metro Manila, Philippines",colegio de muntinlupa muntinlupa metro manila philippines,,14.4576702,121.0507301,google,"Mayor J.Posadas Ave, Muntinlupa, 1770 Metro Manila, Philippines",CLEANED|GEOMETRIC_CENTER
13 - Nat. Capital Region,Parañaque City College,LUC,Metro Manila,Parañaque,"Parañaque City College, Parañaque, Metro Manila, Philippines",paranaque city college paranaque metro manila philippines,,14.4918213,120.9863619,google,"Coastal Road, cor Victor Medina, Parañaque, 1700 Metro Manila, Philippines",CLEANED|ROOFTOP
13 - Nat. Capital Region,ACLC College of Commonwealth,Private,Metro Manila,Quezon City,"ACLC College of Commonwealth, Quezon City, Metro Manila, Philippines",aclc college of commonwealth quezon city metro manila philippines,,14.6786857,121.0828801,google,"Block 11 Lot 31, Lirio 1 Building, Commonwealth Ave, Quezon City, 1126 Metro Manila, Philippines",CLEANED|GEOMETRIC_CENTER
13 - Nat. Capital Region,ACLC College of Manila,Private,Metro Manila,Manila,"ACLC College of Manila, Manila, Metro Manila, Philippines",aclc college of manila manila metro manila philippines,"ACLC College of Manila, Manila, Metro Manila, Philippines, Metro Manila, Philippines",,,,,
13 - Nat. Capital Region,FEU Diliman,Private,Metro Manila,Quezon City,"FEU Diliman, Quezon City, Metro Manila, Philippines",feu diliman quezon city metro manila philippines,,14.6852744,121.0644142,google,"Sampaguita Avenue, Mapayapa Village III, Quezon City, 1101 Metro Manila, Philippines",CLEANED|GEOMETRIC_CENTER
13 - Nat. Capital Region,NU Fairview,Private,Metro Manila,Quezon City,"NU Fairview, Quezon City, Metro Manila, Philippines",nu fairview quezon city metro manila philippines,,14.7329749,121.0603167,google,"SM Fairview Complex, Quirino Hwy, corner Regalado Hwy, Quezon City, Metro Manila, Philippines",CLEANED|ROOFTOP
13 - Nat. Capital Region,St. Francis Technical Institute,Private,Metro Manila,Caloocan,"St. Francis Technical Institute, Caloocan, Metro Manila, Philippines",street. francis technical institute caloocan metro manila philippines,"St. Francis Technical Institute, Caloocan, Metro Manila, Philippines, Metro Manila, Philippines",14.745434,121.0536429,google,"5604 Zapote Rd, Caloocan, Metro Manila, Philippines",FALLBACK_FULL|ROOFTOP
13 - Nat. Capital Region,Mandaluyong College of Science and Technology,LUC,Metro Manila,Mandaluyong,"Mandaluyong College of Science and Technology, Mandaluyong, Metro Manila, Philippines",mandaluyong college of science and technology mandaluyong metro manila philippines,,14.5844398,121.0348649,google,"Welfareville Compound, Mandaluyong City, Metro Manila, Philippines",CLEANED|GEOMETRIC_CENTER
13 - Nat. Capital Region,Iglesia ni Cristo (Church of Christ) School for Ministers,Private,Metro Manila,Quezon City,"Iglesia ni Cristo (Church of Christ) School for Ministers, Quezon City, Metro Manila, Philippines",iglesia ni cristo (church of christ) school for ministers quezon city metro manila philippines,"Iglesia ni Cristo (Church of Christ) School for Ministers, Quezon City, Metro Manila, Philippines, Metro Manila, Philippines",,,,,
