project_name,floor_area,bedrooms,bathrooms,condition,parking,price_per_sqm
The Calinea Tower,126.0,3,3,1,0,174603.17460317462
The Calinea Tower,86.0,3,2,1,0,151453.48837209304
The Calinea Tower,30.0,1,1,1,0,200233.33333333334
The Calinea Tower,70.0,2,1,1,0,156257.14285714287
The Calinea Tower,79.0,3,2,1,0,148101.2658227848
Zinnia Towers,86.0,3,2,1,0,162604.6511627907
The Calinea Tower,57.0,2,1,1,0,174245.61403508772
The Calinea Tower,57.0,1,1,1,0,173280.70175438595
The Calinea Tower,52.0,1,1,1,0,187384.61538461538
The Calinea Tower,42.0,1,1,2,0,173666.66666666666
The Calinea Tower,33.0,1,1,1,0,191181.81818181818
The Calinea Tower,52.0,1,1,1,0,187384.61538461538
The Calinea Tower,30.0,1,1,1,0,195166.66666666666
Elevé Homes Camarin,81.0,3,2,1,0,23641.975308641977
The Calinea Tower,52.0,2,1,1,0,174711.53846153847
Torre De Florencia,22.0,1,1,1,0,145454.54545454544
The Calinea Tower,83.0,3,2,1,0,145518.07228915664
The Calinea Tower,57.0,2,1,1,0,152631.57894736843
The Calinea Tower,97.0,3,2,1,0,148453.60824742267
The Calinea Tower,97.0,3,2,1,0,148453.60824742267
The Calinea Tower,52.0,1,1,1,0,185326.92307692306
The Calinea Tower,79.0,3,2,1,0,151924.05063291139
The Calinea Tower,97.0,3,2,1,0,122680.41237113402
The Calinea Tower,97.0,3,2,1,0,122680.41237113402
The Calinea Tower,57.0,2,1,1,0,151140.35087719298
The Calinea Tower,52.0,2,1,1,0,163730.76923076922
Aguada Residences,66.0,2,2,1,0,133240.0
Torre De Florencia,21.0,1,1,1,0,153285.7142857143
Torre De Florencia,36.0,1,1,1,0,151333.33333333334
The Calinea Tower,64.0,2,1,1,0,148953.125
The Calinea Tower,64.0,2,1,1,0,139578.125
The Calinea Tower,57.0,2,1,1,0,156719.29824561405
The Calinea Tower,57.0,1,1,1,0,172385.9649122807
The Calinea Tower,77.0,2,1,1,0,153324.67532467534
The Calinea Tower,86.0,3,2,1,0,147011.62790697673
The Calinea Tower,64.0,2,1,1,0,148953.125
Elevé Homes Camarin,23.0,1,1,3,0,83217.39130434782
Satori Residences,97.0,3,2,2,0,124450.51546391753
Satori Residences,79.0,3,2,2,0,134498.7341772152
Satori Residences,62.0,2,1,2,0,143245.16129032258
Satori Residences,52.0,2,1,2,0,154626.92307692306
Satori Residences,82.0,2,1,2,0,134539.0243902439
The Calinea Tower,67.0,2,1,1,0,108940.29850746269
The Calinea Tower,68.0,2,1,1,0,99838.23529411765
The Calinea Tower,68.0,2,1,1,0,101455.88235294117
The Calinea Tower,68.0,2,1,1,0,107338.23529411765
The Calinea Tower,68.0,2,1,1,0,99838.23529411765
The Calinea Tower,67.0,2,1,1,0,101328.35820895522
The Calinea Tower,68.0,2,1,1,0,101455.88235294117
The Calinea Tower,68.0,2,1,1,0,107338.23529411765
The Calinea Tower,68.0,2,1,1,0,102764.70588235294
The Calinea Tower,56.0,2,1,1,0,142857.14285714287
The Calinea Tower,30.0,1,1,1,0,176666.66666666666
Victoria Sports Tower,25.0,1,1,1,0,128000.0
The Calinea Tower,68.0,2,1,1,0,102764.70588235294
The Calinea Tower,67.0,2,1,1,0,101328.35820895522
The Oriana,30.0,2,1,1,0,230000.0
Zinnia Towers,52.0,2,1,1,0,127519.23076923077
The Calinea Tower,56.0,1,1,1,0,142857.14285714287
The Calinea Tower,83.0,3,2,1,0,139759.0361445783
The Calinea Tower,64.0,2,1,1,0,135937.5
Studio A,56.0,1,1,1,0,142857.14285714287
The Calinea Tower,30.0,1,1,1,0,176666.66666666666
Zinnia Towers,52.0,2,1,1,0,127464.44230769231
The Calinea Tower,83.0,3,2,1,0,139759.0361445783
The Calinea Tower,64.0,2,1,1,0,139062.5
The Calinea Tower,52.0,1,1,1,0,171153.84615384616
The Calinea Tower,30.0,1,1,1,0,183340.76666666666
Torre De Florencia,21.0,1,1,1,0,153285.7142857143
Victoria Sports Tower,25.0,1,1,1,0,160000.0
Victoria Sports Tower,25.0,1,1,1,0,110000.36
Senta,50.0,2,2,1,0,110000.0
Victoria Sports Tower,25.0,1,1,1,0,110000.08
Heritage Homes Marilao,36.0,1,1,2,0,44444.444444444445
Hacienda Balai,30.0,1,1,1,0,93333.33333333333
Ohana Place,141.0,3,2,3,1,106382.97872340426
Pacific Coast Residences,44.0,2,1,1,0,140909.0909090909
South Residences,36.0,2,1,2,0,161111.11111111112
Sonora Garden Residences,81.0,3,2,1,0,125925.92592592593
Paseo Verde,28.0,1,1,2,0,135714.2857142857
South 2 Residences,25.0,1,1,1,0,144000.0
Sonora Garden Residences,81.0,3,2,1,0,125876.54320987655
Sonora Garden Residences,81.0,3,2,3,0,124024.69135802469
Sonora Garden Residences,56.0,2,1,3,0,125910.71428571429
Sonora Garden Residences,28.0,1,1,3,0,165892.85714285713
Sonora Garden Residences,28.0,1,1,1,0,163571.42857142858
Sonora Garden Residences,28.0,1,1,1,0,159071.42857142858
South Residences,36.0,2,1,3,0,166666.66666666666
Amaia Steps Alabang,32.0,1,1,1,0,171875.0
Sonora Garden Residences,58.0,2,1,1,0,112068.96551724138
Sonora Garden Residences,81.0,3,2,1,0,54320.98765432099
South 2 Residences,25.0,1,1,1,0,172120.0
South 2 Residences,25.0,1,1,1,0,172120.0
Amaia Steps Alabang,32.0,1,1,2,0,168750.0
One Premier,79.0,3,3,2,0,134177.21518987342
Ohana Place,36.0,2,1,3,1,172222.22222222222
Maricielo Villas,78.0,3,2,3,0,76923.07692307692
Viento at Cerca,24.0,1,1,1,0,316541.6666666667
Sonora Garden Residences,58.0,2,1,2,0,111420.93103448275
South Residences,23.0,1,1,3,0,156521.73913043478
Sonora Garden Residences,58.0,2,1,1,0,115517.24137931035
Paseo Verde at Real,36.0,1,1,1,0,116666.66666666667
South Residences,36.0,2,2,1,0,113888.88888888889
Park One,19.0,1,1,1,0,174588.1052631579
Sonora Garden Residences,56.0,2,1,1,0,110300.0
Sonora Garden Residences,54.0,2,1,1,0,113768.51851851853
Sonora Garden Residences,58.0,2,1,1,0,113429.31034482758
Sonora Garden Residences,58.0,2,1,1,0,109077.58620689655
Sonora Garden Residences,56.0,2,1,1,0,116700.0
Sonora Garden Residences,26.0,2,1,1,0,158942.3076923077
Sonora Garden Residences,81.0,3,2,1,0,111255.55555555556
Sonora Garden Residences,28.0,1,1,1,0,150953.57142857142
Sonora Garden Residences,58.0,2,1,1,0,109077.58620689655
Sonora Garden Residences,56.0,2,1,1,0,113496.42857142857
Sonora Garden Residences,28.0,1,1,1,0,150946.42857142858
Sonora Garden Residences,60.0,2,1,1,0,109095.0
Sonora Garden Residences,58.0,2,1,1,0,112884.4827586207
South Residences,25.0,1,1,1,0,144000.0
Sonora Garden Residences,28.0,1,1,2,0,168071.42857142858
Sonora Garden Residences,81.0,3,2,1,0,111077.77777777778
Twin Residences,24.0,1,1,1,0,166666.66666666666
Sonora Garden Residences,81.0,3,2,1,0,111077.77777777778
Sonora Garden Residences,58.0,2,1,1,0,109070.8275862069
Sonora Garden Residences,56.0,2,1,1,0,113496.42857142857
Sonora Garden Residences,56.0,2,1,1,0,104889.28571428571
Sonora Garden Residences,28.0,1,1,1,0,157428.57142857142
Sonora Garden Residences,28.0,1,1,1,0,151528.57142857142
Sonora Garden Residences,56.0,2,1,1,0,104785.71428571429
Sonora Garden Residences,56.0,2,1,1,0,106946.42857142857
Sonora Garden Residences,56.0,2,1,1,0,103571.42857142857
Sonora Garden Residences,56.0,2,1,1,0,110500.0
Sonora Garden Residences,56.0,2,1,1,0,115200.0
Sonora Garden Residences,56.0,2,1,1,0,109462.5
Sonora Garden Residences,56.0,2,1,1,0,109428.57142857143
Sonora Garden Residences,58.0,2,1,1,0,104479.31034482758
Sonora Garden Residences,58.0,2,1,1,0,106991.37931034483
Sonora Garden Residences,56.0,2,1,1,0,112966.07142857143
Sonora Garden Residences,56.0,2,1,1,0,113496.42857142857
Sonora Garden Residences,56.0,2,1,1,0,104882.14285714286
Sonora Garden Residences,28.0,1,1,1,0,143228.57142857142
Sonora Garden Residences,28.0,1,1,1,0,149850.0
Sonora Garden Residences,28.0,1,1,1,0,154735.7142857143
Sonora Garden Residences,28.0,1,1,1,0,157403.57142857142
Sonora Garden Residences,28.0,1,1,1,0,159557.14285714287
Sonora Garden Residences,28.0,1,1,1,0,154350.0
Sonora Garden Residences,28.0,1,1,1,0,151528.57142857142
Park One,21.0,1,1,2,0,173858.33333333334
Park One,32.0,1,1,2,0,193932.65625
Senta,60.0,1,1,1,1,293885.6666666667
Sonora Garden Residences,81.0,3,2,1,0,113855.55555555556
Sonora Garden Residences,81.0,3,2,1,0,112911.11111111111
Sonora Garden Residences,81.0,3,2,1,0,111077.77777777778
Sonora Garden Residences,56.0,2,1,1,0,111600.0
Sonora Garden Residences,58.0,2,1,1,0,104477.58620689655
Sonora Garden Residences,56.0,2,1,1,0,106035.71428571429
Sonora Garden Residences,56.0,2,1,1,0,113496.42857142857
Sonora Garden Residences,28.0,1,1,1,0,156310.7142857143
Sonora Garden Residences,28.0,1,1,1,0,151264.2857142857
Sonora Garden Residences,28.0,1,1,1,0,151521.42857142858
Twin Residences,25.0,1,1,1,0,196804.8
Maricielo Villas,106.0,4,2,2,0,82181.1320754717
Sonora Garden Residences,81.0,3,2,1,0,123419.75308641975
Sonora Garden Residences,56.0,2,1,1,0,117821.42857142857
South 2 Residences,39.0,2,1,2,0,42073.02564102564
South 2 Residences,25.0,1,1,2,0,61209.4
Maricielo Villas,51.0,2,1,1,0,58823.490196078434
South Residences,36.0,2,1,1,1,166666.66666666666
Sonora Garden Residences,28.0,1,1,1,0,168071.42857142858
Maricielo Villas,78.0,3,2,2,0,87666.66666666667
Maricielo Villas,61.0,2,1,2,0,101327.86885245901
Maricielo Villas,53.0,2,1,2,0,99735.84905660378
Viento at Cerca,24.0,1,1,1,0,250000.0
Sonora Garden Residences,65.0,2,1,1,0,111530.76923076923
Sonora Garden Residences,58.0,2,1,1,0,122027.58620689655
Sonora Garden Residences,56.0,2,1,1,0,123846.42857142857
Sonora Garden Residences,28.0,1,1,1,0,151521.42857142858
South 2 Residences,26.0,1,1,1,0,143061.53846153847
Amaia Steps Alabang,32.0,1,1,1,1,171875.0
PHINMA Metrotowne Las Piñas,22.0,1,1,1,0,152272.72727272726
Two Premier,22.0,1,1,1,0,104136.36363636363
PHINMA Metrotowne Las Piñas,48.0,2,1,1,0,157333.33333333334
Sonora Garden Residences,56.0,1,1,2,0,83928.57142857143
Amaia Steps Alabang,48.0,2,1,3,0,93750.0
PHINMA Metrotowne Las Piñas,22.0,1,1,1,0,161409.0909090909
Shore 3 Residences,33.0,1,1,1,0,254545.45454545456
PHINMA Metrotowne Las Piñas,47.0,2,1,1,0,160680.8510638298
PHINMA Metrotowne Las Piñas,22.0,1,1,1,0,161409.0909090909
PHINMA Metrotowne Las Piñas,22.0,1,1,1,0,161409.0909090909
Viento at Cerca,50.0,1,1,1,0,340000.0
Sonora Garden Residences,65.0,2,1,1,0,120000.0
Sonora Garden Residences,65.0,2,1,1,0,120000.0
Sonora Garden Residences,81.0,1,1,2,0,122185.55555555556
Sonora Garden Residences,81.0,1,1,2,0,123419.75308641975
Sonora Garden Residences,28.0,1,1,1,0,159000.0
Maricielo Villas,78.0,3,2,1,0,94076.92307692308
Ohana Place,28.0,1,1,1,0,243000.0
Nuveo at Cerca,29.0,1,1,1,0,268972.9310344828
Sonora Garden Residences,65.0,2,1,1,0,117661.53846153847
Sonora Garden Residences,28.0,1,1,2,0,164285.7142857143
Sonora Garden Residences,65.0,2,1,1,0,117661.53846153847
Sonora Garden Residences,65.0,2,1,1,0,114892.30769230769
Sonora Garden Residences,65.0,2,1,1,0,135692.3076923077
Sonora Garden Residences,83.0,2,1,1,0,78313.2530120482
Sonora Garden Residences,65.0,2,1,1,0,135692.3076923077
Nuveo at Cerca,29.0,1,1,1,0,284827.5862068966
Paseo Verde at Real,38.0,1,1,2,0,131578.94736842104
South Residences,36.0,2,1,2,0,172222.22222222222
Twin Residences,24.0,1,1,3,0,208333.33333333334
Sonora Garden Residences,56.0,2,1,1,0,116732.14285714286
Sonora Garden Residences,28.0,1,1,1,0,159142.85714285713
Ohana Place,47.0,2,1,1,0,91914.89361702128
Paseo Verde at Real,24.0,1,1,2,0,166666.66666666666
South Residences,36.0,2,1,2,0,172222.22222222222
Almanza Metropolis Condominium,58.0,3,2,2,1,86206.89655172414
Amaia Steps Alabang,21.0,1,1,1,0,171428.57142857142
Maricielo Villas,56.0,2,1,1,0,98214.28571428571
The Hermosa,33.0,1,1,3,0,324515.1515151515
The Hermosa,33.0,1,1,3,0,323878.7878787879
The Hermosa,33.0,1,1,3,0,324515.1515151515
The Hermosa,33.0,1,1,3,0,323878.7878787879
The Hermosa,33.0,1,1,3,0,323878.7878787879
Twin Residences,26.0,1,1,1,0,165384.61538461538
South 2 Residences,25.0,1,1,1,0,148000.0
South Residences,36.0,2,1,2,0,172222.22222222222
The Hermosa,33.0,1,1,3,0,312151.51515151514
The Hermosa,33.0,1,1,3,0,307151.51515151514
Ohana Place,57.0,2,1,2,1,92982.45614035087
South Residences,36.0,2,1,2,0,172222.22222222222
The Hermosa,23.0,1,1,3,0,293304.347826087
The Hermosa,23.0,1,1,3,0,292695.652173913
The Hermosa,23.0,1,1,3,0,292086.95652173914
The Hermosa,23.0,1,1,3,0,291434.7826086957
The Hermosa,33.0,1,1,3,0,323878.7878787879
The Hermosa,33.0,1,1,3,0,323878.7878787879
Paseo Verde at Real,24.0,1,1,1,0,155658.75
The Hermosa,33.0,1,1,3,0,310181.8181818182
South Residences,36.0,2,1,2,0,172222.22222222222
The Hermosa,39.0,1,1,2,0,313051.28205128206
The Hermosa,39.0,1,1,3,0,309974.358974359
The Hermosa,33.0,1,1,3,0,324515.1515151515
The Hermosa,33.0,1,1,3,0,323121.2121212121
The Hermosa,39.0,1,1,3,0,313051.28205128206
The Hermosa,33.0,1,1,3,0,329424.24242424243
The Hermosa,33.0,1,1,3,0,323272.7272727273
The Hermosa,33.0,1,1,3,0,310181.8181818182
The Hermosa,39.0,1,1,3,0,309974.358974359
The Hermosa,33.0,1,1,3,0,329424.24242424243
The Hermosa,37.0,1,1,3,0,289297.2972972973
The Hermosa,37.0,1,1,3,0,313108.1081081081
The Hermosa,37.0,1,1,3,0,311891.8918918919
Amaia Steps Alabang,32.0,1,1,1,0,141625.0
The Hermosa,23.0,1,1,3,0,294565.2173913043
The Hermosa,23.0,1,1,3,0,293956.52173913043
The Hermosa,23.0,1,1,3,0,293304.347826087
The Hermosa,23.0,1,1,3,0,292695.652173913
The Hermosa,23.0,1,1,3,0,292086.95652173914
The Hermosa,23.0,1,1,3,0,291434.7826086957
Sonora Garden Residences,56.0,2,1,1,0,113392.85714285714
Sonora Garden Residences,56.0,2,1,1,0,139785.7142857143
Sonora Garden Residences,58.0,2,1,1,0,114155.1724137931
South 2 Residences,25.0,1,1,2,0,140920.0
The Hermosa,37.0,1,1,3,0,313108.1081081081
The Hermosa,37.0,1,1,3,0,313108.1081081081
The Hermosa,37.0,1,1,3,0,313108.1081081081
The Hermosa,33.0,1,1,3,0,322727.2727272727
The Hermosa,33.0,1,1,3,0,321484.8484848485
The Hermosa,33.0,1,1,3,0,321484.8484848485
The Hermosa,33.0,1,1,3,0,320242.42424242425
The Hermosa,39.0,1,1,3,0,310487.1794871795
The Hermosa,39.0,1,1,3,0,301820.5128205128
The Hermosa,33.0,1,1,3,0,320242.42424242425
The Hermosa,33.0,1,1,3,0,307151.51515151514
The Hermosa,33.0,1,1,3,0,320242.42424242425
The Hermosa,33.0,1,1,3,0,320242.42424242425
The Hermosa,33.0,1,1,3,0,320242.42424242425
The Hermosa,33.0,1,1,3,0,320242.42424242425
The Hermosa,37.0,1,1,3,0,311891.8918918919
The Hermosa,37.0,1,1,3,0,311891.8918918919
The Hermosa,33.0,1,1,3,0,316818.1818181818
The Hermosa,33.0,1,1,3,0,314000.0
The Hermosa,33.0,1,1,3,0,312151.51515151514
The Hermosa,33.0,1,1,3,0,312151.51515151514
Sonora Garden Residences,58.0,2,1,1,0,137741.37931034484
Sonora Garden Residences,81.0,3,2,1,0,134987.65432098764
Sonora Garden Residences,28.0,1,1,1,0,186250.0
The Hermosa,33.0,1,1,3,0,320727.2727272727
The Hermosa,37.0,1,1,3,0,311891.8918918919
The Hermosa,33.0,1,1,3,0,312151.51515151514
The Hermosa,33.0,1,1,3,0,312151.51515151514
The Hermosa,33.0,1,1,3,0,322727.2727272727
The Hermosa,33.0,1,1,3,0,320727.2727272727
The Hermosa,33.0,1,1,3,0,307151.51515151514
The Hermosa,33.0,1,1,3,0,307151.51515151514
The Hermosa,33.0,1,1,3,0,321484.8484848485
The Hermosa,33.0,1,1,3,0,307060.6060606061
The Hermosa,33.0,1,1,3,0,305818.1818181818
The Hermosa,23.0,1,1,3,0,289130.4347826087
The Hermosa,33.0,1,1,3,0,305818.1818181818
The Hermosa,33.0,1,1,3,0,302424.24242424243
The Hermosa,37.0,1,1,2,0,308810.8108108108
The Hermosa,33.0,1,1,3,0,307151.51515151514
The Hermosa,33.0,1,1,3,0,305818.1818181818
The Hermosa,33.0,1,1,3,0,305818.1818181818
The Hermosa,33.0,1,1,3,0,302090.9090909091
The Hermosa,33.0,1,1,3,0,299606.0606060606
Sonora Garden Residences,28.0,1,1,1,0,186250.0
The Hermosa,33.0,1,1,3,0,297727.2727272727
The Hermosa,33.0,1,1,3,0,297727.2727272727
The Hermosa,33.0,1,1,3,0,297727.2727272727
The Hermosa,33.0,1,1,3,0,297727.2727272727
The Hermosa,39.0,1,1,3,0,290871.7948717949
The Hermosa,33.0,1,1,3,0,297727.2727272727
The Hermosa,33.0,1,1,3,0,297727.2727272727
Paseo Verde at Real,36.0,1,1,1,0,128047.5
The Hermosa,33.0,1,1,3,0,309545.45454545453
The Hermosa,33.0,1,1,3,0,324666.6666666667
The Hermosa,33.0,1,1,3,0,307060.6060606061
The Hermosa,33.0,1,1,3,0,307060.6060606061
The Hermosa,33.0,1,1,3,0,305818.1818181818
The Hermosa,33.0,1,1,3,0,297727.2727272727
The Hermosa,33.0,1,1,3,0,305818.1818181818
The Hermosa,33.0,1,1,3,0,302424.24242424243
The Hermosa,33.0,1,1,3,0,305818.1818181818
The Hermosa,33.0,1,1,3,0,305818.1818181818
The Hermosa,33.0,1,1,3,0,302090.9090909091
The Hermosa,33.0,1,1,3,0,299606.0606060606
The Hermosa,33.0,1,1,3,0,297727.2727272727
The Hermosa,33.0,1,1,3,0,297727.2727272727
The Hermosa,33.0,1,1,3,0,297727.2727272727
The Hermosa,33.0,1,1,3,0,297727.2727272727
The Hermosa,33.0,1,1,3,0,292757.57575757575
The Hermosa,39.0,1,1,3,0,290871.7948717949
The Hermosa,34.0,1,1,3,0,288970.5882352941
South Residences,23.0,1,1,3,0,173913.04347826086
The Hermosa,33.0,1,1,3,0,297727.2727272727
The Hermosa,33.0,1,1,3,0,305818.1818181818
The Hermosa,33.0,1,1,3,0,297727.2727272727
The Hermosa,33.0,1,1,3,0,292757.57575757575
The Hermosa,33.0,1,1,3,0,307060.6060606061
The Hermosa,33.0,1,1,3,0,302424.24242424243
The Hermosa,33.0,1,1,3,0,305818.1818181818
The Hermosa,33.0,1,1,3,0,302090.9090909091
The Hermosa,33.0,1,1,3,0,299606.0606060606
The Hermosa,33.0,1,1,3,0,297727.2727272727
The Hermosa,33.0,1,1,3,0,292757.57575757575
The Hermosa,47.0,2,2,3,0,273787.2340425532
The Hermosa,33.0,1,1,3,0,305818.1818181818
The Hermosa,39.0,1,1,3,0,290871.7948717949
The Hermosa,33.0,1,1,3,0,297727.2727272727
The Hermosa,33.0,1,1,3,0,309545.45454545453
The Hermosa,34.0,1,1,3,0,293529.4117647059
South 2 Residences,23.0,1,1,2,0,152173.91304347827
The Hermosa,33.0,1,1,3,0,309545.45454545453
The Hermosa,33.0,1,1,3,0,307060.6060606061
The Hermosa,33.0,1,1,3,0,305818.1818181818
The Hermosa,33.0,1,1,3,0,302424.24242424243
The Hermosa,33.0,1,1,3,0,305818.1818181818
The Hermosa,33.0,1,1,3,0,302090.9090909091
The Hermosa,33.0,1,1,3,0,299606.0606060606
The Hermosa,33.0,1,1,3,0,297727.2727272727
The Hermosa,33.0,1,1,3,0,292757.57575757575
The Hermosa,39.0,1,1,1,0,290871.7948717949
The Hermosa,34.0,1,1,1,0,272264.70588235295
South 2 Residences,25.0,1,1,2,0,191160.0
Twin Residences,26.0,1,1,2,0,177384.61538461538
Ohana Place,91.0,3,2,1,0,74725.27472527472
South Residences,22.0,1,1,1,0,148206.81818181818
Twin Residences,20.0,1,1,2,0,220000.0
South Residences,36.0,1,1,2,0,141138.88888888888
South 2 Residences,25.0,1,1,2,0,156000.0
One Premier,22.0,1,1,1,0,104545.45454545454
South Residences,22.0,1,1,2,0,177272.72727272726
South Residences,24.0,1,1,3,0,175000.0
Ohana Place,125.0,3,2,1,0,72000.0
Field Residences,24.0,1,1,1,0,200000.0
Amaia Steps Alabang,32.0,1,1,1,1,171875.0
Sonora Garden Residences,28.0,1,1,1,0,150515.0357142857
Sonora Garden Residences,56.0,2,1,1,0,101393.44642857143
Amaia Steps Alabang,32.0,1,1,1,0,128125.0
Amaia Steps Alabang,42.0,2,1,1,0,140476.19047619047
Amaia Steps Alabang,32.0,1,1,2,0,128125.0
S Residences,28.0,1,1,2,0,178571.42857142858
South Residences,36.0,2,1,2,0,208333.33333333334
Sonora Garden Residences,28.0,1,1,1,0,147310.7142857143
Sonora Garden Residences,28.0,1,1,1,0,148339.2857142857
Sonora Garden Residences,81.0,3,2,1,0,107477.77777777778
Sonora Garden Residences,81.0,3,2,1,0,104506.17283950618
Sonora Garden Residences,81.0,3,2,1,0,105544.44444444444
Sonora Garden Residences,81.0,3,2,1,0,94788.88888888889
Sonora Garden Residences,81.0,3,2,1,0,98911.11111111111
Sonora Garden Residences,56.0,2,1,1,0,99932.14285714286
Sonora Garden Residences,58.0,2,1,1,0,102617.24137931035
Sonora Garden Residences,58.0,2,1,1,0,97049.79310344828
Sonora Garden Residences,58.0,2,1,1,0,101172.41379310345
Senta,33.0,1,1,1,0,160314.15151515152
Sonora Garden Residences,58.0,2,1,1,0,102615.5172413793
Sonora Garden Residences,58.0,2,1,1,0,97044.8275862069
Sonora Garden Residences,58.0,2,1,1,0,101172.41379310345
Sonora Garden Residences,28.0,1,1,1,0,148339.2857142857
Sonora Garden Residences,58.0,2,1,1,0,97044.8275862069
Sonora Garden Residences,28.0,1,1,1,0,148339.2857142857
Sonora Garden Residences,68.0,2,1,1,0,99838.23529411765
Sonora Garden Residences,56.0,2,1,1,0,96392.85714285714
Sonora Garden Residences,28.0,1,1,1,0,146000.0
Sonora Garden Residences,28.0,1,1,1,0,146314.2857142857
Amaia Steps Alabang,24.0,1,1,1,0,108333.33333333333
Twin Residences,261.0,1,1,1,0,19157.088122605364
South Residences,23.0,1,1,2,0,139043.47826086957
South Residences,23.0,1,1,1,0,186956.52173913043
Amaia Steps Alabang,32.0,1,1,1,0,156250.0
South Residences,22.0,1,1,2,0,145454.54545454544
Twin Residences,20.0,1,1,2,0,180000.0
Alea Residences,63.0,2,1,1,0,76174.60317460318
Alea Residences,63.0,2,1,1,0,76190.47619047618
South Residences,36.0,2,1,2,0,154722.22222222222
South Residences,36.0,2,1,2,0,155555.55555555556
South Residences,36.0,2,1,2,0,154277.77777777778
South Residences,36.0,2,1,2,0,152777.77777777778
South Residences,36.0,2,1,2,0,154722.22222222222
South Residences,36.0,2,1,2,0,154722.22222222222
South Residences,36.0,2,1,2,0,152777.77777777778
South Residences,36.0,2,1,2,0,152777.77777777778
South Residences,36.0,2,1,2,0,154722.22222222222
South Residences,36.0,2,1,2,0,152777.77777777778
Twin Residences,26.0,1,1,3,0,161538.46153846153
South Residences,23.0,1,1,2,0,156913.04347826086
Two Premier,21.0,1,1,3,0,109353.14285714286
South Residences,36.0,2,1,2,0,154722.22222222222
South Residences,36.0,2,1,2,0,155555.55555555556
South Residences,36.0,2,1,2,0,154277.77777777778
South Residences,36.0,2,1,2,0,154722.22222222222
South Residences,36.0,2,1,2,0,155555.55555555556
South Residences,36.0,2,1,2,0,152777.77777777778
Sonora Garden Residences,28.0,1,1,2,0,160714.2857142857
Sonora Garden Residences,83.0,3,2,1,0,90361.44578313253
Sonora Garden Residences,56.0,2,1,1,0,103571.42857142857
Sonora Garden Residences,28.0,1,1,1,0,139285.7142857143
South Residences,36.0,2,1,2,0,156111.11111111112
South Residences,36.0,2,1,2,0,152777.77777777778
Sonora Garden Residences,83.0,3,2,2,0,81927.7108433735
Sonora Garden Residences,56.0,2,1,2,0,107142.85714285714
Sonora Garden Residences,28.0,1,1,2,0,139285.7142857143
Pacific Coast Residences,43.0,2,1,2,1,279069.76744186046
South Residences,22.0,1,1,2,0,159374.31818181818
South Residences,34.0,2,1,2,0,150001.0588235294
South 2 Residences,31.0,2,1,2,0,170410.90322580645
South 2 Residences,25.0,1,1,3,0,160560.0
South Residences,36.0,1,1,1,0,194444.44444444444
Sonora Garden Residences,28.0,1,1,2,0,165964.2857142857
South Residences,25.0,1,1,1,0,208813.28
Twin Residences,24.0,1,1,1,0,233280.04166666666
Sonora Garden Residences,56.0,2,1,1,0,93753.96428571429
Sonora Garden Residences,56.0,2,1,1,0,119000.0
Sonora Garden Residences,28.0,1,1,1,0,149714.2857142857
Sonora Garden Residences,28.0,1,1,1,0,149714.2857142857
Sonora Garden Residences,56.0,1,2,2,0,104160.71428571429
Sonora Garden Residences,56.0,2,1,2,0,85178.57142857143
Sonora Garden Residences,28.0,1,1,2,0,145607.14285714287
Sonora Garden Residences,81.0,3,2,1,0,93827.16049382716
Sonora Garden Residences,28.0,1,1,1,0,139285.7142857143
Sonora Garden Residences,28.0,1,1,1,0,128571.42857142857
Sonora Garden Residences,56.0,2,1,2,0,103982.14285714286
Sonora Garden Residences,81.0,3,2,2,0,101234.56790123456
Sonora Garden Residences,52.0,2,1,1,0,96153.84615384616
Ohana Place,83.0,3,2,1,0,94638.55421686747
Sonora Garden Residences,81.0,3,2,2,0,108741.82716049382
Sonora Garden Residences,65.0,2,1,2,0,90752.12307692308
Sonora Garden Residences,88.0,3,2,2,0,96681.90909090909
Sonora Garden Residences,28.0,1,1,2,0,149288.85714285713
Sonora Garden Residences,56.0,2,1,3,0,98215.85714285714
Sonora Garden Residences,81.0,3,2,1,0,95061.72839506173
Sonora Garden Residences,56.0,2,1,1,0,94642.85714285714
Sonora Garden Residences,28.0,1,1,1,0,139285.7142857143
Sonora Garden Residences,28.0,1,1,1,0,135714.2857142857
Sonora Garden Residences,81.0,3,2,1,0,95061.72839506173
Sonora Garden Residences,54.0,2,1,1,0,103703.70370370371
Sonora Garden Residences,81.0,3,2,1,0,93827.16049382716
Sonora Garden Residences,56.0,2,1,1,0,100000.0
Sonora Garden Residences,28.0,1,1,1,0,142857.14285714287
Sonora Garden Residences,56.0,2,1,1,0,98214.28571428571
Sonora Garden Residences,56.0,2,1,1,0,96428.57142857143
Sonora Garden Residences,56.0,2,1,2,0,103585.5
Sonora Garden Residences,58.0,2,1,2,0,98070.4827586207
Sonora Garden Residences,120.0,4,2,2,0,108340.73333333334
Maricielo Villas,61.0,2,1,2,0,85840.98360655738
Maricielo Villas,52.0,2,1,1,0,61538.46153846154
Maricielo Villas,55.0,2,1,2,0,91750.90909090909
Sonora Garden Residences,81.0,3,2,1,0,92592.5925925926
Sonora Garden Residences,28.0,1,1,1,0,135714.2857142857
Sonora Garden Residences,57.0,2,1,2,0,94385.9649122807
Sonora Garden Residences,81.0,3,2,2,0,92345.67901234567
Sonora Garden Residences,54.0,2,1,2,0,99629.62962962964
Sonora Garden Residences,86.0,3,2,2,0,90465.11627906977
Sonora Garden Residences,86.0,3,2,2,0,88139.53488372093
Sonora Garden Residences,52.0,2,1,2,0,107846.15384615384
Sonora Garden Residences,57.0,2,1,2,0,100000.0
Sonora Garden Residences,53.0,2,1,2,0,109056.60377358491
Sonora Garden Residences,52.0,2,1,2,0,101500.0
Sonora Garden Residences,57.0,2,1,2,0,94385.9649122807
Sonora Garden Residences,52.0,2,1,2,0,101538.46153846153
Sonora Garden Residences,57.0,2,1,2,0,98245.61403508772
Sonora Garden Residences,83.0,3,2,2,0,91325.30120481928
Sonora Garden Residences,53.0,2,1,2,0,103396.22641509434
Sonora Garden Residences,82.0,3,2,2,0,94878.0487804878
Sonora Garden Residences,86.0,3,2,2,0,85813.95348837209
Sonora Garden Residences,54.0,2,1,2,0,99629.62962962964
Maricielo Villas,48.0,2,1,2,0,91250.0
Maricielo Villas,61.0,2,1,2,0,75081.96721311475
Maricielo Villas,53.0,2,1,2,0,88301.88679245283
Maricielo Villas,61.0,2,1,2,0,94754.09836065574
Maricielo Villas,55.0,2,1,2,0,101454.54545454546
Alea Residences,55.0,2,1,1,0,90605.45454545454
Sonora Garden Residences,81.0,3,2,1,0,92592.5925925926
Sonora Garden Residences,56.0,2,1,1,0,96428.57142857143
Maricielo Villas,57.0,2,1,2,0,92631.57894736843
Maricielo Villas,50.0,2,1,2,0,115600.0
Alea Residences,55.0,2,1,1,0,90605.45454545454
Sonora Garden Residences,82.0,3,2,1,0,94851.21951219512
Alea Residences,85.0,3,2,1,0,81688.23529411765
Alea Residences,55.0,2,1,1,0,90605.45454545454
Sonora Garden Residences,81.0,3,2,1,0,103686.41975308642
Sonora Garden Residences,56.0,2,1,1,0,105717.5
Sonora Garden Residences,28.0,1,1,1,0,155470.0
Ohana Place,57.0,2,1,1,1,94736.84210526316
PHINMA Metrotowne Las Piñas,48.0,2,1,1,0,125000.0
One Premier,21.0,1,1,1,0,107380.95238095238
One Premier,28.0,1,1,1,0,125000.0
South Residences,36.0,2,1,2,0,166666.66666666666
Amaia Steps Alabang,32.0,1,1,3,0,140625.0
Sonora Garden Residences,84.0,3,2,2,0,102380.95238095238
Sonora Garden Residences,56.0,2,1,2,0,112500.0
Sonora Garden Residences,30.0,1,1,2,0,150000.0
Amaia Steps Alabang,24.0,1,1,1,0,145833.33333333334
South 2 Residences,25.0,1,1,1,0,152520.0
The Hermosa,24.0,1,1,2,0,192750.0
One Premier,29.0,1,1,2,0,108620.68965517242
Torre Lorenzo Sur,26.0,1,1,2,0,153846.15384615384
South Residences,23.0,1,1,1,0,121739.13043478261
Ohana Place,90.0,2,1,2,1,64444.444444444445
One Premier,20.0,1,1,1,0,110504.4
The Estate Makati,151.0,2,1,2,2,552519.9205298013
The Residences at Greenbelt,76.0,1,1,3,1,312500.0
The Residences at Greenbelt,165.0,3,3,3,2,303030.30303030304
Proscenium at Rockwell,65.0,1,1,2,2,361538.46153846156
Century Spire Makati,56.0,1,1,3,0,235714.2857142857
Century Spire,64.0,1,1,3,0,178125.0
Tropical Palms,142.0,2,2,3,1,158450.70422535212
Elizabeth Place,139.0,2,2,3,1,133093.5251798561
Oriental Garden,78.0,2,2,3,1,166666.66666666666
The Residences at Greenbelt,165.0,3,3,3,2,303030.30303030304
Amorsolo West,73.0,1,1,2,1,342465.7534246575
One Rockwell,66.0,1,1,2,1,325757.57575757575
The Observatory,60.0,2,2,2,1,258333.33333333334
The Manansala,106.0,2,2,3,1,330188.679245283
The Manansala,106.0,2,2,2,1,330188.679245283
The Manansala,106.0,2,2,3,1,330188.679245283
The Proscenium at Rockwell,121.0,2,2,2,1,404958.6776859504
BSA Suites,48.0,1,1,3,0,162500.0
BSA Suites,44.0,1,1,2,1,215909.0909090909
Garden Towers,218.0,3,3,3,2,364678.8990825688
One Rockwell East Tower,68.0,1,1,2,0,294117.64705882355
Proscenium at Rockwell,165.0,3,3,3,2,400000.0
One Rockwell East Tower,184.0,3,3,2,2,326086.95652173914
One Rockwell,98.0,2,2,2,1,300000.0
One Rockwell East Tower,71.0,1,1,2,1,309859.1549295775
One Rockwell East Tower,71.0,1,1,3,1,309859.1549295775
One Rockwell,88.0,2,2,3,1,312500.0
Manansala Tower,66.0,1,1,2,1,303030.30303030304
The Manansala,71.0,1,1,2,1,281690.1408450704
Joya Lofts and Towers,79.0,2,2,3,1,354430.37974683545
Brio Tower,22.0,1,1,1,1,281818.1818181818
Proscenium at Rockwell,224.0,3,3,3,2,401785.71428571426
Proscenium at Rockwell,89.0,2,2,3,1,438202.2471910112
Proscenium at Rockwell,89.0,2,2,3,1,438202.2471910112
Two Central,62.0,1,1,3,0,141935.48387096773
The Proscenium at Rockwell,62.0,1,1,3,1,379032.2580645161
Two Central,62.0,1,1,3,0,153225.8064516129
Knightsbridge Residences,60.0,2,2,2,1,258333.33333333334
Two Central,59.0,1,1,3,0,161016.94915254237
Knightsbridge Residences,60.0,2,2,3,1,258333.33333333334
Manansala Tower,106.0,2,2,3,1,330188.679245283
One Rockwell East Tower,71.0,1,1,3,1,309859.1549295775
Knightsbridge Residences,60.0,2,2,3,1,258333.33333333334
Knightsbridge Residences,60.0,2,2,3,1,258333.33333333334
Knightsbridge Residences,60.0,2,2,3,1,258333.33333333334
Knightsbridge Residences,60.0,2,2,3,1,258333.33333333334
The Proscenium,147.0,3,3,2,2,469387.7551020408
Manansala Tower,106.0,2,2,3,1,330188.679245283
The Proscenium,93.0,2,2,2,2,413978.4946236559
The Proscenium,147.0,3,3,2,2,452380.95238095237
One Rockwell,97.0,2,2,2,1,278350.5154639175
The Proscenium,93.0,2,2,2,2,413978.4946236559
The Proscenium at Rockwell,93.0,2,2,2,2,413978.4946236559
Manansala Rockwell,106.0,2,2,3,1,330188.679245283
Manansala Rockwell,106.0,2,2,3,1,330188.679245283
The Proscenium,121.0,2,3,3,2,429752.0661157025
The Proscenium,63.0,1,1,3,1,380952.38095238095
One Rockwell,71.0,1,1,3,1,309859.1549295775
Park Terraces,80.0,1,1,3,1,325000.0
One Rockwell East Tower,68.0,1,1,2,0,294117.64705882355
Pacific Plaza,289.0,3,3,2,2,235294.11764705883
Fortis Residences,55.0,1,1,1,0,257090.9090909091
Trump Tower,95.0,1,1,3,0,242105.26315789475
One Rockwell,71.0,1,1,3,1,309859.1549295775
Garden Towers,218.0,3,3,2,2,348623.8532110092
One Central Makati,46.0,1,1,3,0,171739.13043478262
Three Central,49.0,1,1,3,0,159183.67346938775
One Central,49.0,1,1,3,0,163265.306122449
One Central,46.0,1,1,3,0,147826.08695652173
Signa Designer Residences,60.0,2,3,3,0,166666.66666666666
Pacific Plaza,289.0,3,3,2,2,235294.11764705883
Forbes Tower Condominium,257.0,3,2,3,2,167315.17509727625
Skyland Plaza,300.0,4,4,3,2,140000.0
The Proscenium,121.0,2,3,3,2,429752.0661157025
BSA Suites,44.0,1,1,2,1,177272.72727272726
The Residences at Greenbelt,133.0,2,2,2,2,263157.8947368421
The Rise Makati,28.0,1,1,3,1,250000.0
Grand Soho Makati,29.0,1,1,2,0,203448.27586206896
The Residences at Greenbelt,133.0,2,2,3,2,263157.8947368421
The Salcedo Park Condominum,180.0,3,2,1,1,177777.77777777778
Joya Lofts and Towers,60.0,1,1,2,1,333333.3333333333
The Columns At Legaspi Village,74.0,2,2,3,1,324324.3243243243
Air Residences,26.0,1,1,2,0,230769.23076923078
Trump Tower,200.0,3,3,3,2,360000.0
The Columns At Legaspi Village,74.0,2,2,3,1,324324.3243243243
The Columns At Legaspi Village,74.0,2,2,3,1,324324.3243243243
The Rise Makati,28.0,1,1,3,0,178571.42857142858
The Residences at Greenbelt,133.0,2,2,2,0,263157.8947368421
Jazz Residences,20.0,1,1,2,0,145000.0
Proscenium at Rockwell,224.0,3,3,3,2,401785.71428571426
Kroma Tower,55.0,1,1,1,1,336363.63636363635
Shang Salcedo Place,73.0,1,1,3,1,397260.27397260274
Joya Lofts and Towers,115.0,2,2,3,1,365217.39130434784
Proscenium at Rockwell,232.0,3,3,3,2,387931.0344827586
The Rise Makati,80.0,2,2,3,0,275000.0
Callisto,125.0,3,3,1,1,232000.0
The Residences at Greenbelt,130.0,1,1,3,2,338461.53846153844
Makati Executive Towers,69.0,2,2,3,0,137681.15942028986
The Proscenium at Rockwell,165.0,3,3,3,2,454545.45454545453
One Rockwell,152.0,3,3,2,2,328947.36842105264
The Proscenium,147.0,3,3,3,2,428571.4285714286
The Rise Makati,28.0,1,1,1,0,160714.2857142857
Jazz Residences,55.0,2,2,3,0,181818.18181818182
Senta,190.0,3,3,3,2,236842.1052631579
Park Terraces,37.0,1,1,3,1,432432.4324324324
Proscenium at Rockwell,121.0,2,2,2,1,388429.7520661157
One Lafayette Square,75.0,1,1,3,1,153333.33333333334
The Proscenium,147.0,3,2,2,1,462585.03401360544
One Rockwell East Tower,101.0,2,3,3,1,336633.6633663366
The Residences at Greenbelt,136.0,2,2,3,1,272058.82352941175
Greenbelt Chancellor,55.0,1,1,3,1,227272.72727272726
Park Terraces,115.0,2,2,3,1,400000.0
Park Terraces,140.0,2,2,1,1,357142.85714285716
Park Terraces,150.0,2,2,1,2,553333.3333333334
THE SHANG GRAND TOWER,238.0,3,1,3,0,252058.82352941178
THE SHANG GRAND TOWER,274.0,3,3,2,2,310218.9781021898
THE SHANG GRAND TOWER,135.0,2,1,3,2,259259.25925925927
The Gramercy Residences,39.0,1,1,3,1,198717.94871794872
The Gramercy Residences,39.0,1,1,3,1,200000.0
The Beacon,42.0,1,1,3,0,119047.61904761905
Greenbelt Chancellor,55.0,1,1,3,1,227272.72727272726
Greenbelt Chancellor,55.0,1,1,3,1,227272.72727272726
Hidalgo Place,191.0,2,2,2,2,340314.13612565445
The Residences at Greenbelt,123.0,2,2,3,2,300813.0081300813
One Rockwell,95.0,2,2,3,1,294736.84210526315
Red Residences,26.0,1,1,2,0,251115.38461538462
Park Terraces,82.0,1,1,3,1,365853.65853658534
Park Central Towers,139.0,2,1,3,0,500000.0
Park Terraces,83.0,1,1,3,1,301204.8192771084
Maple Place,87.0,3,2,1,2,126436.7816091954
The Manansala,66.0,1,1,2,0,303030.30303030304
Kroma Tower,56.0,1,1,1,1,285714.28571428574
Greenbelt Madison,74.0,2,2,3,0,209459.45945945947
Galeria de Magallanes,228.0,3,3,1,2,146929.8245614035
San Lorenzo Place,38.0,2,1,3,0,210526.31578947368
Eton Parkview Greenbelt,63.0,2,2,3,0,238095.2380952381
Callisto,59.0,1,1,1,0,223444.06779661018
Parkford Suites Legazpi,126.0,2,2,1,0,357885.0
Astela at Circuit Makati,33.0,1,1,1,0,336363.63636363635
Shang Salcedo Place,52.0,1,1,3,0,307692.3076923077
Kroma Tower,59.0,1,1,3,1,203389.83050847458
San Lorenzo Place,26.0,1,1,2,0,246101.5
San Lorenzo Place,26.0,1,1,2,0,246076.92307692306
Garden Towers,137.0,2,2,3,1,401459.85401459853
Park Terraces,127.0,2,2,2,1,409448.8188976378
Park Terraces,174.0,3,3,3,2,379310.3448275862
Proscenium at Rockwell,224.0,3,4,3,2,401785.71428571426
Proscenium at Rockwell,194.0,3,4,3,2,438144.3298969072
One Lafayette Square,122.0,2,2,2,0,204918.03278688525
Kroma Tower,27.0,1,1,2,0,218518.5185185185
The Residences at Greenbelt,186.0,3,4,2,2,290322.5806451613
THE COLUMNS LEGAZPI VILLAGE,62.0,1,1,3,1,153225.8064516129
Jazz Residences,54.0,1,1,2,0,181481.4814814815
Eton Parkview Greenbelt,57.0,1,1,3,1,157894.73684210525
Solstice Towers,59.0,1,1,3,0,186440.6779661017
Fortis Residences,152.0,3,3,1,1,223688.57236842104
Garden Towers,218.0,3,3,1,2,348623.8532110092
Shang Salcedo Place,52.0,1,1,3,0,288461.53846153844
Lush Residences,24.0,1,1,1,0,236866.66666666666
SMDC Jade Residences,24.0,1,1,1,0,263333.3333333333
The Residences at Greenbelt,123.0,2,2,3,1,300813.0081300813
Joya Lofts and Towers,152.0,3,3,2,2,375000.0
The Residences at Greenbelt,145.0,2,2,2,0,296551.724137931
One Lafayette Square,122.0,2,2,2,0,204918.03278688525
The Gramercy Residences,113.0,2,2,2,1,220353.98230088496
Eton Residences Greenbelt,180.0,3,3,3,1,261111.11111111112
Eton Tower Makati,27.0,1,1,1,0,225925.92592592593
Elizabeth Place,96.0,2,3,3,1,208333.33333333334
Greenbelt Hamilton,54.0,2,1,3,1,231481.4814814815
One Rockwell,71.0,1,1,3,1,309859.1549295775
Salcedo Park,75.0,2,2,1,1,166666.66666666666
Park Terraces,180.0,3,3,3,2,427777.77777777775
Forbes Tower Condominium,168.0,2,2,2,2,214285.7142857143
The Residences at Greenbelt,133.0,2,2,2,0,263157.8947368421
Park Terraces,127.0,2,1,2,1,409448.8188976378
The Columns,67.0,1,2,3,1,179104.4776119403
Proscenium at Rockwell,63.0,1,1,3,1,380952.38095238095
One Rockwell East Tower,71.0,1,1,1,1,256338.02816901408
Galeria de Magallanes,137.0,3,3,2,1,182481.7518248175
Brio Tower,56.0,2,1,2,1,178571.42857142858
The Columns Ayala Avenue,67.0,1,2,3,1,179104.4776119403
Shang Salcedo Place,54.0,1,1,1,1,277777.77777777775
Senta,67.0,1,1,3,0,268656.7164179105
The Rise Makati By Shangrila,32.0,1,1,3,0,234375.0
The Salcedo Park Condominum,180.0,3,2,1,1,177777.77777777778
Garden Towers,137.0,2,2,2,1,299270.07299270073
Avida Towers San Lorenzo,34.0,1,1,3,0,132352.9411764706
One Rockwell East Tower,111.0,2,3,1,1,270270.2702702703
Garden Towers,149.0,2,2,3,2,436241.610738255
The Rise Makati,72.0,2,2,1,0,213250.0
Proscenium at Rockwell,224.0,3,1,3,2,392857.14285714284
Three Central,80.0,2,1,3,1,262500.0
Signa Designer Residences,41.0,1,1,3,0,158536.58536585365
Shang Salcedo Place,35.0,1,1,3,0,220000.0
The Lerato,31.0,1,1,3,0,209677.4193548387
The Salcedo Park,180.0,3,3,2,2,202777.77777777778
Red Residences,29.0,1,1,2,0,262379.3103448276
Fortis Residences,152.0,3,3,1,0,227006.57894736843
Mayfair Mansion,130.0,2,2,3,0,246153.84615384616
The Proscenium at Rockwell,122.0,2,2,1,1,401639.34426229505
The Proscenium at Rockwell,60.0,1,1,1,1,383333.3333333333
Proscenium at Rockwell,147.0,3,2,3,2,429170.0680272109
The Proscenium at Rockwell,88.0,2,2,1,0,443181.8181818182
One Rockwell,153.0,3,3,1,2,326797.38562091504
Garden Towers,211.0,3,3,1,2,402843.6018957346
Twin Towers,73.0,2,1,2,1,308219.1780821918
The Residences at Greenbelt,118.0,2,2,2,2,330508.4745762712
The Proscenium at Rockwell,162.0,3,3,2,2,462962.962962963
Park Central Towers,220.0,2,3,1,2,545454.5454545454
Park Central Towers,240.0,2,3,1,2,483333.3333333333
Park Central Towers,150.0,2,3,1,2,566666.6666666666
Tropical Palms,142.0,2,2,3,1,160211.2676056338
Astela at Circuit Makati,65.0,1,1,2,0,316408.46153846156
The Proscenium,121.0,2,3,3,2,429752.0661157025
One Rockwell,95.0,2,2,3,1,315789.4736842105
Salcedo Skysuites,72.0,1,2,2,0,206944.44444444444
The Proscenium at Rockwell,147.0,3,3,1,2,435374.14965986396
The Manansala,116.0,2,2,3,1,284482.7586206897
The Manansala,116.0,2,2,3,1,284482.7586206897
Joya South Tower,93.0,2,2,3,0,381720.4301075269
Tropical Palms,142.0,2,2,3,1,169014.08450704225
The Columns Ayala Avenue,79.0,2,2,3,1,164556.96202531646
One Rockwell East Tower,71.0,1,1,2,1,254929.57746478874
Ice Tower,58.0,1,1,2,1,224137.93103448275
Mayfair Mansion,129.0,2,2,3,1,197674.41860465117
The Manansala,116.0,2,2,3,1,284482.7586206897
The Rise Makati By Shangrila,28.0,1,1,1,0,232142.85714285713
The Proscenium,118.0,2,2,3,1,389830.5084745763
One Central,49.0,1,2,3,0,193877.55102040817
THE COLUMNS LEGAZPI VILLAGE,77.0,1,2,2,1,233766.23376623375
THE COLUMNS LEGAZPI VILLAGE,77.0,1,2,2,1,233766.23376623375
Senta,67.0,1,1,3,0,268656.7164179105
One Rockwell,95.0,2,2,3,1,294736.84210526315
Mayfair Mansion,130.0,2,3,3,1,246153.84615384616
Paseo De Roces,88.0,3,1,1,0,220090.9090909091
Paseo De Roces,76.0,1,1,1,0,219000.0
The Gramercy Residences,43.0,1,1,3,0,174418.60465116278
Two Central,62.0,1,1,3,0,141935.48387096773
Two Central,59.0,1,1,3,0,161016.94915254237
Two Central,62.0,1,1,3,0,153225.8064516129
Grand Tower,275.0,3,3,3,2,309090.9090909091
One Rockwell East Tower,111.0,2,2,1,1,270270.2702702703
San Lorenzo Place,38.0,2,1,1,0,210526.31578947368
Kroma Tower,87.0,2,2,3,1,241379.3103448276
Salcedo Skysuites,72.0,1,2,2,0,215277.77777777778
Three Central,80.0,3,3,3,1,206250.0
Kingswood,154.0,4,4,1,0,129870.12987012987
West of Ayala,132.0,3,2,2,1,170454.54545454544
Two Roxas Triangle,304.0,3,4,2,0,427631.5789473684
Air Residences,24.0,1,1,1,0,270833.3333333333
San Lorenzo Place,26.0,1,1,2,0,104180.76923076923
San Lorenzo Place,38.0,2,1,2,0,84439.47368421052
San Lorenzo Place,38.0,2,1,2,0,68633.68421052632
San Lorenzo Place,38.0,2,1,2,0,60737.07894736842
San Lorenzo Place,26.0,1,1,2,0,111873.07692307692
San Lorenzo Place,38.0,2,1,2,0,81837.05263157895
San Lorenzo Place,26.0,1,1,2,0,96533.46153846153
The Linear,28.0,1,1,1,0,135714.2857142857
The Rise Makati By Shangrila,28.0,1,1,1,0,232142.85714285713
Knightsbridge Residences,37.0,1,1,3,0,189189.1891891892
Trump Tower,95.0,1,1,3,0,263157.8947368421
Alphaland Makati Place,63.0,1,1,3,1,222222.22222222222
Amorsolo East,184.0,3,3,2,2,380434.7826086957
The Proscenium at Rockwell,65.0,1,1,3,1,353846.1538461539
The Proscenium at Rockwell,93.0,2,2,2,2,413978.4946236559
Joya South Tower,26.0,1,1,3,1,403846.1538461539
One Rockwell,51.0,1,1,3,1,392156.862745098
The Proscenium at Rockwell,162.0,2,2,3,2,370370.3703703704
One Rockwell East Tower,141.0,3,3,3,2,347517.7304964539
The Proscenium at Rockwell,118.0,2,2,3,2,491525.42372881353
The Salcedo Park,179.0,3,3,3,1,167597.76536312848
The Rise Makati,28.0,1,1,1,0,232142.85714285713
BSA Mansion,106.0,2,2,3,0,150933.96226415093
Proscenium at Rockwell,32.0,1,1,3,0,361718.75
The Beacon,25.0,1,1,3,0,180000.0
The Gramercy Residences,30.0,1,1,3,0,213333.33333333334
Alphaland Makati Place,63.0,1,1,3,1,253968.25396825396
Knightsbridge Residences,27.0,1,1,3,0,185185.1851851852
Air Residences,26.0,1,1,2,0,211538.46153846153
Kroma Tower,59.0,1,1,3,0,237288.13559322033
Paseo De Roces,25.0,1,1,3,1,264000.0
Kroma Tower,31.0,1,1,3,0,264516.12903225806
The Rise Makati,24.0,1,1,1,0,229166.66666666666
Trump Tower,80.0,1,1,3,0,443750.0
The Lerato,31.0,1,1,3,0,209677.4193548387
Kroma Tower,30.0,1,1,1,0,226666.66666666666
One Rockwell,27.0,1,1,1,1,407407.4074074074
One Rockwell,80.0,2,2,1,0,312500.0
Shang Salcedo Place,35.0,1,1,3,0,228542.85714285713
ALPHA SALCEDO,61.0,1,2,3,1,209836.0655737705
Proscenium at Rockwell,224.0,3,3,2,2,379464.28571428574
Salcedo Park,46.0,1,1,3,0,171739.13043478262
Two Central,46.0,1,1,3,0,167391.30434782608
One Central,46.0,1,1,3,0,147826.08695652173
The Beacon,42.0,1,1,3,0,119047.61904761905
Kroma Tower,54.0,1,1,1,1,240740.74074074073
Greenbelt Parkplace,73.0,2,2,2,1,198630.13698630137
Signa Designer Residences,93.0,3,2,3,0,172043.01075268816
Salcedo Skysuites,80.0,2,2,2,0,202500.0
Garden Towers,218.0,3,3,2,2,339403.66972477065
The Salcedo Park,179.0,3,3,3,0,167597.76536312848
The Salcedo Park Condominum,180.0,3,3,2,2,202777.77777777778
One Rockwell,100.0,2,2,2,1,300000.0
Solstice Towers,109.0,3,3,2,1,180000.0
Proscenium at Rockwell,118.0,2,2,1,1,388813.5593220339
Joya Lofts and Towers,79.0,2,2,3,1,354430.37974683545
Solstice at Circuit Makati,109.0,3,3,3,1,180000.0
The Proscenium,147.0,3,3,3,2,427210.8843537415
Luna Gardens,247.0,3,3,3,2,344129.5546558704
One Rockwell,153.0,3,3,3,2,326797.38562091504
The Proscenium,194.0,3,3,3,2,438144.3298969072
The Proscenium,224.0,3,3,1,2,401785.71428571426
The Proscenium at Rockwell,224.0,3,3,3,2,433035.71428571426
Alphaland Makati Place,63.0,1,1,3,1,222222.22222222222
Proscenium at Rockwell,93.0,2,2,1,1,376344.08602150535
The Milano Residences,44.0,1,1,3,1,227272.72727272726
San Lorenzo Place,32.0,1,1,3,0,165625.0
S Residences,81.0,1,1,3,1,358024.6913580247
The Salcedo Park Condominum,180.0,3,3,2,2,202777.77777777778
Paseo Parkview Suites,75.0,2,2,3,1,166666.66666666666
Signa Designer Residences,92.0,3,2,2,0,141304.34782608695
One Rockwell,100.0,2,2,2,1,300000.0
Mayfair Mansion,129.0,2,2,3,1,197674.41860465117
Escala Salcedo,73.0,2,1,3,1,301369.8630136986
Easton Place,123.0,2,2,3,1,195121.9512195122
The Proscenium,89.0,2,2,2,1,393258.42696629214
San Lorenzo Place,38.0,2,1,3,0,105263.15789473684
Signa Designer Residences,41.0,1,1,3,0,170243.9024390244
Proscenium at Rockwell,118.0,2,2,3,1,381355.9322033898
Twin Towers,271.0,3,3,1,2,221402.21402214022
The Gramercy Residences,46.0,1,1,3,0,236956.52173913043
Proscenium at Rockwell,241.0,3,3,3,2,373444.19087136927
Manansala Tower,116.0,2,2,3,1,327586.2068965517
Proscenium at Rockwell,119.0,2,2,2,1,327731.0924369748
One Rockwell East Tower,96.0,2,2,3,1,364583.3333333333
Raffles Residences,81.0,1,1,3,1,358024.6913580247
Edades Tower,161.0,3,3,1,2,391304.347826087
Proscenium at Rockwell,187.0,3,3,2,2,390374.33155080216
The Proscenium at Rockwell,121.0,2,3,3,2,429752.0661157025
The Proscenium,138.0,3,3,3,2,405797.1014492754
Park Terraces,115.0,2,2,3,0,400000.0
One Rockwell,141.0,3,2,3,2,319148.93617021275
One Rockwell,80.0,2,2,2,0,318750.0
One Rockwell,80.0,2,2,2,0,318750.0
Paseo Parkview Suites,75.0,2,2,3,1,186666.66666666666
Amorsolo West,73.0,1,1,3,1,315068.4931506849
THE SHANG GRAND TOWER,132.0,2,3,2,0,291666.6666666667
Raffles Residences,153.0,2,3,1,1,313725.49019607843
Park Terraces,37.0,1,1,3,1,351351.35135135136
Grand Soho Makati,100.0,2,3,3,1,180000.0
Solstice Towers,80.0,2,2,1,1,225000.0
Skyland Plaza,137.0,3,3,3,0,120437.95620437956
Proscenium at Rockwell,224.0,3,3,3,2,379464.28571428574
The Rise Makati,28.0,1,1,1,0,182142.82142857142
Proscenium at Rockwell,162.0,3,3,3,2,432098.76543209876
Skyland Plaza,137.0,3,2,3,0,116788.32116788322
One Rockwell,57.0,1,1,3,1,280701.7543859649
Garden Towers,137.0,2,2,1,1,321167.8832116788
Garden Towers,137.0,2,2,1,1,306569.34306569345
One Rockwell,52.0,1,1,1,1,288461.53846153844
Proscenium at Rockwell,89.0,2,2,1,1,426966.2921348315
Proscenium at Rockwell,224.0,3,3,1,2,397321.4285714286
Eton Tower Makati,22.0,1,1,3,1,281818.1818181818
One Legazpi Park,40.0,1,1,3,0,250000.0
The Rise Makati,75.0,2,2,2,0,200000.0
The Salcedo Park,180.0,3,3,2,2,177777.77777777778
Park Terraces,70.0,1,1,3,1,328571.4285714286
Park Terraces,77.0,1,1,3,1,324675.32467532466
Park Terraces,69.0,1,1,3,0,373913.04347826086
Park Terraces,77.0,1,1,3,1,335064.93506493507
Proscenium at Rockwell,64.0,1,1,3,1,343750.0
Three Central,42.0,1,1,3,1,233333.33333333334
Three Central,41.0,1,1,3,0,180487.80487804877
Three Central,42.0,1,1,3,1,233333.33333333334
Paseo Heights,30.0,1,1,3,1,273333.3333333333
Escala Salcedo,51.0,1,1,3,0,294117.64705882355
Shang Salcedo Place,104.0,2,2,1,2,355769.23076923075
THE COLUMNS LEGAZPI VILLAGE,30.0,1,1,1,1,300000.0
Garden Towers,137.0,2,3,1,0,306569.34306569345
One Rockwell,27.0,1,1,1,0,314814.77777777775
Proscenium at Rockwell,223.0,3,4,3,0,367713.0044843049
Shang Salcedo Place,53.0,1,1,3,1,316981.1320754717
Two Roxas Triangle,304.0,3,4,1,0,434210.5263157895
Two Roxas Triangle,304.0,3,3,1,0,434210.5263157895
Knightsbridge Residences,30.0,1,1,3,0,173333.33333333334
One Lafayette Square,105.0,2,2,3,2,200190.47619047618
Greenbelt Madison,36.0,1,1,2,0,180555.55555555556
Three Central,46.0,1,1,3,0,215217.39130434784
Kroma Tower,56.0,1,1,1,1,205357.14285714287
Kroma Tower,59.0,1,1,2,1,279661.0169491525
The Nobel Plaza,110.0,2,2,3,1,154545.45454545456
Solstice Towers,58.0,1,1,3,0,293103.4482758621
The Milano Residences,31.0,1,1,3,0,274193.5483870968
Greenbelt Madison,36.0,1,1,3,0,188888.88888888888
The Frabella I,151.0,2,2,3,1,172185.43046357617
THE SHANG GRAND TOWER,135.0,2,3,3,1,244444.44444444444
Parc Regent,165.0,3,3,2,1,151515.15151515152
The Ellis,79.0,2,2,2,0,250000.0
Solstice Towers,80.0,2,2,3,0,237500.0
Solstice Towers,81.0,2,2,3,0,153086.41975308643
Grand Soho Makati,100.0,2,2,1,1,180000.0
Antel Platinum Tower,67.0,1,1,3,1,182238.80597014926
The Residences at Greenbelt,67.0,1,1,2,1,328358.2089552239
Proscenium at Rockwell,120.0,2,2,2,1,541666.6666666666
The Ellis,64.0,1,1,1,0,312500.0
Amorsolo West,73.0,1,1,3,1,356164.38356164383
Proscenium at Rockwell,118.0,2,2,2,1,388813.5593220339
Air Residences,25.0,1,1,1,0,244200.0
Air Residences,25.0,1,1,1,0,244200.0
The Salcedo Park,180.0,3,3,1,2,202777.77777777778
Paseo Heights,30.0,1,1,1,1,266666.6666666667
Shang Salcedo Place,35.0,1,1,3,1,257142.85714285713
EDADES TOWER AND GARDEN VILLAS,190.0,2,3,1,2,447368.4210526316
Greenbelt Hamilton,41.0,1,1,3,1,268292.68292682926
One Central,46.0,1,1,3,0,208695.65217391305
Joya Lofts and Towers,33.0,1,1,3,1,409090.9090909091
Salcedo Skysuites,72.0,1,1,2,0,200000.0
Shang Salcedo Place,52.0,1,1,1,1,323076.92307692306
Eton Parkview Greenbelt,45.0,1,1,1,1,200000.0
Park Terraces,74.0,1,1,3,1,378378.3783783784
Knightsbridge Residences,54.0,1,1,1,2,221296.2962962963
Fraser Place Manila,257.0,3,3,3,2,252918.28793774318
LPL Manor,44.0,1,1,3,0,120113.63636363637
Avida Towers Asten,23.0,1,1,3,0,247826.08695652173
Eton Tower Makati,26.0,1,1,3,0,211538.46153846153
Three Central,41.0,1,1,3,0,182926.82926829267
Citadines Benavidez Makati,28.0,1,1,1,0,392857.14285714284
Greenbelt Hamilton,41.0,1,1,3,0,207317.07317073172
Galeria de Magallanes,83.0,2,2,2,1,204819.27710843374
Three Central,46.0,1,1,3,1,228260.86956521738
The Rise Makati,75.0,2,2,2,1,253333.33333333334
Greenbelt Hamilton,54.0,2,1,3,1,240740.74074074073
MPT Suites,68.0,1,1,3,0,88088.23529411765
One Legazpi Park,97.0,2,2,3,1,195360.82474226804
One Legazpi Park,97.0,2,2,1,1,242268.04123711342
The Rise Makati,75.0,2,2,2,1,253333.33333333334
Avida Towers Asten,22.0,1,1,1,0,259090.9090909091
Kingswood,154.0,4,4,2,0,129870.12987012987
Garden Towers,69.0,1,1,1,1,318840.5797101449
Garden Towers,69.0,1,1,1,1,333333.3333333333
Garden Towers,69.0,1,1,1,1,333333.3333333333
Garden Towers,69.0,1,1,1,1,333333.3333333333
BELTON PLACE,29.0,1,1,3,0,201724.1379310345
One Central,75.0,1,1,1,0,160000.0
The Residences at Greenbelt,146.0,1,1,3,2,308219.1780821918
One Rockwell,52.0,1,1,2,1,278846.1538461539
The Residences at Greenbelt,120.0,2,2,1,1,333333.3333333333
Paseo Heights,33.0,1,1,2,0,209090.9090909091
Grand Soho Makati,96.0,2,2,2,0,145833.33333333334
Two Roxas Triangle,303.0,3,4,2,1,445544.55445544556
The Eton Residences Greenbelt,48.0,1,1,3,0,197916.66666666666
THE COLUMNS LEGAZPI VILLAGE,77.0,2,2,1,1,233766.23376623375
Salcedo Skysuites,36.0,1,1,3,0,180555.55555555556
The Rise Makati,28.0,1,1,1,0,178571.42857142858
115 Upper Mckinley,130.0,2,2,3,1,165384.61538461538
Park Central Towers,155.0,2,2,3,2,612903.2258064516
Proscenium at Rockwell,33.0,1,1,1,1,409090.9090909091
Greenbelt Hamilton,54.0,1,1,2,0,221296.2962962963
ALPHA SALCEDO,47.0,1,1,1,1,148936.17021276595
Garden Towers,69.0,1,1,3,1,362318.84057971014
Three Central,80.0,2,3,3,2,201875.0
Three Central,80.0,1,1,3,2,201875.0
The Ellis,75.0,2,2,3,2,390000.0
The Columns Ayala Avenue,71.0,2,2,2,1,183098.5915492958
The Milano Residences,73.0,1,2,3,0,250684.9315068493
Cityland Pasong Tamo Tower,120.0,3,3,3,0,99074.06666666667
Greenbelt Hamilton,54.0,2,2,3,0,250000.0
Kroma Tower,59.0,1,1,1,0,203389.83050847458
Shang Salcedo Place,70.0,1,1,3,1,257142.85714285713
The Ellis,103.0,3,3,3,2,320388.3495145631
Shang Salcedo Place,138.0,3,3,1,2,324637.6811594203
Greenbelt Hamilton,41.0,1,1,3,0,341463.4146341463
Garden Towers,137.0,2,2,1,2,291970.802919708
Greenbelt Chancellor,55.0,1,1,3,0,181818.18181818182
Greenbelt Excelsior,72.0,2,2,3,0,270833.3333333333
Salcedo Skysuites,50.0,1,1,2,0,196000.0
The Residences at Greenbelt,187.0,3,3,3,1,304812.83422459895
One Legazpi Park,97.0,2,2,1,1,205670.1030927835
Air Residences,27.0,1,1,1,0,162222.22222222222
Vion Tower,30.0,1,1,1,0,254166.66666666666
Easton Place,189.0,3,3,3,1,121428.57142857143
Garden Towers,138.0,2,2,3,1,398550.72463768115
Solstice Towers,79.0,2,2,2,1,175949.3670886076
Grand Soho Makati,75.0,2,1,3,0,186666.66666666666
THE COLUMNS LEGAZPI VILLAGE,77.0,2,2,1,1,246753.24675324676
Two Salcedo Place,138.0,2,2,3,2,239130.4347826087
THE COLUMNS LEGAZPI VILLAGE,67.0,2,2,3,0,194029.85074626867
Greenbelt Hamilton,54.0,2,1,3,1,231481.4814814815
The Residences at Greenbelt,125.0,2,2,3,1,296000.0
Three Central,80.0,2,2,3,0,211875.0
San Antonio Residence,26.0,1,1,1,0,261538.46153846153
Park Terraces,83.0,1,1,3,1,325301.2048192771
Park Terraces,69.0,1,1,3,0,275362.3188405797
EDADES TOWER AND GARDEN VILLAS,161.0,3,3,2,2,360248.44720496895
Proscenium at Rockwell,33.0,1,1,3,0,318181.8181818182
One Rockwell,95.0,2,2,3,1,294736.84210526315
Proscenium at Rockwell,165.0,3,3,1,0,454545.45454545453
Garden Towers,138.0,2,2,2,1,282608.6956521739
One Rockwell,86.0,2,2,3,1,406976.74418604653
Park Terraces,110.0,2,2,1,0,327272.7272727273
Proscenium at Rockwell,165.0,3,3,3,2,454545.45454545453
One Rockwell,70.0,1,1,2,0,225000.0
One Rockwell,70.0,2,2,1,0,342857.14285714284
Proscenium at Rockwell,65.0,1,1,3,2,361538.46153846156
The Rise Makati,68.0,2,2,1,2,250000.0
ALPHA SALCEDO,108.0,2,3,2,2,203703.7037037037
Air Residences,36.0,2,1,2,1,194444.44444444444
EDADES TOWER AND GARDEN VILLAS,64.0,1,1,3,1,420000.0
Proscenium at Rockwell,89.0,2,2,1,1,382022.47191011236
The Residences at Greenbelt,137.0,2,2,3,2,277372.26277372264
One Rockwell,153.0,3,3,3,2,326797.38562091504
Callisto,28.0,1,1,1,0,375000.0
Park Terraces,103.0,2,1,1,0,349514.5631067961
San Lorenzo Place,26.0,1,1,3,0,173076.92307692306
Greenbelt Parkplace,48.0,1,1,3,0,187291.66666666666
The Estate Makati,151.0,2,2,1,0,605512.0529801324
Oriental Garden Condominium,45.0,1,1,1,1,144444.44444444444
Alphaland Makati Place,90.0,2,2,3,0,266666.6666666667
BELTON PLACE,35.0,1,1,3,0,148571.42857142858
Trump Tower,58.0,1,1,3,0,224137.93103448275
Fraser Place Manila,223.0,2,2,1,2,170358.74439461884
Signa Designer Residences,37.0,1,1,3,0,216216.2162162162
Park Terraces,309.0,3,3,3,2,404530.74433656957
The Beacon,38.0,1,1,3,1,250000.0
Park Terraces,199.0,3,3,1,2,311557.7889447236
Park Terraces,155.0,2,2,3,1,419354.8387096774
One Rockwell,84.0,2,2,2,1,297619.04761904763
THE GRAND MIDORI MAKATI,192.0,3,4,3,2,312447.9166666667
The Manansala,63.0,1,1,3,1,285714.28571428574
The Manansala,63.0,1,1,1,1,285714.28571428574
The Manansala,63.0,1,1,2,1,277777.77777777775
Proscenium at Rockwell,118.0,2,2,1,0,398220.33898305084
Callisto,64.0,1,1,3,0,171875.0
The Rise Makati,73.0,2,2,1,0,246438.35616438356
The Rise Makati,68.0,2,2,1,0,249852.9411764706
The Manansala,84.0,1,1,1,0,357130.95238095237
Ritz Towers,268.0,3,3,1,0,197761.19402985074
The Residences at Greenbelt,122.0,2,2,3,2,286803.2786885246
Park Terraces,110.0,2,2,3,0,327272.7272727273
Park Terraces,110.0,2,2,3,2,327181.8181818182
Signa Designer Residences,92.0,3,2,3,0,173369.5652173913
The Beacon,21.0,1,1,1,0,139523.80952380953
The Residences at Greenbelt,111.0,2,1,2,1,360360.36036036036
THE SHANG GRAND TOWER,161.0,2,2,1,2,279503.1055900621
One Antonio,52.0,2,1,3,0,317115.3846153846
Proscenium at Rockwell,224.0,3,3,2,2,379419.64285714284
Proscenium at Rockwell,242.0,3,3,1,2,371859.5041322314
The Manansala,71.0,1,1,3,0,246338.02816901408
The Manansala,102.0,2,2,1,0,313627.45098039217
The Rise Makati,73.0,2,2,3,1,273972.602739726
The Rise Makati,72.0,2,2,1,1,250000.0
The Rise Makati,72.0,2,2,1,0,248611.11111111112
The Rise Makati,75.0,2,2,1,1,253333.33333333334
The Rise Makati,73.0,2,2,1,0,246575.34246575343
The Rise Makati,68.0,2,2,1,2,242647.0588235294
The Rise Makati,73.0,2,2,1,0,232876.7123287671
The Rise Makati,69.0,2,2,3,1,268115.94202898553
The Rise Makati,68.0,2,2,3,0,279411.76470588235
The Residences at Greenbelt,111.0,2,3,3,1,351351.35135135136
The Residences at Greenbelt,125.0,2,2,1,2,320000.0
The Residences at Greenbelt,102.0,2,2,3,1,323529.4117647059
The Milano Residences,55.0,1,1,2,0,200000.0
The Milano Residences,82.0,2,2,1,1,292682.9268292683
The Milano Residences,118.0,3,3,1,2,296610.16949152545
Park Terraces,187.0,3,3,2,2,417112.2994652406
Park Terraces,140.0,2,2,3,1,400000.0
Park Terraces,68.0,1,1,3,1,308823.5294117647
Park Terraces,57.0,1,1,3,1,473684.2105263158
Park Terraces,76.0,1,1,3,1,381578.94736842107
Park Terraces,84.0,1,1,1,1,357142.85714285716
The Milano Residences,120.0,3,3,3,2,250000.0
The Milano Residences,75.0,1,1,3,1,284000.0
The Milano Residences,31.0,1,1,3,1,322580.6451612903
The Milano Residences,67.0,1,1,3,1,253731.3432835821
Forbes Tower Condominium,265.0,3,3,3,2,237735.84905660377
100 West,48.0,2,1,1,0,205833.33333333334
Garden Towers,140.0,2,3,3,1,314285.71428571426
Garden Towers,76.0,1,1,1,0,355263.15789473685
Knightsbridge Residences,54.0,1,2,3,1,185185.1851851852
The Gramercy Residences,72.0,2,2,3,1,201388.88888888888
The Gramercy Residences,93.0,2,2,3,0,218279.5698924731
The Gramercy Residences,48.0,1,1,3,0,277083.3333333333
100 West Makati,32.0,1,1,1,0,228750.0
Fraser Place Manila,308.0,4,4,2,2,211038.96103896105
Garden Towers,218.0,3,3,1,2,394495.4128440367
The Gramercy Residences,66.0,2,1,3,1,272727.2727272727
Garden Towers,137.0,2,2,1,1,350364.96350364963
Garden Towers,138.0,2,2,2,1,289130.4347826087
Garden Towers,218.0,3,3,1,2,366972.0183486239
Garden Towers,220.0,3,3,3,2,354545.45454545453
Eton Parkview Greenbelt,175.0,3,4,3,1,371428.5714285714
Pacific Plaza,285.0,3,1,2,2,280701.7543859649
Century Spire,99.0,1,1,1,0,222222.22222222222
Century Spire,69.0,1,1,1,0,288405.7971014493
The Rise Makati,75.0,2,2,2,1,266666.6666666667
The Milano Residences,55.0,1,1,1,0,200000.0
The Rise Makati,70.0,2,2,3,0,257142.85714285713
The Residences at Greenbelt,123.0,2,3,3,1,308861.7886178862
The Residences at Greenbelt,123.0,2,2,3,1,325121.9512195122
Century Spire,44.0,1,1,1,0,301877.3181818182
The Rise Makati,69.0,2,2,1,0,239130.4347826087
The Residences at Greenbelt,199.0,3,2,1,0,356783.91959798994
Trump Tower,102.0,1,1,3,1,333333.3333333333
Trump Tower,97.0,1,1,3,1,391752.57731958764
San Lorenzo Place,77.0,2,2,1,0,214025.97402597402
Pacific Plaza,285.0,3,2,3,2,242105.26315789475
Robinsons Galleria,199.0,2,3,1,0,351758.79396984924
Rock Fort Boutique Residences,12.0,1,1,2,0,166666.66666666666
The Residences at Greenbelt,102.0,3,3,3,2,441176.4705882353
Shang Salcedo Place,139.0,3,3,2,2,345323.7410071943
Shang Salcedo Place,104.0,2,2,3,1,326923.07692307694
Shang Salcedo Place,104.0,2,2,1,0,269230.76923076925
Shang Salcedo Place,102.0,2,2,3,2,292156.862745098
The Residences at Greenbelt,205.0,3,3,3,2,317073.1707317073
Park Terraces,206.0,3,3,1,0,453398.0582524272
San Lorenzo Place,77.0,2,2,3,0,315194.8051948052
The Residences at Greenbelt,126.0,2,2,2,1,277777.77777777775
The Residences at Greenbelt,123.0,2,2,3,1,325203.2520325203
The Residences at Greenbelt,145.0,2,3,2,2,255172.41379310345
The Residences at Greenbelt,136.0,2,2,1,2,294117.64705882355
The Residences at Greenbelt,123.0,2,2,1,1,284552.8455284553
The Residences at Greenbelt,111.0,2,3,1,1,360360.36036036036
The Residences at Greenbelt,133.0,2,2,1,2,278195.4887218045
Raffles Residences,209.0,3,3,1,0,311004.7846889952
The Estate Makati,151.0,2,2,1,0,574515.4966887417
The Estate Makati,151.0,2,2,1,0,573002.3841059603
The Estate Makati,151.0,2,2,1,0,523768.2119205298
The Estate Makati,151.0,2,2,1,0,519715.2317880795
Park Terraces,123.0,2,2,3,1,349593.4959349593
Air Residences,27.0,1,1,3,0,416148.14814814815
Robinsons Galleria,120.0,2,2,3,2,350000.0
Trump Tower,150.0,2,2,2,1,300000.0
The Residences at Greenbelt,226.0,3,3,3,2,376106.19469026546
The Residences at Greenbelt,111.0,2,2,1,1,333333.3333333333
ALPHA SALCEDO,57.0,1,1,1,1,162638.59649122806
Knightsbridge Residences,107.0,3,2,3,1,214953.2710280374
Signa Designer Residences,42.0,1,1,1,0,214285.7142857143
Jazz Residences,27.0,1,1,1,0,222222.22222222222
The Gramercy Residences,45.0,1,1,1,1,266666.6666666667
Fraser Place Manila,267.0,3,2,3,2,161048.68913857677
The Eton Residences Greenbelt,57.0,1,1,3,1,280701.7543859649
Century Spire,99.0,1,1,1,0,222222.22222222222
Park Terraces,83.0,1,1,3,1,385542.1686746988
Garden Towers,138.0,2,2,1,1,326086.95652173914
Park Terraces,84.0,1,1,3,0,345238.09523809527
Park Terraces,117.0,2,1,1,0,371794.8717948718
Park Terraces,82.0,1,1,2,0,359756.0975609756
Century Spire,78.0,1,1,1,0,282541.6923076923
Ritz Towers,263.0,3,3,1,2,224334.60076045626
Avida Towers Asten,30.0,1,1,3,1,210000.0
Ritz Towers,268.0,3,3,3,1,205223.8805970149
The Ritz Tower,263.0,3,3,1,2,216692.01520912547
The Beacon,21.0,1,1,3,0,261904.7619047619
The Estate Makati,224.0,3,3,1,0,524241.0714285714
The Estate Makati,179.0,3,3,1,0,559664.8044692738
The Estate Makati,151.0,2,2,1,2,530728.4768211921
THE SHANG GRAND TOWER,132.0,2,2,1,0,250000.0
One Central,46.0,1,1,3,0,239130.4347826087
Park Terraces,45.0,1,1,1,1,411111.1111111111
Trump Tower,57.0,1,1,2,0,280701.7543859649
Solstice Towers,63.0,1,1,3,1,253968.25396825396
THE COLUMNS LEGAZPI VILLAGE,32.0,1,1,3,0,215625.0
The Rise Makati,70.0,2,2,3,0,221428.57142857142
Signa Designer Residences,60.0,2,2,3,1,200000.0
The Residences at Greenbelt,111.0,2,2,2,1,359459.45945945947
Ritz Towers,267.0,3,3,3,2,232172.28464419476
Avida Towers Makati West,22.0,1,1,2,0,145454.54545454544
Forbes Tower Condominium,223.0,2,3,1,2,156950.67264573992
The Residences at Greenbelt,118.0,2,2,1,1,305000.0
Salcedo Skysuites,66.0,1,1,1,0,227121.21212121213
THE COLUMNS LEGAZPI VILLAGE,74.0,2,2,1,0,296081.08108108107
Park Terraces,186.0,3,4,2,2,381720.4301075269
The Rise Makati,72.0,2,3,1,1,243055.55555555556
The Milano Residences,55.0,1,1,3,0,252727.27272727274
Heart Tower,127.0,2,2,1,0,181102.3622047244
Shang Salcedo Place,105.0,2,2,3,0,271428.5714285714
THE GRAND MIDORI MAKATI,159.0,3,3,1,0,232704.40251572328
Twin Towers,271.0,3,3,1,2,250922.50922509225
Raffles Residences,153.0,2,2,3,1,316339.86928104574
Raffles Residences,151.0,2,2,3,1,297350.99337748345
Raffles Residences,156.0,2,2,3,2,288461.53846153844
Ritz Towers,262.0,4,3,1,2,251908.3969465649
Pacific Plaza,285.0,3,3,1,2,228035.08771929826
Greenbelt Parkplace,55.0,2,2,3,0,224727.27272727274
Shang Salcedo Place,104.0,2,3,3,1,283653.8461538461
The Residences at Greenbelt,221.0,2,2,3,2,271493.2126696833
One Rockwell,106.0,2,2,3,1,311320.75471698114
One Rockwell,131.0,2,2,3,1,308396.9465648855
Proscenium at Rockwell,224.0,3,3,3,2,491071.4285714286
Proscenium at Rockwell,165.0,3,3,3,2,454545.45454545453
Solstice Towers,137.0,3,3,3,2,255474.45255474452
Park Terraces,272.0,3,4,2,0,404411.76470588235
The Estate Makati,195.0,3,4,1,0,323076.92307692306
Makati Palace Hotel,143.0,3,3,2,1,132867.13286713287
Shang Salcedo Place,52.0,1,1,3,0,288461.53846153844
Garden Towers,140.0,2,2,3,1,260714.2857142857
Kroma Tower,56.0,1,1,3,0,205357.14285714287
Mayfair Mansion,129.0,2,2,3,1,197674.41860465117
Greenbelt Hamilton,41.0,1,1,3,0,292682.9268292683
One Rockwell East Tower,111.0,2,2,1,1,270270.2702702703
Knightsbridge Residences,37.0,1,1,3,0,181081.0810810811
One Rockwell,111.0,2,2,1,1,270270.2702702703
Makati Executive Tower,36.0,1,1,1,0,97222.22222222222
S Residences,81.0,1,1,3,1,358024.6913580247
Forbes Tower Condominium,286.0,4,4,3,1,174825.17482517482
Amorsolo West,73.0,1,1,3,1,315068.4931506849
Solstice Towers,58.0,1,1,2,1,241379.3103448276
The Salcedo Park Condominum,180.0,3,3,2,2,202777.77777777778
The Salcedo Park Condominum,180.0,3,3,2,2,202777.77777777778
Three Central,75.0,2,2,3,1,180000.0
Forbes Tower Condominium,168.0,2,2,3,2,190476.19047619047
Kroma Tower,60.0,1,1,3,1,233333.33333333334
Two Central,62.0,1,1,3,0,201612.90322580645
Antel Platinum Tower,101.0,2,2,1,0,128712.87128712871
One Rockwell East Tower,111.0,2,3,1,0,270270.2702702703
The Rise Makati,72.0,2,2,1,0,213250.0
One Rockwell East Tower,111.0,2,2,1,1,270270.2702702703
One Legazpi Park,97.0,2,2,3,1,242268.04123711342
The Lerato,37.0,1,1,2,0,229729.72972972973
Jazz Residences,54.0,1,1,2,0,181481.4814814815
The Linear,24.0,1,1,1,0,116666.66666666667
Shang Salcedo Place,139.0,3,3,1,2,359712.23021582735
Makati Palace Hotel,72.0,1,1,2,1,83333.33333333333
Three Central,80.0,2,3,3,1,200000.0
Park Terraces,74.0,1,1,2,1,337837.8378378378
Park Terraces,45.0,1,1,3,1,377777.77777777775
Park Terraces,83.0,1,1,3,0,301204.8192771084
One Lafayette Square,98.0,2,2,2,1,181632.6530612245
Mint Residences,25.0,1,1,2,0,144000.0
Proscenium at Rockwell,224.0,3,3,3,2,379464.28571428574
Proscenium at Rockwell,224.0,3,3,3,2,388392.85714285716
Escala Salcedo,242.0,3,2,3,2,371900.826446281
Escala Salcedo,242.0,3,3,3,2,495867.7685950413
Luna Gardens,246.0,3,3,1,2,337398.3739837398
The Proscenium,147.0,3,3,1,2,435374.14965986396
Trump Tower,94.0,1,1,3,1,276595.74468085106
Joya Lofts and Towers,150.0,3,3,1,2,380000.0
Park Terraces,187.0,3,3,3,2,411764.70588235295
Escala Salcedo,242.0,3,3,2,2,495867.7685950413
Jazz Residences,46.0,2,1,1,0,173913.04347826086
Amorsolo East,156.0,2,2,1,0,307692.3076923077
Kroma Tower,54.0,1,1,3,1,287037.037037037
Shang Salcedo Place,73.0,1,1,3,1,312239.0
Grand Tower,274.0,3,3,3,2,310218.9781021898
Park Terraces,83.0,1,1,3,1,301204.8192771084
Joya Lofts and Towers,150.0,3,3,2,2,380000.0
Grand Tower,279.0,3,3,3,2,268817.20430107525
Mayfair Mansion,129.0,2,2,3,0,248062.01550387597
One Rockwell East Tower,80.0,2,2,2,1,318750.0
One Central,46.0,1,1,3,0,147826.08695652173
Knightsbridge Residences,54.0,1,2,3,1,200000.0
One Rockwell,71.0,1,1,2,1,309859.1549295775
Park Central Towers,150.0,2,2,1,2,453333.3333333333
Astela at Circuit Makati,65.0,1,1,1,0,172520.0
THE GRAND MIDORI MAKATI,34.0,1,1,3,0,176470.58823529413
THE SHANG GRAND TOWER,135.0,2,3,3,2,251111.11111111112
Kroma Tower,60.0,1,1,1,1,233333.33333333334
One Rockwell,52.0,1,1,1,0,325000.0
The Milano Residences,170.0,3,3,3,1,352941.17647058825
The Proscenium,121.0,2,3,2,2,429752.0661157025
Park Terraces,155.0,2,2,1,1,322580.6451612903
Eton Parkview Greenbelt,63.0,2,1,3,1,230158.73015873015
One Rockwell,71.0,1,1,1,1,309859.1549295775
The Proscenium at Rockwell,54.0,1,1,2,1,351851.85185185185
Luna Gardens,246.0,3,3,1,0,345528.4552845528
Proscenium at Rockwell,224.0,3,3,3,2,445982.14285714284
Proscenium at Rockwell,194.0,3,3,3,0,541237.1134020619
Mayfair Mansion,129.0,2,2,3,1,197674.41860465117
Pacific Plaza Condominium,289.0,3,3,3,2,259515.57093425604
Garden Towers,138.0,2,2,3,1,326086.95652173914
Victoria de Makati,42.0,2,1,1,0,152380.95238095237
San Lorenzo Place,38.0,2,1,1,0,252789.47368421053
San Lorenzo Place,38.0,2,1,1,0,252631.68421052632
San Lorenzo Place,38.0,2,1,1,0,236842.1052631579
Proscenium at Rockwell,118.0,2,2,3,0,406779.66101694916
Proscenium at Rockwell,118.0,2,2,3,0,406779.66101694916
One Rockwell East Tower,184.0,3,3,2,2,326086.95652173914
Two Central,62.0,1,2,2,0,214516.12903225806
One Central,152.0,3,4,2,0,227631.57894736843
The Salcedo Park,180.0,3,3,1,0,150000.0
Joya Lofts and Towers,68.0,1,1,3,1,308823.5294117647
The Proscenium,224.0,3,3,3,2,401785.71428571426
The Beacon,42.0,1,1,3,0,138095.2380952381
One Rockwell,70.0,1,1,2,1,314285.71428571426
The Makati Tuscany,74.0,1,2,3,1,364864.86486486485
Paseo Parkview Suites,75.0,1,1,3,1,180000.0
Elizabeth Place,43.0,1,1,3,1,167441.86046511628
The Proscenium,121.0,2,1,2,1,404958.6776859504
Alphaland Makati Place,90.0,2,2,3,0,266666.6666666667
The Proscenium,121.0,2,3,3,2,462809.9173553719
Kroma Tower,56.0,1,1,3,0,285714.28571428574
The Gramercy Residences,28.0,1,1,1,1,196428.57142857142
One Rockwell,106.0,2,2,3,0,283018.8679245283
The Alpha Suites,63.0,1,1,3,0,269841.2698412698
Garden Towers,69.0,1,1,3,1,333333.3333333333
San Lorenzo Place,38.0,2,2,2,0,253328.57894736843
San Lorenzo Place,28.0,1,1,2,0,122705.46428571429
San Antonio Residence,32.0,1,1,1,0,193750.0
One Rockwell,98.0,2,2,1,1,300000.0
One Central,66.0,1,1,3,0,180000.0
One Rockwell East Tower,80.0,2,2,2,1,318750.0
Greenbelt Parkplace,36.0,1,1,3,0,204166.66666666666
Fortis Residences,152.0,3,3,1,0,217401.31578947368
Makati Cinema Square Tower,120.0,2,2,3,1,95833.33333333333
The Peak Tower,43.0,1,1,3,0,151162.7906976744
San Lorenzo Place,38.0,2,2,2,0,253328.57894736843
Garden Towers,69.0,1,1,1,1,347826.0869565217
Astela at Circuit Makati,126.0,3,3,1,0,320153.05555555556
Astela at Circuit Makati,95.0,2,2,2,0,304520.0
One Rockwell,52.0,1,1,1,0,325000.0
One Rockwell East Tower,80.0,2,2,2,1,318750.0
Salcedo Skysuites,72.0,1,2,3,0,229166.66666666666
Kroma Tower,27.0,1,1,3,1,259259.25925925927
Park Central Towers,150.0,2,3,1,2,453333.3333333333
Solstice at Circuit Makati,33.0,1,1,2,0,196969.69696969696
Astela at Circuit Makati,65.0,1,1,1,0,318527.6923076923
Astela at Circuit Makati,65.0,1,1,1,0,318527.6923076923
Astela at Circuit Makati,65.0,1,1,1,0,318527.6923076923
Monte Carlo Towers,46.0,1,1,1,0,252141.30434782608
Monte Carlo Towers,33.0,1,1,2,0,273969.69696969696
Monte Carlo Towers,46.0,1,1,1,0,248950.0
Monte Carlo Towers,33.0,1,1,1,0,278151.51515151514
The Grand Quartier,51.0,1,1,3,0,137254.9019607843
The Grand Quartier,83.0,1,1,3,0,128915.6626506024
Fairway Tarraces,54.0,1,1,2,0,131111.11111111112
Fairway Tarraces,53.0,2,1,2,0,129811.32075471699
Fairway Tarraces,53.0,2,1,2,0,127924.52830188679
Fairway Tarraces,52.0,2,1,2,0,128461.53846153847
Senta,25.0,1,1,1,0,110400.0
Victoria Sports Tower,25.0,1,1,1,0,111464.0
Victoria Sports Tower,25.0,1,1,1,0,108800.0
Victoria Sports Tower,25.0,1,1,1,0,111203.96
Victoria Sports Tower,25.0,1,1,1,0,110000.36
Victoria Sports Tower,25.0,1,1,1,0,110000.32
Victoria Sports Tower,25.0,1,1,1,0,112000.0
Fairway Tarraces,78.0,2,2,3,1,179487.1794871795
Shang Residences at Wack Wack,232.0,3,4,2,2,238686.2068965517
Kai Garden Residences,81.0,3,2,1,0,122839.50617283951
Kai Garden Residences,53.0,2,1,1,0,154716.98113207548
Kai Garden Residences,53.0,2,1,2,0,135849.05660377358
Sheridan Towers,79.0,3,1,3,0,126455.69620253165
SUNTRUST TREETOP VILLAS,30.0,2,1,3,1,233333.33333333334
Twin Oaks Place,55.0,1,1,1,1,218181.81818181818
Kai Garden Residences,56.0,2,1,1,0,186107.14285714287
Tivoli Garden Residences,41.0,1,1,3,0,85365.85365853658
Flair Towers,48.0,2,1,2,0,139583.33333333334
Sage Residences,55.0,2,1,1,0,153400.0
Tivoli Garden Residences,41.0,1,1,3,0,85365.85365853658
Tivoli Garden Residences,41.0,1,1,3,0,85365.85365853658
Kai Garden Residences,30.0,1,1,1,0,237533.33333333334
Tivoli Garden Residences,41.0,1,1,2,0,85365.85365853658
Shaw Residenza,65.0,2,2,3,0,112307.69230769231
The Olive Place,69.0,2,2,1,0,187137.95652173914
The Olive Place,37.0,1,1,1,0,225812.51351351352
Twin Towers,87.0,1,1,2,1,159770.11494252874
The St. Francis Shangri-La Place,57.0,1,1,3,0,210526.31578947368
AMA TOWER RESIDENCES,57.0,2,2,1,1,140350.87719298244
Axis Residences,24.0,1,1,2,0,187500.0
Tivoli Gardens Residences,51.0,2,1,3,0,117647.05882352941
Acqua Private Residences,189.0,3,3,3,1,211640.21164021164
One Shangri-La Place,65.0,1,1,3,1,338461.53846153844
One Shangri-La Place,65.0,1,1,3,1,338461.53846153844
Shang Residences at Wack Wack,142.0,2,2,1,1,302816.9014084507
Shang Residences at Wack Wack,279.0,4,4,2,2,280565.50896057347
Shang Residences at Wack Wack,279.0,4,4,2,2,281142.96774193546
Shang Residences Wack Wack,279.0,4,4,2,2,280565.50896057347
Shang Residences Wack Wack,279.0,4,4,2,2,281142.96774193546
Shang Residences at Wack Wack,145.0,2,2,2,1,241241.35862068966
Shang Residences Wack Wack,145.0,2,2,2,1,241241.35862068966
Shang Residences Wack Wack,169.0,3,3,2,1,204142.01183431954
Shang Residences Wack Wack,169.0,3,3,2,1,205255.81065088758
Shang Residences Wack Wack,169.0,3,3,2,1,211242.60355029587
Shang Residences at Wack Wack,169.0,3,3,2,1,204602.23076923078
Shang Residences at Wack Wack,169.0,3,3,2,1,211242.60355029587
Shang Residences Wack Wack,232.0,3,3,2,2,181896.5474137931
Shang Residences at Wack Wack,232.0,3,3,2,2,197413.7931034483
Shang Residences at Wack Wack,232.0,3,3,2,2,183636.0474137931
Shang Residences at Wack Wack,145.0,2,2,2,1,250228.59310344828
Shang Residences at Wack Wack,145.0,2,2,2,1,241041.3724137931
Shang Residences Wack Wack,145.0,2,2,2,1,241041.3724137931
Shang Residences at Wack Wack,81.0,1,1,2,0,246913.56790123458
The Residences at The Westin Manila Sonata Place,77.0,1,1,3,1,363636.36363636365
The Residences at The Westin Manila Sonata Place,47.0,1,1,3,1,361702.12765957444
Mandaluyong Executive Mansion III,18.0,1,1,1,0,100000.0
Sheridan Towers,56.0,2,1,1,0,119642.85714285714
Flair Towers,48.0,2,1,1,1,143750.0
Flair Towers,48.0,2,1,1,0,129166.66666666667
Flair Towers,48.0,2,1,3,0,123958.33333333333
Gateway Garden Heights,73.0,2,1,2,0,89041.09589041096
Axis Residences,76.0,2,2,3,2,224013.15789473685
Shang Residences Wack Wack,232.0,3,3,2,2,254775.8620689655
Sheridan Towers,36.0,1,1,3,0,166666.66666666666
California Garden Square,81.0,3,2,3,0,98765.43209876544
Flair Towers,76.0,3,2,3,1,171052.63157894736
One Shangri-La Place,125.0,2,3,2,1,360000.0
One Shangri-La Place,131.0,1,1,3,0,381679.3893129771
One Shangrila Place,80.0,1,1,3,0,275000.0
The St. Francis Shangri-La Place,117.0,2,2,3,2,231495.7264957265
The St. Francis Shangri-La Place,115.0,2,2,3,0,226086.95652173914
The St. Francis Shangri-La Place,92.0,2,2,1,1,250000.0
Sonata Private Residences,49.0,1,1,3,0,192857.14285714287
Tivoli Garden Residences,51.0,1,1,2,1,123529.41176470589
Flair Towers,29.0,1,1,2,0,127586.20689655172
Tivoli Garden Residences,80.0,3,2,2,0,112500.0
Axis Residences,76.0,2,2,3,0,224013.15789473685
Tivoli Garden Residences,51.0,2,2,3,0,117647.05882352941
Shang Residences at Wack Wack,142.0,2,1,1,1,300000.0
Avida Towers Centera,56.0,2,2,1,0,154464.2857142857
The St. Francis Shangri-La Place,92.0,2,2,1,0,250000.0
Kai Garden Residences,52.0,2,1,1,0,161461.53846153847
Acqua Private Residences,78.0,2,2,3,0,192307.6923076923
The Residences at The Westin Manila Sonata Place,50.0,1,1,1,1,400000.0
St. Francis Shangri-La Place,136.0,2,2,2,0,220588.23529411765
Twin Oaks Place,54.0,1,1,1,1,231481.4814814815
Sheridan Towers,56.0,2,1,3,1,142500.0
Flair Towers,52.0,2,1,3,0,134615.38461538462
Shang Residences Wack Wack,169.0,3,3,2,1,254248.52071005918
Shang Residences Wack Wack,145.0,2,2,2,1,297986.2068965517
Shang Residences Wack Wack,231.0,3,3,2,2,255878.78787878787
Kai Garden Residences,53.0,2,1,1,0,150000.0
Wack Wack Twin Towers,154.0,3,2,3,1,129870.12987012987
8 Wack Wack Road,238.0,3,3,2,1,176470.58823529413
Sheridan Towers,79.0,3,1,3,0,124050.6329113924
Kai Garden Residences,53.0,2,1,2,0,131132.0754716981
The Address at Wack Wack,59.0,1,1,1,1,220338.98305084746
Shangri-La Plaza,24.0,1,1,3,0,145833.33333333334
Kai Garden Residences,52.0,2,1,2,1,152884.61538461538
Light Residences,27.0,1,1,3,0,166666.66666666666
The St. Francis Shangri-La Place,117.0,2,3,2,2,231500.0
Lee Gardens,247.0,3,3,1,0,114276.92307692308
Kai Garden Residences,48.0,2,1,1,0,177083.33333333334
Flair Towers,48.0,2,1,2,0,145833.33333333334
The St. Francis Shangri-La Place,117.0,2,3,2,2,231500.0
Wack Wack Twin Towers,165.0,3,3,2,1,133333.33333333334
Kai Garden Residences,53.0,2,1,1,1,150943.3962264151
Sheridan Towers,79.0,3,1,3,0,124050.6329113924
Kai Garden Residences,53.0,2,1,2,0,132075.4716981132
Harbour Park Residences,40.0,2,1,2,0,187500.0
Pioneer Woodlands,31.0,1,1,2,0,77708.70967741935
Pioneer Woodlands,52.0,1,1,2,0,63616.557692307695
Pioneer Woodlands,50.0,2,2,2,0,53935.82
Pioneer Woodlands,23.0,1,1,2,0,134656.04347826086
Avida Towers Verge,21.0,1,1,1,1,342857.14285714284
The St. Francis Shangri-La Place,43.0,1,1,3,0,209302.32558139536
California Garden Square,57.0,2,2,3,0,117543.85964912281
The Residences at The Westin Manila Sonata Place,175.0,3,3,2,2,394285.71428571426
Shang Residences Wack Wack,170.0,3,3,1,1,241170.58823529413
Wack Wack Twin Towers,30.0,1,1,2,0,116666.66666666667
Kai Garden Residences,48.0,2,1,3,0,180895.83333333334
Kai Garden Residences,24.0,1,1,3,0,231208.33333333334
Shang Residences Wack Wack,145.0,2,2,2,1,287227.5862068966
Shang Residences Wack Wack,232.0,3,3,3,2,255163.7931034483
Lee Gardens,122.0,3,2,3,1,163934.4262295082
8 Wack Wack Road,108.0,2,2,1,1,129629.62962962964
The Proscenium,224.0,3,3,3,2,401785.71428571426
GA Tower,40.0,2,2,1,0,70000.0
Shang Residences at Wack Wack,145.0,2,2,2,0,302813.7931034483
St. Francis Shangri-La Place,136.0,2,3,1,0,242647.0588235294
One Shangri-La Place,165.0,3,3,1,1,351515.1515151515
Shang Residences at Wack Wack,169.0,3,3,2,1,204142.01183431954
Shang Residences at Wack Wack,232.0,3,3,2,2,186206.8922413793
Shang Residences at Wack Wack,145.0,2,2,2,1,240846.75862068965
One Shangri-La Place,131.0,3,3,3,1,358778.61832061067
Acqua Private Residences,54.0,2,2,1,0,240740.74074074073
Lee Gardens,96.0,2,2,3,1,145833.33333333334
Harbour Park Residences,30.0,1,1,3,0,126666.66666666667
St. Francis Shangri-La Place,71.0,1,1,3,0,253521.12676056338
Flair Towers,76.0,3,2,3,1,164473.68421052632
One Shangri-La Place,45.0,1,1,3,0,266666.6666666667
Sheridan Towers,38.0,1,1,3,0,131578.94736842104
The Address at Wack Wack,78.0,2,2,3,2,211538.46153846153
SUNTRUST TREETOP VILLAS,30.0,2,1,1,0,110000.0
Acqua Private Residences,54.0,2,2,3,0,194444.44444444444
St. Francis Shangri-La Place,40.0,1,1,3,1,275000.0
One Shangri-La Place,131.0,2,2,2,0,297709.9236641221
Sonata Private Residences,154.0,2,2,2,2,324675.32467532466
One Shangri-La Place,131.0,2,2,3,0,312977.0992366412
The Residences at The Westin Manila Sonata Place,96.0,2,2,3,2,369791.6666666667
St. Francis Shangri-La Place,71.0,1,1,3,1,281690.1408450704
St. Francis Shangri-La Place,43.0,1,1,3,0,220930.23255813954
Lee Gardens,127.0,3,3,2,0,129921.25984251969
Fame Residences,24.0,1,1,1,0,234828.45833333334
Amaia Skies Shaw,19.0,1,1,1,0,184210.52631578947
Shangri-La Plaza,19.0,1,1,1,0,184210.52631578947
Amaia Skies Shaw,19.0,1,1,1,0,163157.8947368421
Amaia Skies Shaw,19.0,1,1,1,0,184210.52631578947
Avida Towers Verge,23.0,1,1,1,1,243478.26086956522
Amaia Skies Shaw,19.0,1,1,1,0,184210.52631578947
Amaia Skies Shaw,19.0,1,2,1,0,184210.52631578947
Amaia Skies Shaw,19.0,1,1,1,0,184210.52631578947
Amaia Skies Shaw,19.0,1,1,1,0,184210.52631578947
Amaia Skies Shaw,19.0,1,1,1,0,184210.52631578947
Amaia Skies Shaw,19.0,1,1,1,0,184210.52631578947
Amaia Skies Shaw,32.0,1,1,1,0,150000.0
Amaia Skies Shaw,19.0,1,1,1,1,184210.52631578947
Amaia Skies Shaw,32.0,1,1,1,0,150000.0
Amaia Skies Shaw,19.0,1,1,1,0,184210.52631578947
Amaia Skies Shaw,19.0,1,1,1,0,184210.52631578947
Amaia Skies Shaw,19.0,1,1,1,0,184210.52631578947
Avida Towers Verge,23.0,1,1,1,1,243478.26086956522
Avida Towers Verge,23.0,1,1,1,1,243478.26086956522
Avida Towers Verge,23.0,1,1,1,1,243478.26086956522
Avida Towers Verge,23.0,1,1,1,1,243478.26086956522
Amaia Skies Shaw,19.0,1,1,1,0,184210.52631578947
Shang Residences at Wack Wack,231.0,3,3,1,1,281601.7316017316
Pines Peak Towers,23.0,1,1,1,0,115217.39130434782
Light Residences,23.0,1,1,1,0,132656.52173913043
Flair Towers,48.0,2,1,1,1,143750.0
Kai Garden Residences,81.0,3,2,1,0,122839.50617283951
Robinsons Galleria,131.0,2,1,2,1,343511.4503816794
Vista Shaw,36.0,1,1,1,0,220000.0
Vista Shaw,36.0,1,1,1,0,181555.55555555556
Kai Garden Residences,54.0,2,1,1,1,144444.44444444444
One Gateway Place,129.0,3,2,1,0,108527.13178294574
Sonata Private Residences,49.0,1,1,1,0,192857.14285714287
One Shangri-La Place,45.0,1,1,3,0,200000.0
Axis Residences,56.0,1,1,3,0,124821.42857142857
One Shangri-La Place,131.0,2,2,3,0,320534.35114503815
The Residences at The Westin Manila Sonata Place,50.0,1,1,2,1,400000.0
Acqua Private Residences,28.0,1,1,3,1,196428.57142857142
Flair Towers,76.0,3,2,2,1,177631.57894736843
Shang Residences at Wack Wack,170.0,3,1,1,0,294117.64705882355
Robinsons Galleria,56.0,1,1,3,0,276910.71428571426
St. Francis Shangri-La Place,120.0,2,2,1,1,250000.0
St. Francis Shangri-La Place,136.0,2,2,3,1,294117.64705882355
St. Francis Shangri-La Place,119.0,3,3,3,0,336134.4537815126
St. Francis Shangri-La Place,77.0,2,2,3,1,363636.36363636365
Twin Oaks Place,54.0,1,2,3,0,183333.33333333334
Acqua Private Residences,42.0,1,1,2,0,261904.7619047619
Twin Oaks Place,31.0,1,1,1,0,183870.96774193548
Shangri-La Plaza,120.0,2,2,1,1,250000.0
The Residences at The Westin Manila Sonata Place,211.0,3,2,2,1,360781.1137440758
The Residences at The Westin Manila Sonata Place,211.0,3,2,2,1,357851.0047393365
The Residences at The Westin Manila Sonata Place,157.0,2,2,2,1,366455.37579617836
The Residences at The Westin Manila Sonata Place,157.0,2,2,2,1,364467.872611465
The Residences at The Westin Manila Sonata Place,147.0,2,2,2,1,358785.36734693876
The Residences at The Westin Manila Sonata Place,157.0,2,2,2,1,363474.1210191083
The Residences at The Westin Manila Sonata Place,158.0,2,2,2,1,356824.41139240505
The Residences at The Westin Manila Sonata Place,157.0,2,2,2,1,356788.9108280255
The Residences at The Westin Manila Sonata Place,76.0,1,2,2,1,354474.0394736842
The Residences at The Westin Manila Sonata Place,67.0,1,2,2,1,353246.94029850746
The Residences at The Westin Manila Sonata Place,96.0,2,2,2,1,311458.3333333333
The Residences at The Westin Manila Sonata Place,211.0,3,2,2,1,360781.1137440758
The Residences at The Westin Manila Sonata Place,211.0,3,2,2,1,357851.0047393365
The Residences at The Westin Manila Sonata Place,157.0,2,2,2,1,366455.37579617836
The Residences at The Westin Manila Sonata Place,157.0,2,2,3,0,364467.872611465
The Residences at The Westin Manila Sonata Place,147.0,2,2,2,1,358785.36734693876
The Residences at The Westin Manila Sonata Place,157.0,2,2,2,1,363474.1210191083
The Residences at The Westin Manila Sonata Place,158.0,2,2,3,0,356824.41139240505
The Residences at The Westin Manila Sonata Place,157.0,2,2,1,0,356788.9108280255
The Residences at The Westin Manila Sonata Place,75.0,1,2,2,1,359200.36
The Residences at The Westin Manila Sonata Place,67.0,2,2,1,0,353246.94029850746
Twin Oaks Place,102.0,3,2,3,0,211152.9411764706
Tivoli Garden Residences,52.0,2,1,3,0,125000.0
Twin Oaks Place,55.0,1,1,3,0,178181.81818181818
Shang Residences at Wack Wack,170.0,3,1,1,1,308823.5294117647
Shang Residences at Wack Wack,170.0,3,1,1,1,308823.5294117647
One Shangri-La Place,131.0,2,1,3,1,335877.86259541987
The Residences at The Westin Manila Sonata Place,47.0,1,1,2,1,329574.4680851064
The Residences at The Westin Manila Sonata Place,96.0,2,2,2,1,311458.3333333333
Pioneer Highlands,190.0,3,3,2,2,115789.47368421052
Kai Garden Residences,56.0,2,1,1,0,119642.85714285714
St. Francis Shangri-La Place,68.0,2,2,1,0,220588.23529411765
One Shangri-La Place,64.0,1,1,2,1,312500.0
One Shangri-La Place,157.0,3,3,3,2,433121.01910828025
The Residences at The Westin Manila Sonata Place,95.0,2,1,1,0,368421.05263157893
One Shangri-La Place,131.0,2,2,3,0,305343.51145038166
The Residences at The Westin Manila Sonata Place,78.0,1,1,2,1,367948.71794871794
One Shangri-La Place,117.0,2,2,1,1,222222.22222222222
Fame Residences,28.0,1,1,1,0,226050.0
Fame Residences,28.0,1,1,1,0,185053.57142857142
Kai Garden Residences,83.0,3,1,1,2,162650.60240963855
8 Wack Wack Road,108.0,2,2,1,1,129629.62962962964
Vista Shaw,60.0,2,2,2,0,158333.33333333334
Shang Residences Wack Wack,142.0,2,2,2,0,295633.8028169014
Light Residences,27.0,1,1,1,0,129629.62962962964
St. Francis Shangri-La Place,63.0,1,1,3,0,238095.2380952381
Shang Residences at Wack Wack,169.0,3,3,1,1,284023.66863905324
Lee Gardens,119.0,3,3,3,0,122619.40336134454
Shang Residences at Wack Wack,81.0,1,1,2,1,271604.93827160494
Kai Garden Residences,81.0,3,2,1,1,122839.50617283951
One Shangri-La Place,65.0,1,1,1,0,307692.3076923077
Sunshine 100 City Plaza,33.0,1,1,2,1,196969.69696969696
Pioneer Highlands,60.0,1,1,1,1,108333.33333333333
Axis Residences,51.0,2,2,1,1,231372.54901960783
Avida Towers Centera,57.0,2,2,3,0,136842.1052631579
The Residences at The Westin Manila Sonata Place,173.0,3,3,1,2,415028.90173410403
The Residences at The Westin Manila Sonata Place,160.0,2,2,1,2,281250.0
8 Wack Wack Road,108.0,2,2,1,0,138888.88888888888
8 Wack Wack Road,212.0,3,3,1,0,153301.88679245283
One Shangri-La Place,175.0,3,3,1,0,342857.14285714284
Pioneer Pointe,62.0,2,2,1,0,101612.90322580645
Twin Oaks Place,32.0,1,1,1,0,234375.0
Twin Oaks Place,35.0,1,1,1,0,208000.0
Pioneer Woodlands,37.0,1,1,2,0,110902.75675675676
The Paddington Place,37.0,1,1,2,0,101407.21621621621
Sage Residences,84.0,3,2,1,0,166321.42857142858
Sheridan Towers,66.0,2,1,3,0,106060.60606060606
Tivoli Garden Residences,50.0,2,1,3,0,118000.0
The Paddington Place,40.0,1,1,2,0,210717.025
Shang Residences Wack Wack,169.0,3,3,2,1,207100.59171597633
Harbour Park Residences,27.0,1,1,1,0,166666.66666666666
One Gateway Place,129.0,3,2,3,0,108527.13178294574
Axis Residences,51.0,2,2,2,1,231372.54901960783
Fame Residences,24.0,1,1,3,0,63916.666666666664
Fame Residences,24.0,1,1,3,0,55771.75
Fame Residences,24.0,1,1,3,0,150000.0
Shang Residences Wack Wack,169.0,3,3,2,1,207100.59171597633
Wack Wack Twin Towers,165.0,3,2,3,1,121212.12121212122
Kai Garden Residences,54.0,2,1,2,0,151851.85185185185
Kai Garden Residences,28.0,1,1,1,0,188714.2857142857
Fame Residences,26.0,1,1,2,0,230769.23076923078
St. Francis Shangri-La Place,52.0,1,1,2,0,269230.76923076925
St. Francis Shangri-La Place,38.0,1,1,2,0,263157.8947368421
The St. Francis Shangri-La Place,136.0,2,3,3,0,242647.0588235294
St. Francis Shangri-La Place,136.0,2,3,2,0,242647.0588235294
Harbour Park Residences,30.0,1,1,1,0,160000.0
Kai Garden Residences,36.0,1,1,1,0,180555.55555555556
Acqua Private Residences,27.0,1,1,3,0,129629.62962962964
Acqua Private Residences,60.0,2,2,2,0,175000.0
GA Tower,40.0,2,2,2,0,87500.0
Kai Garden Residences,39.0,1,1,1,0,138461.53846153847
GA Tower,45.0,3,3,1,0,82222.22222222222
Light Residences,23.0,1,1,3,0,173913.04347826086
The Address at Wack Wack,69.0,1,1,2,0,166666.66666666666
Tivoli Garden Residences,97.0,3,2,1,0,123711.34020618557
Acqua Private Residences,27.0,1,1,3,0,129629.62962962964
Fame Residences,24.0,1,1,2,0,133321.0
Vista Shaw,50.0,2,1,1,0,140000.0
Tivoli Garden Residences,100.0,3,2,2,0,125000.0
Pioneer Woodlands,30.0,1,1,1,0,230000.0
Pioneer Woodlands,50.0,2,1,1,0,224000.0
The St. Francis Shangri-La Place,71.0,1,1,3,1,218309.85915492958
California Garden Square,38.0,1,1,1,0,126315.78947368421
One Shangri-La Place,85.0,1,1,1,0,294117.64705882355
Kai Garden Residences,28.0,1,1,1,0,188714.2857142857
Lee Gardens,248.0,3,3,3,0,114000.0
Avida Towers Verge,24.0,1,1,2,0,231166.66666666666
Light Residences,27.0,1,1,3,0,143333.33333333334
The St. Francis Shangri-La Place,136.0,2,3,3,0,242647.0588235294
GA Tower,40.0,1,2,1,0,75000.0
8 Wack Wack Road,108.0,2,2,1,0,138888.88888888888
Avida Towers Centera,36.0,1,1,3,0,236111.11111111112
Lee Gardens,122.0,3,2,3,0,163934.4262295082
Amaia Skies Shaw - North Tower,19.0,1,1,1,0,184210.52631578947
Amaia Skies Shaw - North Tower,19.0,1,1,1,0,184210.52631578947
Shangri-La Plaza,32.0,1,1,1,0,153125.0
Amaia Skies Shaw - North Tower,32.0,1,1,1,0,153125.0
The St. Francis Shangri-La Place,136.0,2,3,2,0,242647.0588235294
St. Francis Shangri-La Place,136.0,2,2,3,0,242647.0588235294
Kai Garden Residences,56.0,2,1,1,0,156857.14285714287
Kai Garden Residences,52.0,2,1,1,0,158384.61538461538
Kai Garden Residences,47.0,2,1,1,0,177787.2340425532
Kai Garden Residences,53.0,2,1,1,0,144811.320754717
The Residences at The Westin Manila Sonata Place,157.0,2,2,1,0,343949.0445859873
Gateway Garden Ridge,91.0,2,2,2,0,98901.0989010989
Governor's Place,84.0,2,2,3,0,101190.47619047618
California Garden Square,57.0,2,2,3,0,87719.29824561403
Soho Central,45.0,2,1,1,0,144444.44444444444
Tivoli Garden Residences,65.0,2,1,3,0,118461.53846153847
GA Tower,40.0,2,2,1,0,70000.0
Shang Residences at Wack Wack,169.0,3,3,2,0,278106.50887573964
8 Wack Wack Road,300.0,2,4,3,0,210000.0
Shangri-La Plaza,26.0,1,1,2,0,147461.53846153847
8 Wack Wack Road,218.0,1,2,2,1,151376.14678899082
Sheridan Towers,28.0,1,1,3,0,150000.0
Sheridan Towers,28.0,1,1,3,0,135714.2857142857
Pioneer Woodlands,30.0,1,1,1,0,103360.06666666667
Wack Wack Twin Towers,86.0,1,1,2,0,116279.06976744186
One Shangri-La Place,119.0,2,2,3,0,277310.9243697479
Wack Wack Twin Towers,44.0,1,1,3,0,113636.36363636363
Gateway Garden Heights,91.0,2,2,2,0,98901.0989010989
The Paddington Place,28.0,1,1,1,0,78571.42857142857
Amaia Skies Shaw - North Tower,28.0,1,1,3,0,178571.42857142858
Gateway Garden Heights,108.0,3,3,3,0,129629.62962962964
One Shangri-La Place,167.0,3,3,3,0,508982.0359281437
One Shangri-La Place,131.0,2,2,3,0,324427.48091603053
Acqua Private Residences,27.0,1,1,3,0,192592.59259259258
One Shangri-La Place,171.0,3,4,3,0,321637.4269005848
The Paddington Place,24.0,1,1,1,0,187083.29166666666
Pines Peak Towers,19.0,1,1,3,0,131578.94736842104
Flair Towers,62.0,1,1,3,0,120967.74193548386
Kai Garden Residences,56.0,2,1,1,0,119642.85714285714
Light 2 Residences,26.0,1,1,2,0,230769.23076923078
Harbour Park Residences,30.0,1,1,1,0,183333.33333333334
Pines Peak Tower I,30.0,1,1,1,0,110000.0
Harbour Park Residences,30.0,1,1,1,0,183333.33333333334
Axis Residences,51.0,2,2,1,0,231372.54901960783
Axis Residences,51.0,2,2,1,0,231372.54901960783
Fame Residences,24.0,1,1,2,0,150000.0
Fame Residences,24.0,1,1,1,0,118750.0
One Shangri-La Place,236.0,2,2,2,0,329661.0169491525
Gateway Regency Studios,31.0,1,1,3,0,145161.29032258064
Shang Residences Wack Wack,145.0,2,2,2,0,295779.3103448276
The Paddington Place,60.0,2,2,1,0,208333.33333333334
The Paddington Place,60.0,2,2,1,0,200000.0
The Paddington Place,60.0,2,2,1,0,208550.0
Avida Towers Centera,35.0,1,1,2,0,147342.85714285713
Fame Residences,25.0,1,1,3,0,240000.0
The Observatory,31.0,1,1,1,0,345130.1612903226
Shangri-La Plaza,47.0,2,1,2,0,155319.1489361702
Acqua Private Residences,27.0,1,1,2,0,181481.4814814815
Acqua Private Residences,40.0,1,1,1,0,262500.0
Pioneer Woodlands,50.0,2,2,2,1,88000.0
Pioneer Woodlands,30.0,1,1,2,1,106666.66666666667
8 Wack Wack Road,238.0,3,3,1,1,175000.0
Pioneer Woodlands,50.0,2,1,2,0,69443.12
The Residences at The Westin Manila Sonata Place,50.0,1,1,3,1,400000.0
The Residences at The Westin Manila Sonata Place,50.0,1,1,3,1,400000.0
Pioneer Woodlands,50.0,2,1,2,0,69443.1
The Residences at The Westin Manila Sonata Place,77.0,1,1,2,0,371560.9220779221
Pioneer Woodlands,37.0,2,2,2,0,245767.9189189189
One Shangri-La Place,165.0,3,3,3,1,351515.1515151515
Shang Residences at Wack Wack,169.0,3,3,2,0,266272.18934911245
Shang Residences Wack Wack,169.0,3,3,2,0,266272.18934911245
Shangri-La Plaza,157.0,2,2,1,0,324840.7643312102
Kai Garden Residences,65.0,2,1,1,0,176923.07692307694
Kai Garden Residences,81.0,3,2,2,1,135550.98765432098
Fame Residences,24.0,1,1,3,0,270833.3333333333
The Rochester,25.0,1,1,2,0,186128.68
Flair Towers,48.0,2,1,3,0,135416.66666666666
Harbour Park Residences,27.0,1,1,1,0,155555.55555555556
Flair Towers,52.0,2,2,3,0,150000.0
Flair Towers,60.0,2,1,3,0,116666.66666666667
One Shangri-La Place,170.0,3,3,3,0,364705.8823529412
Shangri-La Plaza,131.0,2,2,3,0,343511.4503816794
Shangri-La Plaza,80.0,1,1,3,0,275000.0
Pioneer Woodlands,31.0,1,1,3,0,129032.25806451614
Lee Gardens,195.0,3,3,1,0,109251.53846153847
Pioneer Woodlands,30.0,1,1,1,0,80000.0
Lee Gardens,247.0,3,3,1,0,114276.92307692308
Lee Gardens,251.0,3,3,3,0,114000.0
Lee Gardens,251.0,3,3,1,0,130225.09960159363
One Shangri-La Place,64.0,1,1,1,0,275132.8125
The Residences at The Westin Manila Sonata Place,160.0,2,3,1,1,262500.0
Acqua Private Residences,27.0,1,1,3,0,154360.0
One Shangri-La Place,165.0,3,3,3,0,351515.1515151515
Shang Residences Wack Wack,231.0,3,3,2,0,258606.0606060606
One Shangri-La Place,165.0,3,3,3,0,351515.1515151515
Pioneer Woodlands,30.0,1,1,2,0,187144.83333333334
Pioneer Woodlands,50.0,2,1,1,0,182277.06
Kai Garden Residences,65.0,2,1,1,0,176923.07692307694
Amaia Skies Shaw - North Tower,36.0,2,1,3,0,130555.55555555556
The Address at Wack Wack,83.0,2,2,2,0,200265.06024096385
Light 2 Residences,24.0,1,1,1,0,179208.33333333334
Fame Residences,28.0,1,1,1,0,164642.85714285713
The Rochester,24.0,1,1,2,0,206533.625
Fame Residences,38.0,2,1,2,0,186894.73684210525
Fame Residences,24.0,1,1,1,0,179583.33333333334
Fame Residences,38.0,2,1,2,0,187368.42105263157
Pioneer Woodlands,30.0,1,1,2,0,232705.33333333334
Kai Garden Residences,48.0,2,1,1,0,192083.33333333334
The Paddington Place,48.0,2,1,2,0,212997.375
Tivoli Garden Residences,106.0,3,2,3,0,113207.54716981133
Vista Shaw,50.0,2,2,1,0,130000.0
Light 2 Residences,28.0,1,1,1,0,164642.85714285713
The Paddington Place,51.0,1,1,2,0,210921.568627451
Pioneer Woodlands,22.0,1,1,1,0,178787.04545454544
Fame Residences,24.0,1,1,1,0,179583.33333333334
Light 2 Residences,24.0,1,1,1,0,179583.33333333334
One Shangri-La Place,119.0,2,2,3,0,277310.9243697479
The Rochester,24.0,1,1,2,0,206586.625
Light 2 Residences,25.0,1,1,1,0,240000.0
Fame Residences,28.0,1,1,1,0,164642.85714285713
Light 2 Residences,28.0,1,1,1,0,164642.85714285713
One Shangri-La Place,80.0,1,1,2,0,275000.0
One Shangri-La Place,170.0,3,3,3,0,367647.0588235294
Pioneer Woodlands,22.0,1,1,1,0,100000.0
Pioneer Woodlands,50.0,2,1,1,0,172000.0
The Address at Wack Wack,83.0,2,2,2,0,200265.06024096385
Vista Shaw,50.0,2,2,1,0,140000.0
Acqua Private Residences,31.0,2,1,2,0,225806.4516129032
Light 2 Residences,25.0,1,1,1,0,288850.84
Kai Garden Residences,36.0,1,1,2,1,222222.22222222222
Light 2 Residences,24.0,1,1,1,0,179583.33333333334
Fame Residences,38.0,2,1,2,0,187368.42105263157
Pioneer Woodlands,30.0,1,1,1,0,80000.03333333334
Light 2 Residences,28.0,1,1,1,0,164642.85714285713
One Shangri-La Place,65.0,1,1,2,0,276923.07692307694
Pioneer Woodlands,30.0,1,1,1,0,166666.66666666666
Pioneer Woodlands,50.0,2,2,2,0,160000.0
Acqua Private Residences,57.0,2,1,3,0,263157.8947368421
Kai Garden Residences,53.0,2,1,2,0,149641.50943396226
Kai Garden Residences,56.0,2,1,2,0,162553.57142857142
Sheridan Towers,29.0,1,1,2,0,207517.24137931035
Shang Residences at Wack Wack,142.0,2,2,1,0,295774.6478873239
Cityland Shaw Tower,63.0,2,1,1,1,101587.30158730158
The Paddington Place,37.0,1,1,2,0,101407.21621621621
Fame Residences,24.0,1,1,1,0,179583.33333333334
Light 2 Residences,24.0,1,1,1,0,179583.33333333334
The St. Francis Shangri-La Place,38.0,1,1,3,0,276315.7894736842
Flair Towers,60.0,2,1,1,0,106666.66666666667
Fame Residences,28.0,1,1,1,0,164642.85714285713
Light 2 Residences,28.0,1,1,1,0,164321.42857142858
Fame Residences,38.0,2,1,2,0,186894.73684210525
The Residences at The Westin Manila Sonata Place,75.0,1,2,2,0,365534.9733333333
The Address at Wack Wack,83.0,2,2,1,0,200265.06024096385
Pioneer Woodlands,30.0,1,1,1,0,86700.23333333334
The Residences at The Westin Manila Sonata Place,173.0,3,4,2,0,300578.0346820809
Light 2 Residences,24.0,1,1,1,0,179208.33333333334
Kai Garden Residences,48.0,2,2,1,0,192083.33333333334
Light 2 Residences,28.0,1,1,1,0,164642.85714285713
Amaia Skies Shaw - North Tower,18.0,1,1,3,0,116666.66666666667
Pioneer Woodlands,50.0,2,1,1,0,54000.1
Pioneer Woodlands,30.0,1,1,1,0,207938.73333333334
St. Francis Shangri-La Place,38.0,1,1,1,0,276315.7894736842
St. Francis Shangri-La Place,38.0,1,1,1,0,276315.7894736842
Sage Residences,30.0,1,1,1,0,216746.43333333332
Fame Residences,24.0,1,1,1,0,179208.33333333334
Fame Residences,28.0,1,1,1,0,164642.85714285713
Light 2 Residences,28.0,1,1,1,0,164321.42857142858
S Residences,50.0,1,2,1,0,203379.74
Kai Garden Residences,53.0,2,1,1,0,136932.0754716981
Kai Garden Residences,52.0,2,1,1,0,149971.15384615384
Kai Garden Residences,56.0,2,1,1,0,149917.85714285713
Kai Garden Residences,53.0,2,1,1,0,136935.84905660377
Wack Wack Twin Towers,165.0,3,3,3,1,121212.12121212122
Fame Residences,38.0,2,1,2,0,186894.73684210525
Light 2 Residences,28.0,1,1,1,0,164321.42857142858
Kai Garden Residences,52.0,2,1,1,0,149973.07692307694
Kai Garden Residences,56.0,2,1,1,0,149914.2857142857
Sage Residences,55.0,2,1,1,0,146936.36363636365
Sage Residences,70.0,2,1,1,0,141877.14285714287
Sage Residences,66.0,2,1,1,0,145763.63636363635
Sage Residences,84.0,2,1,1,0,125196.42857142857
Sage Residences,61.0,2,1,1,0,150383.60655737706
Sage Residences,60.0,2,1,1,0,153660.0
Sage Residences,59.0,2,1,1,0,138547.45762711865
Sage Residences,48.0,2,1,1,0,150735.41666666666
Sage Residences,62.0,2,1,1,0,150374.1935483871
Sage Residences,73.0,2,1,1,0,138769.86301369863
Sage Residences,52.0,2,1,1,0,147825.0
Sage Residences,58.0,2,1,1,0,146367.24137931035
Sage Residences,75.0,2,1,1,0,135660.0
Fame Residences,25.0,1,1,1,0,220000.0
Fame Residences,24.0,1,1,1,0,179208.33333333334
One Shangri-La Place,131.0,2,2,2,0,297709.9236641221
Shang Residences at Wack Wack,142.0,2,2,1,0,288732.3943661972
Pioneer Woodlands,37.0,1,1,2,0,110902.75675675676
St. Francis Shangri-La Place,136.0,2,3,2,0,242647.0588235294
Mandaluyong Executive Mansion,32.0,1,1,1,0,90625.0
The Residences at The Westin Manila Sonata Place,75.0,1,2,2,0,359200.36
The Residences at The Westin Manila Sonata Place,154.0,2,2,2,0,324675.32467532466
Gateway Garden Ridge,60.0,2,2,2,0,108333.33333333333
Pioneer Highlands,73.0,2,2,1,0,116438.35616438356
Fame Residences,24.0,1,1,1,0,145833.33333333334
Fame Residences,24.0,1,1,1,0,137500.0
Fame Residences,24.0,1,1,1,0,166666.66666666666
The Residences at The Westin Manila Sonata Place,154.0,2,2,2,0,324675.32467532466
The St. Francis Shangri-La Place,136.0,2,3,2,0,242647.0588235294
Pioneer Woodlands,30.0,1,1,1,0,93333.33333333333
Pioneer Woodlands,30.0,1,1,1,0,76666.7
One Shangri-La Place,119.0,2,2,3,0,277310.9243697479
One Shangri-La Place,119.0,2,2,3,0,277310.9243697479
The St. Francis Shangri-La Place,59.0,1,1,2,0,271186.4406779661
The St. Francis Shangri-La Place,59.0,1,1,2,0,271186.4406779661
Acqua Private Residences,81.0,2,2,3,1,283950.6172839506
Acqua Private Residences,24.0,1,1,3,0,145833.33333333334
Twin Oaks Place,55.0,1,1,3,0,178181.81818181818
Sage Residences,30.0,1,1,1,0,213333.33333333334
One Shangri-La Place,195.0,3,3,1,0,410256.41025641025
Pioneer Highlands,52.0,1,1,3,0,86538.46153846153
Pioneer Highlands,79.0,2,2,1,1,105613.29113924051
The Residences at The Westin Manila Sonata Place,155.0,2,2,2,2,270967.7419354839
Fame Residences,24.0,1,1,1,0,187500.0
Axis Residences,52.0,2,2,2,0,199714.46153846153
Axis Residences,52.0,2,2,2,0,199714.46153846153
Light 2 Residences,38.0,2,1,1,0,247842.1052631579
Flair Towers,48.0,2,1,1,0,129166.66666666667
Light Residences,23.0,1,1,3,0,143478.26086956522
Pioneer Woodlands,39.0,2,1,1,0,166666.66666666666
Tivoli Gardens Residences,50.0,2,1,3,0,118000.0
Axis Residences,51.0,2,2,2,0,203630.431372549
Fame Residences,24.0,1,1,1,0,213083.33333333334
Light 2 Residences,25.0,1,1,1,0,241583.56
Vista Shaw,50.0,2,1,1,0,140000.0
The Residences at The Westin Manila Sonata Place,75.0,1,1,2,0,374533.69333333336
Sonata Private Residences,51.0,1,1,1,0,156862.74509803922
Sage Residences,75.0,2,1,1,1,172880.0
Flair Towers,81.0,3,2,3,0,148148.14814814815
Governor's Place,84.0,2,2,3,0,117857.14285714286
Acqua Private Residences,30.0,1,1,3,0,183333.33333333334
Acqua Private Residences,30.0,1,1,3,0,183333.33333333334
Flair Towers,60.0,2,1,1,0,166666.66666666666
Vista Shaw,50.0,2,2,1,0,160000.0
One Shangri-La Place,64.0,1,1,2,0,312500.0
Vista Shaw,50.0,2,2,1,0,140000.0
One Shangri-La Place,64.0,1,1,3,0,218750.0
One Shangri-La Place,169.0,3,4,3,1,502958.5798816568
One Shangri-La Place,64.0,1,1,3,0,257812.5
One Shangri-La Place,86.0,1,2,3,0,290697.67441860464
One Shangri-La Place,170.0,3,4,3,1,382352.9411764706
One Shangri-La Place,131.0,2,3,3,1,304580.1526717557
The Residences at The Westin Manila Sonata Place,96.0,2,2,2,0,357510.0520833333
The Residences at The Westin Manila Sonata Place,147.0,2,3,2,0,355814.28571428574
Vista Shaw,50.0,2,1,1,0,140000.0
The Residences at The Westin Manila Sonata Place,157.0,2,3,2,0,368442.89171974524
The Residences at The Westin Manila Sonata Place,158.0,2,3,2,0,374545.93037974683
The Residences at The Westin Manila Sonata Place,49.0,1,1,2,1,386979.89795918367
The Residences at The Westin Manila Sonata Place,250.0,3,4,2,1,388833.052
The Residences at The Westin Manila Sonata Place,147.0,2,3,2,0,379443.5170068027
The Residences at The Westin Manila Sonata Place,47.0,1,1,2,0,384058.97872340423
The Residences at The Westin Manila Sonata Place,75.0,1,1,2,0,359200.36
One Shangri-La Place,165.0,3,3,2,1,351515.1515151515
The Residences at The Westin Manila Sonata Place,50.0,1,1,2,0,400000.0
Shang Residences Wack Wack,142.0,2,2,2,0,311323.94366197183
Sage Residences,84.0,3,2,1,0,156380.95238095237
Sage Residences,60.0,2,1,1,0,162633.33333333334
Sage Residences,75.0,2,1,1,0,150733.33333333334
Sage Residences,30.0,1,1,1,0,217100.0
Sage Residences,31.0,1,1,1,0,225774.1935483871
Acqua Private Residences,27.0,1,1,3,0,144444.44444444444
One Shangri-La Place,65.0,1,1,3,0,323076.92307692306
One Shangrila Place,117.0,1,2,3,0,358974.358974359
Sunny Ridge Residences,37.0,2,1,1,0,107432.43243243243
The Residences at The Westin Manila Sonata Place,67.0,1,1,2,0,313432.8358208955
Light Residences,27.0,1,1,1,0,155555.55555555556
One Shangri-La Place,131.0,3,3,3,1,358778.61832061067
Flair Towers,24.0,1,1,1,0,187500.0
Light Residences,27.0,1,1,2,0,185000.0
The Residences at The Westin Manila Sonata Place,147.0,2,3,2,1,377462.79591836734
One Shangri-La Place,125.0,2,3,3,1,311200.0
St. Francis Shangri-La Place,168.0,3,4,2,1,297023.8095238095
One Shangri-La Place,131.0,2,3,3,1,297709.9236641221
Lee Gardens,127.0,3,4,2,0,94488.18897637795
Avida Towers Verge,23.0,1,1,1,0,277043.47826086957
The Address at Wack Wack,74.0,2,2,2,0,222972.97297297296
One Shangri-La Place,170.0,3,4,3,2,382352.9411764706
Maven,113.0,3,2,1,0,309734.5132743363
One Shangri-La Place,117.0,2,2,1,0,222222.22222222222
One Shangri-La Place,170.0,3,4,3,1,382352.9411764706
Sheridan Towers,38.0,1,1,2,0,131578.94736842104
One Shangri-La Place,165.0,3,3,1,0,351515.1515151515
S Residences,56.0,2,1,1,0,164285.7142857143
Shang Residences Wack Wack,169.0,3,3,1,0,295857.9881656805
St. Francis Shangri-La Place,136.0,2,2,3,0,191176.4705882353
Pioneer Highlands,214.0,3,3,1,0,135514.01869158878
Sunshine 100 City Plaza,20.0,1,1,1,0,190000.0
Sonata Private Residences,48.0,1,1,3,0,197916.66666666666
Flair Towers,60.0,2,1,3,0,110000.0
St. Francis Shangri-La Place,57.0,1,1,3,0,228070.1754385965
Sonata Private Residences,49.0,1,1,3,0,192857.14285714287
Sheridan Towers,30.0,1,1,3,0,166666.66666666666
Sonata Private Residences,49.0,1,1,3,0,192857.14285714287
One Shangri-La Place,80.0,1,1,3,0,275000.0
The Paddington Place,39.0,1,1,2,0,52519.692307692305
The Paddington Place,39.0,1,1,2,0,63023.64102564102
The Paddington Place,39.0,1,1,2,0,52519.692307692305
Fame Residences,24.0,1,1,2,0,150000.0
Pioneer Woodlands,50.0,2,1,2,0,69442.0
Pioneer Woodlands,30.0,1,1,2,0,69811.6
Pioneer Woodlands,50.0,2,1,2,0,57869.26
One Shangri-La Place,65.0,1,1,2,0,307692.3076923077
Mandaluyong Executive Mansion,30.0,1,1,1,0,83333.33333333333
Harbour Park Residences,30.0,1,1,1,0,183333.33333333334
One Wilson Square,120.0,3,2,1,0,183333.33333333334
Light 2 Residences,26.0,1,1,1,0,50000.0
Kai Garden Residences,56.0,2,1,1,0,164285.7142857143
The Residences at The Westin Manila Sonata Place,49.0,1,1,2,0,391836.7346938776
The Residences at The Westin Manila Sonata Place,49.0,1,1,2,1,389795.9183673469
The Residences at The Westin Manila Sonata Place,49.0,1,1,2,0,387755.10204081633
The Residences at The Westin Manila Sonata Place,75.0,1,1,2,0,374666.6666666667
The Residences at The Westin Manila Sonata Place,147.0,1,1,2,0,410340.8231292517
The Residences at The Westin Manila Sonata Place,147.0,2,2,2,1,376472.44217687077
The Residences at The Westin Manila Sonata Place,147.0,2,2,2,0,375482.0816326531
The Residences at The Westin Manila Sonata Place,147.0,2,2,2,0,377462.79591836734
The Residences at The Westin Manila Sonata Place,75.0,1,1,2,0,379394.6
The Residences at The Westin Manila Sonata Place,77.0,1,1,2,0,371560.9220779221
The Residences at The Westin Manila Sonata Place,49.0,1,1,2,0,386979.89795918367
The Residences at The Westin Manila Sonata Place,75.0,1,1,2,0,374533.69333333336
The Residences at The Westin Manila Sonata Place,147.0,2,2,2,0,358785.36734693876
The Residences at The Westin Manila Sonata Place,147.0,2,2,2,0,343489.79591836734
The Residences at The Westin Manila Sonata Place,147.0,2,2,2,0,362380.95238095237
The Residences at The Westin Manila Sonata Place,75.0,1,1,2,0,349498.86666666664
The Residences at The Westin Manila Sonata Place,77.0,1,1,2,0,342857.14285714284
The Residences at The Westin Manila Sonata Place,49.0,1,1,2,0,353061.2244897959
The Residences at The Westin Manila Sonata Place,75.0,1,1,2,0,381333.3333333333
Shang Residences at Wack Wack,231.0,3,4,2,0,259740.25974025973
Shang Residences at Wack Wack,145.0,2,3,2,0,289655.1724137931
Shang Residences at Wack Wack,169.0,3,3,2,0,266272.18934911245
Sonata Private Residences,46.0,1,1,3,0,173913.04347826086
One Shangri-La Place,165.0,3,3,3,1,351515.1515151515
The Residences at The Westin Manila Sonata Place,158.0,2,3,2,0,356824.41139240505
The Residences at The Westin Manila Sonata Place,96.0,2,3,2,0,357510.0520833333
One Shangri-La Place,165.0,3,3,3,0,351515.1515151515
One Shangri-La Place,165.0,3,3,3,0,351515.1515151515
Pioneer Woodlands,22.0,1,1,2,0,218181.81818181818
Pioneer Woodlands,30.0,1,1,2,0,166666.66666666666
The Hotel Residences at Acqua,90.0,2,2,3,0,308396.05555555556
The Hotel Residences at Acqua,78.0,1,1,3,0,311893.25641025644
The Hotel Residences at Acqua,32.0,1,1,3,0,308070.34375
The Hotel Residences at Acqua,90.0,2,2,3,0,308396.05555555556
The Hotel Residences at Acqua,78.0,1,1,3,0,311893.25641025644
The Hotel Residences at Acqua,90.0,2,2,3,0,308396.05555555556
The Hotel Residences at Acqua,78.0,1,1,3,0,311893.25641025644
The Hotel Residences at Acqua,32.0,1,1,3,0,308070.34375
Axis Residences,24.0,1,1,1,0,127083.33333333333
Acqua Private Residences,32.0,1,1,1,0,393750.0
Acqua Private Residences,74.0,1,1,1,0,408108.1081081081
Flair Towers,60.0,2,1,3,1,148333.33333333334
Gateway Garden Heights,34.0,1,1,1,0,97058.82352941176
Tivoli Garden Residences,54.0,2,1,3,0,101851.85185185185
Acqua Private Residences,27.0,1,1,3,0,174074.07407407407
Tivoli Garden Residences,66.0,3,3,3,0,121212.12121212122
Kai Garden Residences,54.0,2,1,2,0,144444.44444444444
Kai Garden Residences,36.0,1,1,2,0,166666.66666666666
Twin Oaks Place,54.0,1,1,1,0,231481.4814814815
Twin Oaks Place,55.0,1,2,3,0,160000.0
Sheridan Towers,39.0,1,1,2,0,115384.61538461539
The Observatory,47.0,1,1,1,0,241517.87234042553
Shang Residences Wack Wack,167.0,3,3,2,0,269461.07784431137
Torre De Manila,30.0,1,1,1,1,216633.33333333334
Torre De Manila,30.0,1,1,2,1,226666.66666666666
Mayfair Tower,76.0,2,1,2,1,151315.7894736842
Robinsons Galleria,23.0,1,1,2,0,204401.95652173914
Grand Riviera Suites,40.0,1,1,3,1,287500.0
The Camden Place,28.0,1,1,1,0,210010.7142857143
The Camden Place,28.0,1,1,1,0,213357.14285714287
Mango Tree Residences,47.0,2,2,1,0,31914.893617021276
Robinsons Place Residence,80.0,3,2,2,0,136250.0
Admiral Baysuites,59.0,1,1,2,0,118644.06779661016
Admiral Baysuites,94.0,3,3,3,0,127659.5744680851
España Tower,68.0,2,2,1,1,147058.82352941178
Torre De Manila,30.0,1,1,2,1,226666.66666666666
Park Triangle Residences,123.0,3,3,3,1,365853.65853658534
BAYWATCH TOWER,68.0,2,1,2,0,130882.35294117648
Noble Place,80.0,2,3,1,0,168750.0
Peninsula Garden Midtown Homes,33.0,2,1,3,1,196969.69696969696
Four Season Riviera,69.0,2,1,1,0,160869.5652173913
Four Season Riviera,47.0,1,1,1,0,160851.06382978722
Four Season Riviera,46.0,1,1,1,0,162608.69565217392
Four Season Riviera,47.0,1,1,1,0,161276.59574468085
Four Season Riviera,45.0,1,1,1,0,163111.11111111112
Four Season Riviera,46.0,1,1,1,0,163043.47826086957
Four Season Riviera,89.0,2,1,1,0,163370.78651685393
Four Season Riviera,69.0,2,1,1,0,167246.3768115942
Four Season Riviera,47.0,1,1,1,0,161702.12765957447
Torre De Manila,30.0,1,1,1,1,226633.33333333334
Shore 2 Residences,24.0,1,1,3,0,162500.0
Green Residences,23.0,1,1,1,0,165217.39130434784
COVENT GARDEN,48.0,2,1,2,0,43955.8125
COVENT GARDEN,28.0,1,1,2,0,94092.46428571429
COVENT GARDEN,47.0,2,1,2,0,44889.55319148936
Four Season Riviera,45.0,1,1,1,0,163555.55555555556
Four Season Riviera,46.0,1,1,1,0,163478.26086956522
Four Season Riviera,89.0,2,1,1,0,163707.8651685393
Four Season Riviera,46.0,1,1,1,0,163695.65217391305
Four Season Riviera,45.0,1,1,1,0,164222.22222222222
Four Season Riviera,46.0,1,1,1,0,164130.4347826087
Four Season Riviera,69.0,2,1,1,0,174202.89855072464
Four Season Riviera,67.0,2,1,1,0,175522.38805970148
Four Season Riviera,45.0,1,1,1,0,164444.44444444444
Four Season Riviera,46.0,1,1,1,0,164565.21739130435
Four Season Riviera,69.0,2,1,1,0,175217.39130434784
Four Season Riviera,67.0,2,1,1,0,176567.16417910447
Four Season Riviera,45.0,1,1,1,0,165333.33333333334
Four Season Riviera,69.0,2,1,1,0,174927.53623188406
Four Season Riviera,89.0,2,1,1,0,166629.21348314607
Four Season Riviera,142.0,3,1,1,0,165985.91549295775
Four Season Riviera,142.0,3,1,1,0,166690.14084507042
Four Season Riviera,142.0,3,1,1,0,165492.95774647887
Four Season Riviera,92.0,3,1,1,0,176413.04347826086
Four Season Riviera,142.0,3,1,1,0,165845.0704225352
Four Season Riviera,142.0,3,1,1,0,166197.18309859154
Four Season Riviera,92.0,3,1,1,0,176847.8260869565
Four Season Riviera,141.0,3,1,1,0,166595.74468085106
Four Season Riviera,141.0,3,1,1,0,167163.12056737588
Four Season Riviera,141.0,3,1,1,0,166879.43262411348
Four Season Riviera,141.0,3,1,1,0,167517.7304964539
Four Season Riviera,92.0,3,1,1,0,184782.60869565216
Four Season Riviera,140.0,3,1,1,0,205357.14285714287
Four Season Riviera,141.0,3,1,1,0,168439.71631205673
Four Season Riviera,141.0,3,1,1,0,167588.6524822695
Four Season Riviera,141.0,3,1,1,0,168226.95035460993
Four Season Riviera,141.0,3,1,1,0,167943.26241134753
Four Season Riviera,182.0,4,1,1,0,174175.82417582418
Four Season Riviera,182.0,4,1,1,0,168296.7032967033
Four Season Riviera,182.0,4,1,1,0,181373.62637362638
Four Season Riviera,182.0,4,1,1,0,169340.65934065933
Four Season Riviera,89.0,2,1,1,0,164943.8202247191
Four Season Riviera,89.0,2,1,1,0,175056.1797752809
Four Season Riviera,69.0,2,1,1,0,160579.71014492755
Four Season Riviera,67.0,2,1,1,0,161791.0447761194
Four Season Riviera,89.0,2,1,1,0,162584.26966292135
COVENT GARDEN,48.0,2,2,2,0,42708.333333333336
Torre De Manila,55.0,2,1,2,1,169090.9090909091
The Camden Place,52.0,2,1,3,0,170288.46153846153
Green Residences,15.0,1,1,1,0,153333.33333333334
Victoria de Manila,55.0,3,1,3,0,254545.45454545456
Crown Tower University Belt,25.0,1,1,3,0,158000.0
R Square Residences,29.0,1,1,1,0,192758.62068965516
Avida Towers Intima,22.0,1,1,1,0,275454.54545454547
Ocean Tower,74.0,1,2,3,0,202702.7027027027
R Square Residences,36.0,1,1,2,0,208333.33333333334
Echelon Tower,170.0,3,3,2,0,140000.0
The Manila Residences,29.0,1,1,1,0,172413.7931034483
Shore 2 Residences,27.0,1,1,1,0,122222.22222222222
Alpha Grandview,103.0,2,2,1,1,141747.572815534
Robinsons Place Residences,83.0,2,3,1,0,120481.92771084337
Robinsons Place Residences,45.0,1,1,2,0,122222.22222222222
The Grand Towers Manila,47.0,2,1,2,0,117021.27659574468
The Grand Towers Manila,47.0,2,1,2,0,117021.27659574468
One Adriatico Residences,80.0,3,2,2,0,136250.0
One Adriatico Residences,80.0,3,2,2,0,136250.0
Birch Tower,42.0,1,1,3,0,154761.90476190476
Birch Tower,42.0,1,1,3,0,154761.90476190476
University Tower España,18.0,1,1,1,0,272222.22222222225
Admiral Baysuites,100.0,2,2,2,1,185000.0
Green Residences,28.0,1,1,3,0,125000.0
Futura Centro,33.0,2,1,2,0,131735.42424242425
Maui Oasis,27.0,1,1,1,0,170747.44444444444
Futura Centro,33.0,2,1,1,1,147403.39393939395
Maui Oasis,34.0,2,1,1,1,180997.61764705883
Torre De Manila,30.0,1,1,2,1,226633.33333333334
Mango Tree Residences,26.0,1,1,2,0,196153.84615384616
Mango Tree Residences,26.0,1,1,2,0,192307.6923076923
Mango Tree Residences,26.0,1,1,2,0,196355.38461538462
COVENT GARDEN,23.0,1,1,2,0,173913.04347826086
COVENT GARDEN,23.0,1,1,2,0,186956.52173913043
COVENT GARDEN,23.0,1,1,2,0,188542.65217391305
Mango Tree Residences,45.0,2,2,2,0,45555.555555555555
University Tower España,27.0,1,1,1,0,290000.0
Birch Tower,42.0,1,1,3,0,154761.90476190476
Mango Tree Residences,50.0,2,2,2,0,90815.1
Mango Tree Residences,45.0,2,2,2,0,91729.17777777778
COVENT GARDEN,46.0,2,2,2,0,99605.36956521739
Mango Tree Residences,46.0,2,2,2,0,167776.5652173913
Mango Tree Residences,30.0,1,1,2,0,93224.2
Studio N,27.0,1,1,3,0,129629.62962962964
Two Adriatico Place,49.0,1,1,3,0,153061.22448979592
Sands Residences,21.0,1,1,1,0,57142.857142857145
Torre De Manila,36.0,1,1,3,1,188888.88888888888
Robinsons Place Residences,93.0,2,3,3,0,145161.29032258064
Robinsons Place Residences,98.0,2,2,3,0,168367.3469387755
Torre De Manila,30.0,1,1,2,1,226666.66666666666
COVENT GARDEN,33.0,1,1,1,0,166666.66666666666
The Manila Residences Tower II,27.0,1,1,2,0,170370.37037037036
Shore 2 Residences,27.0,1,1,2,0,170370.37037037036
BAYWATCH TOWER,80.0,2,2,3,0,123750.0
Shore 2 Residences,27.0,1,1,3,0,111111.11111111111
Mango Tree Residences,45.0,2,2,1,0,191111.11111111112
COVENT GARDEN,48.0,2,2,1,0,187500.0
Torre De Manila,30.0,1,1,2,1,223333.33333333334
The Aston Place,56.0,2,1,1,0,158464.2857142857
The Aston Place,30.0,1,1,1,0,210966.66666666666
The Camden Place,27.0,1,1,1,0,198111.11111111112
The Camden Place,24.0,1,1,1,0,204000.0
Shore 2 Residences,28.0,1,1,1,0,116071.42857142857
COVENT GARDEN,48.0,2,2,2,0,186163.8125
Mango Tree Residences,50.0,2,2,2,0,47797.42
COVENT GARDEN,48.0,2,2,2,0,186163.8125
Torre De Manila,38.0,1,1,3,1,178947.36842105264
One Archer's Place,21.0,1,1,2,0,200000.0
Ocean Tower,74.0,1,1,3,0,202702.7027027027
Torre De Manila,30.0,1,1,2,1,226666.66666666666
University Tower P. Noval,59.0,2,1,1,0,177966.10169491524
The Camden Place,27.0,1,1,1,0,200111.11111111112
COVENT GARDEN,119.0,2,2,1,0,202668.43697478992
Mango Tree Residences,31.0,1,1,1,0,193548.38709677418
Green Residences,24.0,1,1,1,0,145833.33333333334
Shore 2 Residences,24.0,1,1,1,0,245833.33333333334
Admiral Baysuites,98.0,2,2,1,0,193877.55102040817
BAYWATCH TOWER,80.0,2,2,3,0,123750.0
The Camden Place,54.0,2,1,1,0,166296.2962962963
The Camden Place,24.0,1,1,1,0,204833.33333333334
The Camden Place,52.0,2,1,1,0,165326.92307692306
The Camden Place,27.0,1,1,1,0,198111.11111111112
COVENT GARDEN,48.0,2,2,2,0,62054.166666666664
Shore 2 Residences,24.0,1,1,3,0,145833.33333333334
Shore 2 Residences,24.0,1,1,2,0,124791.66666666667
Mango Tree Residences,46.0,2,2,2,0,90426.52173913043
La Nobleza Terrazas,28.0,1,1,2,0,160714.2857142857
COVENT GARDEN,48.0,2,2,2,0,97628.125
Torre De Manila,36.0,1,1,3,1,188888.88888888888
Suntrust Solana,52.0,3,1,1,0,202954.23076923078
Torre De Manila,31.0,1,1,2,1,219193.5483870968
Mango Tree Residences,50.0,2,2,2,0,36873.18
Mango Tree Residences,46.0,2,2,2,0,90426.52173913043
Shore 2 Residences,26.0,1,1,3,0,147461.53846153847
Victoria de Manila,40.0,2,1,3,0,105000.0
COVENT GARDEN,23.0,1,1,1,0,157462.86956521738
COVENT GARDEN,48.0,2,2,2,0,41666.666666666664
COVENT GARDEN,48.0,2,2,2,0,206849.3125
COVENT GARDEN,122.0,3,3,2,0,185712.44262295082
COVENT GARDEN,48.0,2,2,2,0,52083.333333333336
COVENT GARDEN,48.0,2,2,2,0,186163.8125
COVENT GARDEN,48.0,2,2,2,0,62054.604166666664
Senta,48.0,2,2,2,0,186163.8125
Senta,48.0,2,2,2,0,166666.66666666666
COVENT GARDEN,48.0,2,2,2,0,206848.6875
Senta,46.0,2,1,2,0,209695.52173913043
Senta,122.0,3,3,2,0,185712.44262295082
Mango Tree Residences,50.0,2,2,2,1,179000.0
Mango Tree Residences,34.0,1,1,2,1,182352.9411764706
Mango Tree Residences,50.0,2,2,2,1,138000.0
Mango Tree Residences,50.0,2,2,2,1,156000.0
Mango Tree Residences,34.0,1,1,2,0,161764.70588235295
COVENT GARDEN,46.0,2,2,2,0,209695.52173913043
Senta,48.0,2,2,2,0,51712.166666666664
Antel Seaview,131.0,3,4,2,2,72519.08396946565
Senta,46.0,2,2,2,0,52423.86956521739
COVENT GARDEN,46.0,2,2,2,0,209695.52173913043
Mango Tree Residences,45.0,2,2,2,0,91729.17777777778
Victoria de Manila,55.0,3,1,3,0,254545.45454545456
S Residences,30.0,1,1,2,0,243333.33333333334
COVENT GARDEN,23.0,1,1,2,0,189847.0
COVENT GARDEN,48.0,2,1,2,0,206848.6875
Shore 2 Residences,33.0,1,1,1,0,236666.66666666666
Shore 2 Residences,59.0,2,1,1,0,272898.30508474575
Green Residences,71.0,1,2,3,0,211267.60563380283
Sands Residences,26.0,1,1,1,0,258076.92307692306
Shore 2 Residences,24.0,1,1,1,0,255000.0
CBY Tower,80.0,2,2,1,0,120450.0
Sands Residences,38.0,2,1,1,0,402894.7368421053
Mango Tree Residences,45.0,2,2,1,0,144834.6222222222
Vista Recto,22.0,1,1,1,0,163636.36363636365
Vista Recto,22.0,1,1,1,0,163636.36363636365
One Archers Place,31.0,1,1,3,0,161290.32258064515
Sands Residences,26.0,1,1,1,0,258076.92307692306
Shore 2 Residences,33.0,1,1,1,0,236666.66666666666
Mango Tree Residences,50.0,2,2,1,0,54040.12
Sands Residences,28.0,1,1,1,0,257500.0
Shore 2 Residences,59.0,2,1,1,0,272881.3559322034
Shore 2 Residences,33.0,1,1,1,0,236393.9393939394
Shore 2 Residences,24.0,1,1,1,0,255000.0
Avida Towers Intima,22.0,1,1,3,0,172727.27272727274
Oxford Parksuites,95.0,2,3,2,0,130273.68421052632
BAYWATCH TOWER,80.0,2,2,3,0,131250.0
Sands Residences,38.0,2,1,1,0,402894.7368421053
Sands Residences,26.0,1,1,1,0,258076.92307692306
Robinsons Place Residences,83.0,2,3,1,0,144578.31325301205
Noble Place,80.0,2,3,1,0,156250.0
Shore 2 Residences,33.0,1,1,1,0,236666.66666666666
COVENT GARDEN,46.0,2,2,2,0,99605.36956521739
COVENT GARDEN,46.0,2,2,1,0,60869.565217391304
Sands Residences,28.0,1,1,1,0,257500.0
Shore 2 Residences,59.0,2,1,1,0,272881.3559322034
Studio A,33.0,1,1,3,0,201818.18181818182
Sands Residences,26.0,1,1,1,0,257730.76923076922
The Camden Place,52.0,2,1,1,0,147928.84615384616
The Camden Place,54.0,2,1,1,0,149151.85185185185
Sands Residences,28.0,1,1,1,0,257500.0
Shore 2 Residences,59.0,2,1,1,0,272881.3559322034
Mango Tree Residences,46.0,2,2,2,0,167776.5652173913
Coast Residences,26.0,1,1,1,0,105769.23076923077
Sands Residences,28.0,1,1,1,0,257178.57142857142
Sands Residences,21.0,1,1,3,0,290857.14285714284
COVENT GARDEN,23.0,1,1,1,0,108695.65217391304
Four Season Riviera,68.0,2,2,2,0,141029.41176470587
Mango Tree Residences,30.0,1,1,2,0,93224.2
Shore 2 Residences,24.0,1,1,1,0,255000.0
Mango Tree Residences,50.0,2,2,2,0,90815.1
COVENT GARDEN,23.0,1,1,2,0,157462.86956521738
COVENT GARDEN,48.0,2,2,2,0,41666.666666666664
COVENT GARDEN,48.0,2,2,2,0,58333.333333333336
COVENT GARDEN,48.0,2,2,1,0,54166.666666666664
COVENT GARDEN,23.0,1,1,1,0,100000.0
COVENT GARDEN,23.0,1,1,1,0,100000.17391304347
Sands Residences,38.0,2,1,1,0,402894.7368421053
Sands Residences,28.0,1,1,1,0,257178.57142857142
Sands Residences,26.0,1,1,1,0,258076.92307692306
MANILA RESIDENCES,27.0,1,1,2,0,138650.0
COVENT GARDEN,48.0,2,2,2,0,51712.166666666664
COVENT GARDEN,48.0,2,2,2,0,62054.604166666664
8 ADRIATICO,84.0,2,2,1,0,190476.19047619047
COVENT GARDEN,48.0,2,2,2,0,62500.0
COVENT GARDEN,48.0,2,2,2,0,83333.33333333333
The Camden Place,26.0,1,1,2,0,204807.6923076923
Sands Residences,22.0,1,1,3,0,300000.0
Sands Residences,28.0,1,1,3,0,61369.07142857143
Sands Residences,26.0,1,1,3,0,94336.0
Sands Residences,26.0,1,1,3,0,62890.653846153844
Sands Residences,21.0,1,1,3,0,91261.90476190476
Sands Residences,21.0,1,1,3,0,60841.28571428572
MONTECITO RESIDENTIAL RESORT,45.0,1,1,2,1,233333.33333333334
Shore 2 Residences,24.0,1,1,3,0,120833.33333333333
Vista Taft,23.0,1,1,3,0,284081.60869565216
Vista Taft,23.0,1,1,3,0,284081.60869565216
Vista Taft,23.0,1,1,3,0,284081.60869565216
Vista Taft,23.0,1,1,3,0,284081.60869565216
Vista Taft,23.0,1,1,3,0,284081.60869565216
Vista Taft,23.0,1,1,3,0,284081.60869565216
Vista Taft,23.0,1,1,3,0,284081.60869565216
Amaia Skies Sta. Mesa,18.0,1,1,1,0,199722.22222222222
Cintiley Residences,26.0,1,1,1,1,223076.92307692306
R Square Residences,29.0,1,1,1,0,241379.3103448276
R Square Residences,29.0,1,1,1,0,241379.3103448276
R Square Residences,29.0,1,1,1,0,241379.3103448276
R Square Residences,29.0,1,1,1,0,241379.3103448276
R Square Residences,29.0,1,1,1,0,241379.3103448276
R Square Residences,29.0,1,1,1,0,241379.3103448276
R Square Residences,29.0,1,1,1,0,241379.3103448276
R Square Residences,29.0,1,1,1,0,241379.3103448276
R Square Residences,29.0,1,1,1,0,241379.3103448276
R Square Residences,29.0,1,1,1,0,241379.3103448276
R Square Residences,29.0,1,1,1,0,241379.3103448276
R Square Residences,29.0,1,1,1,0,241379.3103448276
R Square Residences,29.0,1,1,1,0,241379.3103448276
R Square Residences,29.0,1,1,1,0,241379.3103448276
R Square Residences,29.0,1,1,1,0,241379.3103448276
R Square Residences,29.0,1,1,1,0,241379.3103448276
R Square Residences,29.0,1,1,1,0,241379.3103448276
R Square Residences,29.0,1,1,1,0,241379.3103448276
R Square Residences,29.0,1,1,1,0,241379.3103448276
R Square Residences,29.0,1,1,1,0,241379.3103448276
R Square Residences,29.0,1,1,1,0,241379.3103448276
R Square Residences,29.0,1,1,1,0,241379.3103448276
R Square Residences,29.0,1,1,1,0,241379.3103448276
R Square Residences,29.0,1,1,1,0,241379.3103448276
R Square Residences,29.0,1,1,1,0,241379.3103448276
R Square Residences,29.0,1,1,1,0,241379.3103448276
Shore 2 Residences,24.0,1,1,1,0,166666.66666666666
Sands Residences,28.0,1,1,1,0,46928.57142857143
Sands Residences,28.0,1,1,3,0,46428.57142857143
Sands Residences,25.0,1,1,1,0,48000.0
878 España,27.0,1,1,1,0,185185.1851851852
R Square Residences,28.0,1,1,2,0,250000.0
BAYWATCH TOWER,79.0,2,2,1,1,139240.50632911394
S Residences,25.0,1,1,2,0,240000.0
University Tower P. Noval,23.0,1,1,3,0,139130.4347826087
Shore 2 Residences,24.0,1,1,3,0,122916.66666666667
Mango Tree Residences,26.0,1,1,2,0,78542.15384615384
Urban Deca Homes Manila,31.0,2,1,1,0,78548.3870967742
Urban Deca Homes Manila,23.0,1,1,1,0,82608.69565217392
Sorrel Residences,38.0,1,1,1,0,113157.8947368421
MALATE BAYVIEW MANSION,50.0,1,1,1,0,118000.0
Pacific Regency Condominium,53.0,1,2,1,0,86792.45283018867
Shore 2 Residences,24.0,1,1,2,0,286123.5833333333
Shore 2 Residences,24.0,1,1,2,0,85837.04166666667
Shore 2 Residences,24.0,1,1,2,0,58333.333333333336
COVENT GARDEN,48.0,2,2,2,0,62054.604166666664
Green Residences,15.0,1,1,3,0,206666.66666666666
Vista Taft,20.0,1,1,3,0,165000.0
R Square Residences,28.0,1,1,2,0,250000.0
Sands Residences,28.0,1,1,1,0,250928.57142857142
Sands Residences,28.0,1,1,1,0,342613.10714285716
Princeview Parksuites,43.0,1,1,1,0,151395.3488372093
Robinsons Place Residences,98.0,2,2,1,0,137755.10204081633
One Adriatico Residences,41.0,1,1,1,0,102439.0243902439
One Adriatico Residences,39.0,1,1,1,0,102564.10256410256
BAYWATCH TOWER,121.0,3,3,2,0,107024.79338842975
SUNTRUST ASCENTIA,26.0,1,2,1,0,171753.84615384616
Shore 2 Residences,59.0,2,1,1,0,273220.33898305084
Sands Residences,26.0,1,1,1,0,257730.76923076922
D' University Place,23.0,1,1,3,0,152173.91304347827
Torre Lorenzo Malate,24.0,1,1,3,0,104166.66666666667
Sands Residences,38.0,2,1,1,0,402894.7368421053
Sands Residences,38.0,2,1,1,0,402657.8947368421
Ocean Tower,75.0,1,1,1,1,137333.33333333334
Sands Residences,28.0,1,1,1,0,257178.57142857142
Alpha Grandview,68.0,2,1,3,1,147058.82352941178
Shore 2 Residences,24.0,1,1,1,0,254250.0
Kizuna Heights,27.0,1,1,1,0,302024.6666666667
Sky Arts Manila,33.0,1,1,1,0,304286.3939393939
Shore 2 Residences,33.0,1,1,1,0,236666.66666666666
Admiral Baysuites,33.0,1,1,3,1,272727.2727272727
Sands Residences,26.0,1,1,1,0,258076.92307692306
Mango Tree Residences,50.0,2,2,2,0,57356.9
Mango Tree Residences,45.0,2,2,2,0,57318.2
Mango Tree Residences,50.0,2,2,2,0,59483.14
Shore 2 Residences,33.0,1,1,1,0,236666.66666666666
Green Residences,23.0,1,1,3,0,195652.1739130435
Shore 2 Residences,33.0,1,1,1,0,236393.9393939394
COVENT GARDEN,48.0,2,2,2,0,97625.0
COVENT GARDEN,23.0,1,1,2,0,98869.56521739131
COVENT GARDEN,40.0,2,1,2,0,105030.975
COVENT GARDEN,46.0,2,2,2,0,104847.73913043478
Alpha Grandview,30.0,1,1,1,0,128333.33333333333
Sands Residences,29.0,1,1,1,0,277758.6206896552
COVENT GARDEN,48.0,2,2,2,0,41666.666666666664
Shore 2 Residences,27.0,1,1,3,0,277777.77777777775
COVENT GARDEN,23.0,1,1,2,0,221782.39130434784
COVENT GARDEN,23.0,1,1,2,0,222043.26086956522
Shore 2 Residences,33.0,1,1,1,0,236666.66666666666
MONTECITO RESIDENTIAL RESORT,47.0,1,1,2,0,280851.06382978725
Admiral Baysuites,32.0,1,1,3,0,171875.0
Admiral Baysuites,32.0,1,1,3,0,171875.0
Admiral Baysuites,32.0,1,1,3,0,171875.0
Shore 2 Residences,24.0,1,1,1,0,255000.0
Sands Residences,28.0,1,1,1,0,304250.0
Shore 2 Residences,33.0,1,1,1,0,236666.66666666666
Amaia Skies Sta. Mesa,23.0,1,1,1,0,156304.34782608695
Amaia Skies Sta. Mesa,32.0,1,1,1,0,190625.0
Amaia Skies Sta. Mesa,32.0,1,1,1,0,190625.0
Amaia Skies Sta. Mesa,23.0,1,1,1,0,156304.34782608695
Amaia Skies Sta. Mesa,32.0,1,1,1,0,190625.0
Amaia Skies Sta. Mesa,23.0,1,1,1,0,156304.34782608695
Amaia Skies Sta. Mesa,32.0,1,1,1,0,190625.0
Amaia Skies Sta. Mesa,32.0,1,1,1,0,190625.0
Amaia Skies Sta. Mesa,23.0,1,1,1,0,156304.34782608695
Amaia Skies Sta. Mesa,32.0,1,1,1,0,190625.0
Amaia Skies Sta. Mesa,32.0,1,1,1,0,190625.0
Amaia Skies Sta. Mesa,32.0,1,1,1,0,190625.0
Amaia Skies Sta. Mesa,23.0,1,1,1,0,156304.34782608695
Amaia Skies Sta. Mesa,23.0,1,1,1,0,156304.34782608695
Amaia Skies Sta. Mesa,23.0,1,1,1,0,156304.34782608695
COVENT GARDEN,48.0,2,2,2,0,54166.666666666664
COVENT GARDEN,23.0,1,1,2,0,173913.04347826086
The Camden Place,27.0,1,1,1,0,177703.7037037037
The Camden Place,25.0,1,1,1,0,184376.0
The Camden Place,52.0,2,1,1,0,146390.38461538462
The Camden Place,54.0,2,1,1,0,150224.07407407407
R Square Residences,29.0,1,1,3,0,241379.3103448276
R Square Residences,29.0,1,1,3,0,241379.3103448276
Dynasty Tower,105.0,4,3,2,1,152380.95238095237
Shore 2 Residences,33.0,1,1,1,0,236666.66666666666
Celadon Park,70.0,2,2,3,0,160000.0
Celadon Park,70.0,2,2,3,0,160000.0
Celadon Park,70.0,2,2,3,0,160000.0
Coast Residences,26.0,1,1,1,0,138461.53846153847
Coast Residences,26.0,1,1,1,0,138461.53846153847
Coast Residences,26.0,1,1,1,0,138461.53846153847
COVENT GARDEN,46.0,2,2,2,0,52423.54347826087
COVENT GARDEN,46.0,2,2,2,0,43478.260869565216
COVENT GARDEN,23.0,1,1,2,0,52735.260869565216
COVENT GARDEN,23.0,1,1,2,0,52173.913043478264
R Square Residences,29.0,1,1,1,0,241379.3103448276
Green Residences,24.0,1,1,3,0,187500.0
The Residential Resort At Newport City,36.0,1,1,1,0,152777.77777777778
Admiral Baysuites,32.0,1,1,3,0,171875.0
COVENT GARDEN,48.0,2,2,2,0,103424.33333333333
COVENT GARDEN,23.0,1,1,2,0,111021.60869565218
Mango Tree Residences,45.0,2,2,2,0,95195.06666666667
Coast Residences,26.0,1,1,1,1,138461.53846153847
Senta,48.0,2,1,2,0,211534.9375
Mango Tree Residences,34.0,1,1,2,0,178138.26470588235
Mango Tree Residences,48.0,2,2,1,1,186458.33333333334
Admiral Baysuites,32.0,1,1,3,0,171875.0
Shore 2 Residences,33.0,1,1,1,0,236666.66666666666
Mango Tree Residences,51.0,2,2,2,0,182269.78431372548
Mango Tree Residences,51.0,2,2,2,0,182269.76470588235
Mango Tree Residences,51.0,2,2,2,0,182269.74509803922
Mango Tree Residences,51.0,2,2,2,0,182269.72549019608
Mango Tree Residences,51.0,2,2,2,0,182269.70588235295
Mango Tree Residences,51.0,2,2,2,0,182269.6862745098
Mango Tree Residences,51.0,2,2,2,0,182269.66666666666
Mango Tree Residences,51.0,2,2,2,0,182269.64705882352
Mango Tree Residences,51.0,2,2,2,0,182269.6274509804
Mango Tree Residences,46.0,2,2,2,0,57523.391304347824
Mango Tree Residences,46.0,2,2,2,0,43478.260869565216
Victoria Towers,30.0,1,1,3,0,83333.33333333333
Torre De Manila,55.0,2,1,1,0,145454.54545454544
COVENT GARDEN,23.0,1,1,2,0,100197.0
Shore 2 Residences,24.0,1,1,1,0,254250.0
Peninsula Garden Midtown Homes,38.0,2,1,3,0,110526.31578947368
Shore 2 Residences,33.0,1,1,1,0,236666.66666666666
Oceanaire Luxurious Residences,40.0,1,1,3,0,162500.0
Shore 2 Residences,24.0,1,1,1,0,255000.0
Mango Tree Residences,45.0,2,1,1,0,36649.8
Sands Residences,28.0,1,1,1,0,257500.0
Mango Tree Residences,45.0,2,2,2,0,175348.11111111112
COVENT GARDEN,48.0,2,2,1,0,195961.91666666666
Mango Tree Residences,51.0,2,1,1,0,182269.6274509804
SUNTRUST ADRIATICO GARDENS,30.0,2,1,2,0,197060.0
COVENT GARDEN,48.0,2,2,2,0,206848.6875
COVENT GARDEN,48.0,2,2,2,0,187500.0
Victoria de Manila,25.0,1,1,3,0,231559.96
La Verti Residences,55.0,2,1,3,0,160000.0
COVENT GARDEN,23.0,1,1,2,0,51430.86956521739
COVENT GARDEN,23.0,1,1,2,0,197897.39130434784
COVENT GARDEN,23.0,1,1,2,0,188542.65217391305
COVENT GARDEN,46.0,2,2,2,0,188085.52173913043
COVENT GARDEN,46.0,2,3,2,0,43478.260869565216
COVENT GARDEN,23.0,1,1,2,0,210941.08695652173
COVENT GARDEN,23.0,1,1,2,0,158205.8260869565
COVENT GARDEN,23.0,1,1,2,0,200394.04347826086
COVENT GARDEN,23.0,1,1,2,0,63282.30434782609
Mango Tree Residences,45.0,2,2,2,0,37170.11111111111
Mango Tree Residences,45.0,2,2,2,0,90080.64444444445
Mango Tree Residences,45.0,2,2,2,0,148680.48888888888
Mango Tree Residences,45.0,2,2,2,0,56893.044444444444
Mango Tree Residences,45.0,2,2,2,0,47410.86666666667
COVENT GARDEN,46.0,2,2,2,0,99258.41304347826
COVENT GARDEN,46.0,2,2,2,0,156723.80434782608
COVENT GARDEN,46.0,2,2,2,0,208965.0652173913
COVENT GARDEN,46.0,2,2,2,0,62689.5
COVENT GARDEN,46.0,2,2,2,0,52241.260869565216
Mango Tree Residences,50.0,2,2,2,0,50055.0
Bradbury Heights,21.0,1,1,3,0,173809.52380952382
Bradbury Heights,21.0,1,1,3,0,173809.52380952382
Bradbury Heights,21.0,1,1,3,0,173809.52380952382
Plumeria Heights,21.0,1,1,3,0,166666.66666666666
Plumeria Heights,21.0,1,1,3,0,166666.66666666666
Plumeria Heights,21.0,1,1,3,0,166666.66666666666
Plumeria Heights,21.0,1,1,3,0,166666.66666666666
Torre De Manila,31.0,1,1,1,0,193548.38709677418
Green Residences,15.0,1,1,3,0,166666.66666666666
Bay Area Suites Condominium,26.0,1,1,3,0,153846.15384615384
Victoria de Manila,25.0,1,1,3,0,160000.0
Six Senses,61.0,2,2,1,1,245901.6393442623
Peninsula Garden Midtown Homes,70.0,3,2,1,0,150000.0
Celadon Park,70.0,2,2,3,0,160000.0
COVENT GARDEN,28.0,1,1,1,0,96786.67857142857
Birch Tower,42.0,1,1,3,0,150000.0
Birch Tower,42.0,1,1,3,0,150000.0
Bradbury Heights,21.0,1,1,3,0,171429.52380952382
Bradbury Heights,21.0,1,1,3,0,171904.7619047619
Bradbury Heights,21.0,1,1,3,0,171429.61904761905
Bradbury Heights,21.0,1,1,3,0,171429.04761904763
Bradbury Heights,21.0,1,1,3,0,171428.57142857142
Bradbury Heights,21.0,1,1,3,0,171428.57142857142
Birch Tower,42.0,1,1,3,0,150000.0
Birch Tower,42.0,1,1,3,0,150000.0
Sands Residences,22.0,1,1,1,0,346558.63636363635
Mango Tree Residences,45.0,1,1,2,0,170679.15555555557
COVENT GARDEN,23.0,1,1,2,0,209478.26086956522
COVENT GARDEN,23.0,1,1,2,0,209480.21739130435
Avida Towers Intima,42.0,1,1,3,0,214285.7142857143
COVENT GARDEN,24.0,1,1,2,0,200751.875
Sands Residences,26.0,1,1,1,0,300038.46153846156
COVENT GARDEN,30.0,1,1,1,0,133366.66666666666
Sands Residences,26.0,1,1,1,0,258076.92307692306
COVENT GARDEN,24.0,1,1,1,0,212791.45833333334
Mango Tree Residences,27.0,1,1,3,0,199034.7037037037
Urban Deca Homes Manila,23.0,1,1,1,0,79434.78260869565
Torre De Manila,55.0,2,2,1,0,203636.36363636365
Mango Tree Residences,50.0,2,2,2,0,90480.0
COVENT GARDEN,24.0,1,1,2,0,200000.0
Mango Tree Residences,45.0,2,2,2,0,52921.4
Mango Tree Residences,50.0,2,2,2,0,37473.18
Mango Tree Residences,45.0,2,2,2,0,144834.6
Mango Tree Residences,45.0,2,2,2,0,89768.64444444445
Victoria de Manila,42.0,3,1,3,0,42857.142857142855
Robinsons Place Residences,36.0,1,1,1,0,144444.44444444444
Robinsons Place Residences,81.0,2,2,1,0,117283.95061728395
Sands Residences,26.0,1,1,1,0,258076.92307692306
Torre De Manila,55.0,2,2,3,1,203636.36363636365
Legaspi Towers 300,225.0,3,3,1,0,53333.333333333336
Victoria de Manila,42.0,3,1,3,0,42857.142857142855
2Torre Lorenzo,37.0,1,1,2,0,216216.2162162162
Pacific Skyloft,23.0,1,1,3,0,282608.6956521739
Sands Residences,38.0,2,1,1,0,402894.7368421053
Shore 2 Residences,27.0,1,1,3,0,116666.66666666667
Torre De Manila,31.0,1,1,2,1,219354.83870967742
The Palm Tree 2,31.0,1,1,3,0,225806.4516129032
2Torre Lorenzo,27.0,1,1,2,0,185185.1851851852
The Camden Place,25.0,1,1,1,0,205200.0
Peninsula Garden Midtown Homes,32.0,2,1,3,0,140625.0
Bradbury Heights,21.0,1,1,3,0,85714.28571428571
Bradbury Heights,21.0,1,1,3,0,85714.28571428571
Bradbury Heights,21.0,1,1,3,0,85714.76190476191
Bradbury Heights,21.0,1,1,3,0,85714.28571428571
Plumeria Heights,21.0,1,1,3,0,67619.04761904762
Plumeria Heights,21.0,1,1,3,0,67619.04761904762
Plumeria Heights,21.0,1,1,3,0,67619.04761904762
Plumeria Heights,21.0,1,1,3,0,67619.04761904762
Celadon Park,70.0,2,2,3,0,160000.0
Celadon Park,70.0,2,2,3,0,160000.0
The Camden Place,28.0,1,1,1,0,185714.2857142857
The Camden Place,28.0,2,1,1,0,185714.2857142857
Vista Recto,21.0,1,1,1,0,322910.14285714284
The Camden Place,28.0,1,1,1,0,203571.42857142858
Plumeria Heights,21.0,1,1,3,0,67619.04761904762
Plumeria Heights,21.0,1,1,3,0,158571.42857142858
Plumeria Heights,21.0,1,1,3,0,67571.42857142857
Plumeria Heights,21.0,1,1,3,0,67619.04761904762
Plumeria Heights,21.0,1,1,3,0,158571.42857142858
Mango Tree Residences,36.0,2,1,1,0,55555.555555555555
COVENT GARDEN,23.0,1,1,1,0,208695.69565217392
Adriatico Gardens,30.0,2,1,2,0,100000.0
Green Residences,28.0,1,1,2,0,196428.57142857142
Space Taft,17.0,1,1,1,0,141176.4705882353
878 España,21.0,1,1,1,0,195238.09523809524
Green Residences,70.0,2,2,3,2,150375.94285714286
Mango Tree Residences,30.0,1,1,2,0,53333.333333333336
COVENT GARDEN,23.0,1,1,2,0,112608.69565217392
COVENT GARDEN,48.0,2,1,2,0,31250.0
COVENT GARDEN,23.0,1,1,1,0,52173.913043478264
COVENT GARDEN,48.0,2,1,1,0,49208.333333333336
COVENT GARDEN,23.0,1,1,2,0,86960.86956521739
COVENT GARDEN,23.0,1,1,1,0,65217.391304347824
COVENT GARDEN,24.0,1,1,1,0,166667.08333333334
COVENT GARDEN,23.0,1,1,2,0,173913.04347826086
COVENT GARDEN,23.0,1,1,1,0,208695.65217391305
City Place,48.0,1,1,1,0,95000.0
Avida Towers San Lazaro,58.0,2,2,1,0,172413.7931034483
Torre De Manila,30.0,1,1,1,0,226666.66666666666
MONTECITO RESIDENTIAL RESORT,75.0,2,3,2,0,173333.33333333334
Torre Lorenzo Central,25.0,1,1,1,0,180000.0
COVENT GARDEN,23.0,1,1,2,0,157462.86956521738
COVENT GARDEN,48.0,2,2,2,0,178961.0625
La Verti Residences,28.0,1,1,1,0,121428.57142857143
Torre De Manila,30.0,1,1,1,0,193333.33333333334
Torre De Manila,30.0,1,1,1,0,193333.33333333334
Torre De Manila,80.0,3,2,1,0,72500.0
Torre De Manila,30.0,3,2,1,0,193333.33333333334
Mango Tree Residences,50.0,2,2,2,0,48000.0
Torre De Manila,80.0,3,2,1,1,162500.0
Torre De Manila,80.0,3,2,1,1,162500.0
Torre De Manila,30.0,1,1,1,0,190000.0
Torre De Manila,30.0,1,1,1,0,190000.0
COVENT GARDEN,23.0,1,1,2,0,66612.91304347826
Grand Tower,20.0,1,1,1,0,135000.0
Mango Tree Residences,26.0,1,1,2,0,192307.6923076923
COVENT GARDEN,23.0,1,1,2,0,188304.34782608695
Grand Riviera Suites,31.0,1,1,1,0,209677.4193548387
Torre De Manila,42.0,1,1,1,0,166666.66666666666
Noble Place,80.0,2,3,1,0,168750.0
Bradbury Heights,20.0,1,1,1,0,190500.0
Bradbury Heights,20.0,1,1,1,0,190500.0
Bradbury Heights,20.0,1,1,1,0,185500.0
Bradbury Heights,20.0,1,1,1,0,158500.0
COVENT GARDEN,48.0,2,2,2,0,62054.604166666664
COVENT GARDEN,28.0,1,1,2,0,63923.892857142855
COVENT GARDEN,23.0,1,1,2,0,63282.34782608696
Plumeria Heights,21.0,1,1,1,0,182380.95238095237
Plumeria Heights,21.0,1,1,1,0,152380.95238095237
Plumeria Heights,21.0,1,1,1,0,182857.14285714287
La Verti Residences,28.0,1,1,1,0,121428.57142857143
COVENT GARDEN,23.0,1,1,2,0,169478.39130434784
Mango Tree Residences,50.0,2,2,2,0,49200.0
Bradbury Heights,21.0,1,1,3,0,171428.57142857142
Bradbury Heights,21.0,1,1,3,0,80952.38095238095
Plumeria Heights,21.0,1,1,3,0,57142.857142857145
Plumeria Heights,21.0,1,1,3,0,142857.19047619047
Plumeria Heights,21.0,1,1,3,0,142857.14285714287
Plumeria Heights,21.0,1,1,3,0,142857.14285714287
Plumeria Heights,21.0,1,1,3,0,142857.14285714287
Mango Tree Residences,30.0,1,1,2,0,54666.666666666664
Mango Tree Residences,26.0,1,1,2,0,149047.73076923078
Plumeria Heights,21.0,1,1,3,0,156047.61904761905
Plumeria Heights,21.0,1,1,3,0,156047.61904761905
Plumeria Heights,21.0,1,1,3,0,156052.33333333334
Plumeria Heights,21.0,1,1,3,0,156047.61904761905
Grand Riviera Suites,31.0,1,1,2,0,225806.4516129032
Grand Riviera Suites,31.0,1,1,2,0,225806.4516129032
University Tower P. Noval,29.0,1,1,1,0,293103.4482758621
Mango Tree Residences,32.0,1,1,2,0,129036.5625
COVENT GARDEN,119.0,2,2,2,0,165096.34453781514
COVENT GARDEN,23.0,1,1,2,0,208695.65217391305
COVENT GARDEN,23.0,1,1,2,0,208695.65217391305
Green Residences,15.0,1,1,3,0,166666.66666666666
Mango Tree Residences,51.0,2,2,2,0,137254.9019607843
Mango Tree Residences,51.0,2,2,2,0,96197.8431372549
The Camden Place,28.0,1,1,1,0,203571.42857142858
COVENT GARDEN,23.0,1,1,2,0,173913.21739130435
COVENT GARDEN,23.0,1,1,2,0,208695.65217391305
COVENT GARDEN,48.0,2,2,2,0,41666.708333333336
COVENT GARDEN,23.0,1,1,2,0,52217.391304347824
COVENT GARDEN,48.0,2,2,2,0,42708.333333333336
Celadon Park,26.0,1,1,3,0,173076.92307692306
Mango Tree Residences,33.0,1,1,2,0,196363.63636363635
Mango Tree Residences,47.0,2,2,2,0,180851.06382978722
COVENT GARDEN,119.0,3,2,2,0,100840.33613445378
COVENT GARDEN,72.0,1,2,2,0,41790.583333333336
COVENT GARDEN,23.0,1,1,2,0,173913.04347826086
COVENT GARDEN,48.0,2,2,2,0,50774.1875
COVENT GARDEN,28.0,1,1,2,0,71474.46428571429
COVENT GARDEN,23.0,1,1,2,0,81681.78260869565
Bali Oasis Phase,49.0,2,1,1,1,122448.97959183673
Marquinton Residences,45.0,2,2,2,1,111111.11111111111
Siena Towers,29.0,1,1,1,0,181931.0344827586
Siena Towers,29.0,1,1,1,0,184665.5172413793
Siena Towers,29.0,1,1,1,0,185651.72413793104
Siena Towers,29.0,1,1,1,0,186524.1379310345
Siena Towers,29.0,1,1,1,0,191986.2068965517
Siena Towers,29.0,1,1,1,0,188379.3103448276
Siena Towers,29.0,1,1,1,0,189362.06896551725
Siena Towers,29.0,1,1,1,0,190344.8275862069
Siena Towers,29.0,1,1,1,0,191224.1379310345
Siena Towers,48.0,2,1,1,0,184995.83333333334
Siena Towers,48.0,2,1,1,0,187837.5
Siena Towers,48.0,2,1,1,0,191660.41666666666
Siena Towers,48.0,2,1,1,0,192535.41666666666
Siena Towers,48.0,2,1,1,0,180406.25
Siena Towers,48.0,2,1,1,0,182262.5
Siena Towers,48.0,2,1,1,0,185762.5
Siena Towers,24.0,1,1,1,0,183133.33333333334
Siena Towers,24.0,1,1,1,0,184008.33333333334
Siena Towers,24.0,1,1,1,0,184991.66666666666
Siena Towers,24.0,1,1,1,0,188708.33333333334
Siena Towers,24.0,1,1,1,0,189691.66666666666
Siena Towers,24.0,1,1,1,0,179525.0
Siena Towers,24.0,1,1,1,0,181279.16666666666
Siena Towers,24.0,1,1,1,0,185866.66666666666
Siena Towers,24.0,1,1,1,0,186854.16666666666
Siena Towers,24.0,1,1,1,0,190566.66666666666
Siena Towers,24.0,1,1,1,0,191554.16666666666
Siena Towers,29.0,1,1,1,0,183793.10344827586
Siena Towers,29.0,1,1,1,0,179200.0
Siena Towers,29.0,1,1,1,0,184555.1724137931
Siena Towers,29.0,1,1,1,0,181058.62068965516
Siena Towers,48.0,2,1,1,0,183137.5
Siena Towers,48.0,2,1,1,0,186854.16666666666
Siena Towers,48.0,2,1,1,0,193300.0
Siena Towers,48.0,2,1,1,0,189693.75
Siena Towers,48.0,2,1,1,0,190677.08333333334
Siena Towers,48.0,2,1,1,0,179529.16666666666
Siena Towers,48.0,2,1,1,0,176143.75
Siena Towers,48.0,2,1,1,0,177016.66666666666
Siena Towers,48.0,2,1,1,0,177893.75
Siena Towers,48.0,2,1,1,0,180625.0
Siena Towers,48.0,2,1,1,0,186087.5
Siena Towers,48.0,2,1,1,0,182372.91666666666
Siena Towers,48.0,2,1,1,0,183356.25
Siena Towers,48.0,2,1,1,0,184229.16666666666
Siena Towers,48.0,2,1,1,0,185104.16666666666
Marquinton Residences,68.0,2,2,1,0,110294.11764705883
Siena Towers,29.0,1,1,2,0,175862.06896551725
Marquinton Residences,48.0,2,1,1,0,164583.33333333334
Siena Towers,48.0,2,1,1,0,164583.33333333334
Siena Towers,31.0,1,1,1,0,181709.67741935485
Siena Towers,48.0,2,1,1,0,176143.75
Siena Towers,24.0,1,1,1,0,170748.29166666666
Siena Towers,24.0,1,1,1,0,176029.16666666666
Senta,22.0,1,1,3,0,285445.0909090909
Bali Oasis Phase 2,31.0,2,1,1,0,193758.06451612903
Robinsons Galleria,38.0,2,1,2,0,157894.73684210525
Bali Oasis Phase 2,41.0,2,1,1,0,189526.82926829267
Siena Tower,24.0,1,1,1,0,141666.66666666666
Marquinton Residences,33.0,1,1,1,1,109090.90909090909
Bali Oasis Phase 2,37.0,2,1,1,0,177687.16216216216
Bali Oasis Phase 2,38.0,2,1,1,0,174710.34210526315
Bali Oasis Phase 2,37.0,2,1,1,0,177204.51351351352
Bali Oasis Phase 2,37.0,2,1,1,0,171745.5945945946
Bali Oasis Phase 2,37.0,2,1,1,0,176907.2972972973
Bali Oasis Phase 2,38.0,2,1,1,0,175854.63157894736
Bali Oasis Phase 2,38.0,2,1,1,0,172814.68421052632
Bali Oasis Phase 2,37.0,2,1,1,0,174960.43243243243
Bali Oasis Phase 2,37.0,2,1,1,0,171737.43243243243
Bali Oasis Phase 2,38.0,2,1,1,0,168627.81578947368
Bali Oasis Phase 2,37.0,2,1,1,0,171440.2162162162
Bali Oasis Phase 2,37.0,2,1,1,0,171440.2162162162
Bali Oasis Phase 2,38.0,2,1,1,0,169387.13157894736
Bali Oasis Phase 2,37.0,2,1,1,0,177687.16216216216
Bali Oasis Phase 2,37.0,2,1,1,0,171737.43243243243
Bali Oasis Phase 2,37.0,2,1,1,0,171440.2162162162
Bali Oasis Phase 2,38.0,2,1,1,0,179499.92105263157
Bali Oasis Phase 2,38.0,2,1,1,0,187103.73684210525
Bali Oasis Phase 2,37.0,2,1,1,0,182308.9189189189
Bali Oasis Phase 2,38.0,2,1,1,0,183304.47368421053
Bali Oasis Phase 2,38.0,2,1,1,0,177221.94736842104
Bali Oasis Phase 2,37.0,2,1,1,0,176130.16216216216
Bali Oasis Phase 2,31.0,2,1,2,0,185332.90322580645
Siena Towers,31.0,1,1,1,0,129032.25806451614
Bali Oasis Phase 2,38.0,2,1,1,0,144736.84210526315
Bali Oasis Phase 2,38.0,2,1,1,0,171266.86842105264
Bali Oasis Phase 2,37.0,2,1,1,0,140688.1891891892
Bali Oasis Phase 2,37.0,2,1,1,0,140930.86486486485
Bali Oasis Phase 2,38.0,2,1,1,0,136552.31578947368
Bali Oasis Phase 2,38.0,1,1,1,0,107411.52631578948
Bali Oasis Phase 2,38.0,1,1,2,0,107411.52631578948
Bali Oasis Phase 2,37.0,1,1,1,0,142942.9189189189
Robinsons Galleria,36.0,2,1,3,0,177777.77777777778
Bali Oasis Phase 2,41.0,2,1,3,0,143902.43902439025
Bali Oasis Phase 2,38.0,2,1,3,0,134210.52631578947
Bali Oasis Phase 2,38.0,2,1,3,0,134210.52631578947
Bali Oasis Phase 2,38.0,3,1,3,0,134210.52631578947
Bali Oasis Phase 2,41.0,2,1,3,0,126829.26829268293
Bali Oasis Phase 2,38.0,2,1,3,0,110526.31578947368
Bali Oasis Phase 2,38.0,2,1,3,0,110526.31578947368
Bali Oasis Phase 2,38.0,2,1,3,0,110526.31578947368
Bali Oasis Phase 2,38.0,2,1,3,0,110526.31578947368
Bali Oasis Phase 2,37.0,2,1,3,0,145945.94594594595
Bali Oasis Phase 2,37.0,2,1,3,0,140540.54054054053
Bali Oasis Phase 2,38.0,2,1,3,0,136842.1052631579
Bali Oasis Phase 2,36.0,2,1,3,0,161111.11111111112
Bali Oasis Phase 2,36.0,2,1,1,0,150000.0
Bali Oasis Phase 2,36.0,2,1,3,0,144444.44444444444
Bali Oasis Phase 2,38.0,2,1,3,0,136842.1052631579
Bali Oasis Phase 2,36.0,2,1,3,0,150000.0
Bali Oasis Phase 2,38.0,2,1,3,0,136842.1052631579
Bali Oasis Phase 2,38.0,2,1,3,0,139473.68421052632
Bali Oasis Phase 2,36.0,2,1,1,0,147222.22222222222
Bali Oasis Phase 2,38.0,2,1,3,0,142105.26315789475
Bali Oasis Phase 2,36.0,2,1,3,0,138888.88888888888
Bali Oasis Phase 2,38.0,2,1,3,0,136842.1052631579
Bali Oasis Phase 2,36.0,2,1,3,0,141666.66666666666
Bali Oasis Phase 2,36.0,2,1,3,0,144444.44444444444
Bali Oasis Phase 2,36.0,2,1,3,0,138888.88888888888
Bali Oasis Phase 2,36.0,2,1,3,0,141666.66666666666
Bali Oasis Phase 2,38.0,2,1,1,0,134210.52631578947
Bali Oasis Phase 2,37.0,2,1,3,0,140540.54054054053
Siena Towers,29.0,1,1,2,0,144482.75862068965
Marquinton Residences,29.0,1,1,3,0,73137.93103448275
Siena Towers,29.0,1,1,1,0,146896.55172413794
Robinsons Galleria,45.0,2,1,2,1,108888.88888888889
Bali Oasis Phase 2,32.0,2,1,3,0,109375.0
Marquinton Residences,45.0,2,2,3,0,111111.11111111111
Marquinton Residences,29.0,1,1,3,1,86206.89655172414
East Bay Residences,70.0,2,2,1,1,150000.0
Viento at Cerca,51.0,1,1,1,1,254901.96078431373
Aspen Towers,221.0,3,3,3,2,176470.58823529413
Bristol at Parkway Place,100.0,2,2,2,1,290000.0
Nuveo at Cerca,61.0,1,1,1,0,295081.9672131148
Aspen Towers,221.0,3,3,3,2,176470.58823529413
Botanika Nature Residences,125.0,2,2,3,1,440000.0
Viento at Cerca,83.0,2,2,1,1,301204.8192771084
Avida Towers Alabang,22.0,1,1,2,0,190909.0909090909
East Bay Residences,73.0,2,2,1,1,130136.98630136986
East Bay Residences,44.0,2,2,1,0,113636.36363636363
East Bay Residences,48.0,2,1,1,0,166666.66666666666
Avida Towers Ardane,23.0,1,1,1,1,169565.21739130435
Avida Towers Ardane,23.0,1,1,1,1,147826.08695652173
Avida Towers Ardane,23.0,1,1,1,2,147826.08695652173
Avida Towers Ardane,23.0,1,1,1,1,147826.08695652173
Avida Towers Ardane,23.0,1,1,1,1,169565.21739130435
Avida Towers Ardane,23.0,1,1,1,1,147826.08695652173
Avida Towers Ardane,23.0,1,1,1,1,147826.08695652173
Avida Towers Ardane,23.0,1,1,1,1,147826.08695652173
Parque España,60.0,1,1,3,0,166500.0
The Levels,58.0,2,2,3,0,258620.6896551724
Avida Towers Altura,23.0,1,1,2,0,134782.60869565216
The Levels,100.0,2,1,3,1,300000.0
Bristol at Parkway Place,105.0,2,2,3,0,294285.71428571426
CIVIC PLACE,32.0,1,1,3,1,256250.0
La Vie Flats,47.0,1,1,3,1,225531.914893617
La Vie Flats,51.0,1,1,3,1,235098.03921568627
Vivant Flats,45.0,1,1,3,1,122222.22222222222
Bristol at Parkway Place,53.0,1,1,1,1,281132.07547169813
Belize Oasis,44.0,2,1,1,1,144642.54545454544
The Levels,49.0,1,1,3,1,265306.1224489796
East Bay Residences,70.0,2,2,2,1,128728.41428571429
La Vie Flats,102.0,2,2,1,0,186274.50980392157
Bristol at Parkway Place,105.0,2,2,2,0,352380.95238095237
Anuva Residences,48.0,2,2,3,0,145833.33333333334
Bristol at Parkway Place,60.0,1,1,2,1,266666.6666666667
Parkway Corporate Center,40.0,1,1,3,0,150000.0
Escalades South Metro,33.0,1,1,3,0,80303.0303030303
East Bay Residences,44.0,2,1,3,0,175000.0
Viento at Cerca,50.0,1,1,2,0,350000.0
Leaf Residences,28.0,2,1,3,0,164766.5357142857
Viento at Cerca,69.0,2,2,1,0,234782.60869565216
Aspen Towers,188.0,3,3,1,0,146276.59574468085
Avida Towers Ardane,23.0,1,1,1,0,169565.21739130435
Avida Towers Ardane,23.0,1,1,1,0,169565.21739130435
Avida Towers Ardane,23.0,1,1,1,0,169565.21739130435
Avida Towers Ardane,23.0,1,1,1,0,169565.21739130435
Avida Towers Ardane,23.0,1,1,1,0,169565.21739130435
Avida Towers Ardane,23.0,1,1,1,0,169565.21739130435
Avida Towers Ardane,23.0,1,1,1,0,169565.21739130435
East Bay Residences,38.0,1,1,1,0,105263.15789473684
Viento at Cerca,24.0,1,1,3,1,437500.0
Avida Towers Altura,39.0,1,1,1,0,192307.6923076923
Botanika Nature Residences,126.0,2,2,2,0,301190.4761904762
The Levels,36.0,1,1,3,0,277777.77777777775
Botanika Nature Residences,126.0,2,2,2,0,301190.4761904762
Leaf Residences,28.0,2,1,3,0,166107.14285714287
East Bay Residences,98.0,3,3,3,0,204081.6326530612
Botanika Nature Residences,125.0,2,2,3,1,360000.0
The Levels,36.0,1,1,3,0,236111.11111111112
The Levels,57.0,2,2,3,1,294736.84210526315
Studio One,12.0,1,1,1,0,116666.66666666667
East Bay Residences,36.0,1,1,1,0,200000.0
CIVIC PLACE,32.0,1,1,3,0,256250.0
CIVIC PLACE,32.0,1,1,3,0,250000.0
Bristol at Parkway Place,60.0,1,1,3,1,300000.0
East Bay Residences,65.0,2,2,2,0,151538.46153846153
The Larsen Tower at East Bay Residences,36.0,1,1,1,0,200000.0
Viento at Cerca,51.0,1,1,1,0,254901.96078431373
Avida Towers Altura,40.0,1,1,2,0,137500.0
Vivant Flats,80.0,2,2,3,0,162500.0
East Bay Residences,38.0,1,1,2,0,215774.68421052632
East Bay Residences,39.0,1,1,2,0,206134.87179487178
East Bay Residences,57.0,2,2,2,0,195676.56140350876
East Bay Residences,57.0,2,2,2,0,180997.01754385966
East Bay Residences,67.0,2,2,2,0,186767.02985074627
ASIA Enclaves Alabang,40.0,2,1,2,0,126425.0
Viento at Cerca,69.0,2,2,1,0,234782.60869565216
Viento at Cerca,78.0,2,3,1,0,307692.3076923077
Avida Towers Ardane,22.0,1,1,1,0,199512.95454545456
Avida Towers Ardane,23.0,1,1,1,0,225521.73913043478
East Bay Residences,51.0,2,2,1,0,137254.9019607843
East Bay Residences,107.0,3,3,2,0,198130.84112149532
Urban Deca Homes Campville,25.0,1,1,3,0,160000.0
Asia Enclaves,40.0,1,1,3,0,150000.0
East Bay Residences,67.0,2,2,1,0,179104.4776119403
Viento at Cerca,78.0,2,2,1,0,307692.3076923077
Urban Deca Homes Campville,25.0,1,1,3,0,160000.0
Viento at Cerca,195.0,4,3,2,0,275297.4358974359
East Bay Residences,99.0,3,2,2,1,153535.35353535353
East Bay Residences,70.0,2,1,1,1,150000.0
East Bay Residences,46.0,2,1,3,0,158695.65217391305
Viento at Cerca,78.0,2,3,2,0,289743.58974358975
East Bay Residences,67.0,2,2,2,0,184515.1343283582
East Bay Residences,44.0,2,1,1,0,111363.63636363637
East Bay Residences,190.0,3,2,1,0,157894.73684210525
East Bay Residences,33.0,1,1,3,1,118181.81818181818
Avida Towers Alabang,39.0,1,1,3,0,147435.89743589744
Rhapsody Residences,61.0,2,1,1,1,91803.27868852459
Avida Towers Alabang,35.0,1,1,3,0,185714.2857142857
Viento at Cerca,48.0,1,1,1,0,278485.3333333333
Rhapsody Residences,65.0,2,1,2,0,91953.84615384616
Rhapsody Residences,54.0,2,1,2,0,98925.92592592593
Hillsborough,30.0,1,1,1,0,152833.33333333334
East Bay Residences,38.0,1,1,1,0,105263.15789473684
Viento at Cerca,52.0,1,1,1,0,220140.78846153847
West Parc,32.0,1,1,2,1,121875.0
Solano Hills Sucat,30.0,1,1,1,0,141914.66666666666
Viento at Cerca,78.0,2,2,1,1,282051.28205128206
Solano Hills Sucat,30.0,1,1,1,0,134198.66666666666
Solano Hills Sucat,30.0,1,1,1,0,141914.66666666666
Tribeca Private Residences,37.0,1,1,1,0,112463.13513513513
Viento at Cerca,50.0,1,1,3,1,357000.0
The Levels,36.0,1,1,3,0,330555.55555555556
Avida Towers Altura,37.0,1,1,3,0,229729.72972972973
Avida Towers Altura,22.0,1,1,3,0,134090.9090909091
East Bay Residences,38.0,1,1,1,0,105263.15789473684
Nuveo at Cerca,30.0,1,1,1,0,260000.0
Shore 3 Residences,33.0,1,1,1,0,254545.45454545456
Avida Towers Sola,20.0,1,1,1,0,245000.0
Avida Towers Altura,23.0,1,1,1,0,169565.21739130435
Studio A,23.0,1,1,1,0,203347.8260869565
Bristol at Parkway Place,57.0,1,1,3,0,228070.1754385965
Avida Towers Asten,38.0,1,1,1,0,208421.05263157896
Shore 3 Residences,33.0,1,1,1,0,254545.45454545456
Bristol at Parkway Place,60.0,1,1,3,0,283333.3333333333
Solano Hills Sucat,30.0,1,1,1,0,161581.33333333334
Shore 3 Residences,33.0,1,1,1,0,254545.45454545456
Solano Hills Sucat,30.0,1,1,1,0,161581.33333333334
Solano Hills Sucat,30.0,1,1,1,0,141914.66666666666
Shore 3 Residences,33.0,1,1,1,0,254545.45454545456
Solano Hills Sucat,30.0,1,1,1,0,141914.66666666666
Solano Hills Sucat,30.0,1,1,1,0,141914.66666666666
East Bay Residences,36.0,1,1,1,1,186111.11111111112
East Bay Residences,107.0,3,2,1,2,198130.84112149532
East Bay Residences,107.0,3,3,2,0,198130.84112149532
Aspen Towers,136.0,2,2,2,1,169117.64705882352
Avida Towers Altura,23.0,1,1,2,0,139325.8260869565
Avida Towers Altura,23.0,1,1,2,0,131692.8260869565
Avida Towers Altura,23.0,1,1,2,0,140536.26086956522
Avida Towers Altura,23.0,1,1,2,0,133385.95652173914
Avida Towers Altura,23.0,1,1,2,0,141018.8260869565
Avida Towers Altura,23.0,1,1,2,0,143058.65217391305
Avida Towers Altura,23.0,1,1,2,0,140618.86956521738
Avida Towers Altura,23.0,1,1,2,0,134932.13043478262
Avida Towers Altura,23.0,1,1,2,0,131692.73913043478
Avida Towers Altura,23.0,1,1,2,0,140631.91304347827
Avida Towers Altura,23.0,1,1,2,0,139301.69565217392
Avida Towers Altura,23.0,1,1,2,0,209034.65217391305
Avida Towers Altura,23.0,1,1,2,0,133865.08695652173
Avida Towers Altura,23.0,1,1,2,0,131692.73913043478
Avida Towers Altura,23.0,1,1,2,0,135866.86956521738
Avida Towers Altura,23.0,1,1,2,0,141454.47826086957
Avida Towers Altura,23.0,1,1,2,0,141106.34782608695
Avida Towers Altura,23.0,1,1,2,0,136058.0
Avida Towers Altura,23.0,1,1,2,0,138910.65217391305
Avida Towers Altura,23.0,1,1,2,0,131692.78260869565
Rhapsody Residences,57.0,2,1,1,0,120982.45614035087
Southkey Place,15.0,1,1,2,0,180000.0
Avida Towers Altura,62.0,2,2,1,1,112903.2258064516
Viento at Cerca,119.0,3,3,1,0,285714.28571428574
Viento at Cerca,85.0,2,3,1,0,282352.9411764706
Viento at Cerca,61.0,1,1,1,0,229508.19672131148
Viento at Cerca,50.0,1,1,3,0,350000.0
Viento at Cerca,50.0,1,1,3,0,350000.0
The Larsen Tower at East Bay Residences,39.0,1,1,1,0,179487.1794871795
CIVIC PLACE,32.0,1,1,3,1,265625.0
Viento at Cerca,50.0,1,1,1,0,252000.0
Avida Towers Ardane,23.0,1,1,3,0,165642.5652173913
Vivant Flats,44.0,1,1,1,1,170454.54545454544
Viento at Cerca,79.0,2,2,3,0,202531.64556962025
Viento at Cerca,78.0,2,2,1,1,288461.53846153844
Viento at Cerca,50.0,1,1,1,0,300000.0
S Residences,125.0,2,2,3,0,336000.0
Viento at Cerca,195.0,4,4,2,0,275384.6153846154
Viento at Cerca,161.0,3,4,2,0,288819.87577639753
Viento at Cerca,79.0,2,3,2,0,291981.7721518987
East Bay Residences,44.0,2,1,3,0,175000.0
Bristol at Parkway Place,57.0,1,2,3,0,263157.8947368421
Mondrian Residences,112.0,2,2,3,0,165178.57142857142
Viento at Cerca,51.0,1,1,1,0,245098.03921568627
Bristol at Parkway Place,57.0,1,1,3,0,263157.8947368421
Viento at Cerca,79.0,2,2,1,0,202531.64556962025
East Bay Residences,38.0,1,1,1,0,105263.15789473684
Avida Towers Alabang,53.0,2,2,3,0,188679.24528301886
Bristol at Parkway Place,57.0,1,1,3,1,218421.05263157896
La Vie Flats,105.0,2,2,1,1,171428.57142857142
Botanika Nature Residences,140.0,3,3,2,0,346450.0
Viento at Cerca,24.0,1,1,1,0,288541.6666666667
Nuveo at Cerca,119.0,3,3,1,0,252100.84033613445
Viento at Cerca,61.0,1,1,1,0,246033.37704918033
Avida Towers Altura,22.0,1,1,1,0,145454.54545454544
Studio City,16.0,1,1,3,0,237500.0
Asia Enclaves,36.0,1,1,3,0,97222.22222222222
East Bay Residences,38.0,1,1,2,0,87368.42105263157
East Bay Residences,46.0,1,1,2,0,102391.30434782608
East Bay Residences,35.0,1,1,2,0,84000.0
Mondrian Residences,112.0,2,2,3,0,165178.57142857142
Avida Towers Alabang,60.0,2,2,2,0,146666.66666666666
Belize Oasis,41.0,2,1,1,0,168334.1463414634
Botanika Nature Residences,220.0,3,3,2,0,318181.8181818182
Botanika Nature Residences,220.0,3,3,2,0,318181.8181818182
Botanika Nature Residences,220.0,3,3,2,0,318181.8181818182
East Bay Residences,38.0,1,1,2,0,126315.78947368421
East Bay Residences,54.0,2,2,2,0,175925.92592592593
Avida Towers Altura,40.0,1,1,3,0,137500.0
Avida Towers Altura,40.0,1,1,2,0,137500.0
Viento at Cerca,81.0,2,2,1,0,244444.44444444444
The Larsen Tower at East Bay Residences,46.0,2,1,1,0,141926.08695652173
The Larsen Tower at East Bay Residences,38.0,1,1,1,0,154800.0
Rhapsody Residences,77.0,2,1,1,0,72727.27272727272
The Levels,57.0,2,2,1,0,210526.31578947368
Viento at Cerca,78.0,2,2,1,0,300000.0
Bristol at Parkway Place,55.0,1,1,3,1,318181.8181818182
Rhapsody Residences,59.0,2,1,3,0,91525.42372881356
Rhapsody Residences,59.0,2,1,3,0,101694.91525423729
Avida Towers Alabang,54.0,2,2,1,0,185185.1851851852
Viento at Cerca,69.0,2,2,1,0,236231.884057971
Rhapsody Residences,77.0,2,1,1,1,72727.27272727272
Avida Towers Altura,40.0,1,1,2,1,137500.0
Rhapsody Residences,77.0,2,1,1,0,72727.27272727272
Rhapsody Residences,59.0,2,1,3,0,101694.91525423729
Avida Towers Altura,40.0,1,1,2,0,137500.0
Avida Towers Altura,40.0,1,1,2,0,137500.0
East Bay Residences,39.0,1,1,1,0,217948.71794871794
Viento at Cerca,61.0,1,2,1,0,262295.08196721313
Viento at Cerca,25.0,1,1,1,0,300000.0
Vivere Hotel & Resorts,40.0,1,1,3,1,202500.0
Vivere Hotel & Resorts,60.0,2,1,3,1,175000.0
Vivant Flats,44.0,1,1,3,0,136363.63636363635
Botanika Nature Residences,137.0,2,2,1,2,364963.503649635
East Bay Residences,57.0,2,2,1,0,196140.35087719298
East Bay Residences,67.0,2,2,1,1,199701.49253731343
Belize Oasis,41.0,2,1,1,0,131976.0487804878
Alabang,199.0,3,3,2,0,175879.39698492462
Studio One,13.0,1,1,3,0,169230.76923076922
Rhapsody Residences,64.0,2,1,1,0,120140.625
CIVIC PLACE,32.0,1,1,1,0,187187.5
Southkey Place,22.0,1,1,1,0,199007.0
Rhapsody Residences,57.0,2,1,1,0,113298.24561403508
East Bay Residences,33.0,1,1,3,0,166666.66666666666
Rhapsody Residences,57.0,2,1,3,0,114035.08771929824
The Larsen Tower at East Bay Residences,99.0,3,2,3,0,160606.0606060606
Viento at Cerca,50.0,1,1,1,0,300000.0
Viento at Cerca,79.0,2,2,1,0,291139.2405063291
East Bay Residences,33.0,1,1,2,0,121212.12121212122
The Levels,49.0,1,1,3,0,265306.1224489796
Solano Hills Sucat,30.0,1,1,3,0,133333.33333333334
Bristol at Parkway Place,109.0,2,2,3,0,238532.11009174312
1001 Parkway Residences,53.0,1,1,2,0,304100.0
Botanika Nature Residences,127.0,2,3,2,0,392392.91338582675
Leaf Residences,29.0,2,1,2,0,195448.27586206896
Bristol at Parkway Place,60.0,1,1,3,1,316666.6666666667
Bristol at Parkway Place,105.0,2,3,3,0,352380.95238095237
Avida Towers Alabang,39.0,1,1,3,0,125641.02564102564
The Mondrian Residences,94.0,2,2,2,1,156382.97872340426
Solano Hills,65.0,2,2,2,0,92307.69230769231
Botanika Nature Residences,162.0,3,3,1,0,392162.962962963
Viento at Cerca,50.0,1,1,1,1,300000.0
Entrata Urban Complex,49.0,1,1,1,0,154081.6326530612
Entrata Urban Complex,33.0,1,1,1,0,136363.63636363635
Entrata Urban Complex,59.0,1,1,3,0,212711.86440677967
The Mondrian Residences,137.0,2,3,3,1,135036.49635036496
Bristol at Parkway Place,60.0,1,1,3,0,266666.6666666667
Avida Towers Alabang,22.0,1,1,3,1,181818.18181818182
Rhapsody Residences,54.0,2,1,1,0,92592.5925925926
The Levels,46.0,1,1,3,0,180434.78260869565
Rhapsody Residences,65.0,2,1,1,0,99646.15384615384
Avida Towers Alabang,45.0,1,2,3,0,255555.55555555556
Bristol at Parkway Place,53.0,1,2,3,0,301886.7924528302
West Parc,73.0,2,2,3,1,171232.87671232875
Vivant Flats,79.0,2,1,1,0,215189.8734177215
Botanika Nature Residences,72.0,1,2,2,0,319444.44444444444
1001 Parkway Residences,55.0,1,1,2,1,263636.36363636365
Botanika Nature Residences,79.0,1,1,2,0,303797.4683544304
Alabang,98.0,2,2,1,0,204081.6326530612
Alabang,53.0,1,1,2,0,264150.9433962264
1001 Parkway Residences,55.0,1,2,2,0,263636.36363636365
Alabang,72.0,1,2,2,0,319444.44444444444
The Levels,54.0,2,2,1,0,238287.03703703705
Avida Towers Alabang,42.0,1,1,1,0,142857.14285714287
Rhapsody Residences,56.0,2,1,1,0,116071.42857142857
Rhapsody Residences,54.0,2,1,1,0,92592.5925925926
Bristol at Parkway Place,57.0,1,1,3,0,291228.0701754386
La Vie Flats,102.0,2,2,1,1,161764.70588235295
Aspen Towers,195.0,3,2,1,2,179487.1794871795
Nuveo at Cerca,119.0,3,3,2,0,241851.7394957983
Nuveo at Cerca,85.0,2,3,2,0,247993.69411764707
Nuveo at Cerca,61.0,1,1,2,0,246750.5737704918
Nuveo at Cerca,61.0,1,1,2,0,239856.55737704918
Leaf Residences,28.0,2,1,1,0,117684.85714285714
Leaf Residences,28.0,2,1,1,0,117684.85714285714
Leaf Residences,28.0,2,1,1,0,117684.85714285714
Leaf Residences,28.0,2,1,1,0,117684.85714285714
Leaf Residences,28.0,2,1,1,0,117684.85714285714
Twin Residences,24.0,1,1,2,0,125000.0
Westgate Tower,47.0,1,1,3,0,180851.06382978722
Viento at Cerca,103.0,3,3,1,1,235078.5145631068
Avida Towers Ardane,38.0,1,1,1,0,205526.31578947368
Belize Oasis,41.0,2,1,1,0,146341.46341463414
La Vie Flats,47.0,1,1,1,0,180851.06382978722
Vivant Flats,46.0,1,1,3,0,138043.47826086957
Avida Towers Alabang,76.0,2,2,2,1,221052.63157894736
Solano Hills Sucat,30.0,1,1,3,0,93333.33333333333
Avida Towers Ardane,39.0,1,1,2,0,249706.2564102564
Avida Towers Altura,35.0,1,1,2,0,261872.8
Solano Hills Sucat,30.0,1,1,3,0,93333.33333333333
East Bay Residences,38.0,1,1,3,0,118421.05263157895
CIVIC PLACE,32.0,1,1,3,1,256250.0
East Bay Residences,73.0,2,1,1,0,143835.61643835617
1001 Parkway Residences,45.0,1,1,3,0,166666.66666666666
Belize Oasis,40.0,2,1,3,0,145000.0
Belize Oasis,45.0,1,1,3,0,142222.22222222222
Belize Oasis,40.0,2,1,3,0,145000.0
Belize Oasis,45.0,2,1,3,0,151111.11111111112
Belize Oasis,45.0,2,1,3,0,137777.77777777778
Belize Oasis,40.0,2,1,3,0,145000.0
Belize Oasis,40.0,2,1,3,0,151550.25
Belize Oasis,40.0,2,1,3,0,151550.25
Belize Oasis,40.0,2,1,3,0,151550.25
Belize Oasis,40.0,2,1,3,0,151550.25
Belize Oasis,40.0,2,1,3,0,151550.25
Robinsons Galleria,22.0,1,1,3,0,150863.63636363635
Belize Oasis,44.0,2,1,3,0,163680.77272727274
Alabang,44.0,2,1,3,0,163680.77272727274
Alabang,44.0,2,1,3,0,140396.06818181818
Alabang,44.0,2,1,3,0,140396.06818181818
Alabang,44.0,2,1,3,0,163680.77272727274
Alabang,44.0,2,1,3,0,140396.06818181818
Alabang,44.0,2,1,3,0,163680.77272727274
Alabang,44.0,2,1,3,0,140396.06818181818
Belize Oasis,44.0,2,1,3,0,140396.06818181818
Belize Oasis,44.0,2,1,3,0,140396.06818181818
Belize Oasis,44.0,2,1,3,0,163680.77272727274
Belize Oasis,44.0,2,1,3,0,140396.06818181818
Alabang,44.0,2,1,3,0,163680.77272727274
Alabang,44.0,2,1,3,0,163680.77272727274
Alabang,44.0,2,1,3,0,140396.06818181818
Alabang,44.0,2,1,3,0,140396.06818181818
Belize Oasis,44.0,2,1,3,0,140396.06818181818
Alabang,44.0,2,1,3,0,140396.06818181818
Alabang,44.0,2,1,3,0,140396.06818181818
Alabang,44.0,2,1,3,0,163680.77272727274
Alabang,44.0,2,1,3,0,163680.77272727274
Alabang,44.0,2,1,3,0,163680.77272727274
Arca South,44.0,2,1,3,0,140396.06818181818
Belize Oasis,44.0,2,1,3,0,163680.77272727274
Alabang,44.0,2,1,3,0,140396.06818181818
Rhapsody Residences,59.0,2,1,3,0,84745.7627118644
Belize Oasis,44.0,2,1,1,0,153190.5909090909
East Bay Residences,73.0,2,2,1,0,130136.98630136986
Bristol at Parkway Place,53.0,1,1,3,1,301886.7924528302
East Bay Residences,28.0,1,1,1,0,92146.42857142857
Leaf Residences,32.0,2,1,2,0,130807.90625
Leaf Residences,23.0,1,1,2,0,178305.8260869565
Leaf Residences,23.0,1,1,2,0,189429.65217391305
Leaf Residences,25.0,1,1,2,0,174249.28
Leaf Residences,25.0,1,1,2,0,180959.4
Rhapsody Residences,59.0,2,1,2,1,76271.18644067796
Leaf Residences,34.0,2,1,1,0,193236.4411764706
Vivant Flats,158.0,3,3,2,2,177215.18987341772
ASIA Enclaves Alabang,40.0,1,1,2,0,107500.0
ASIA Enclaves Alabang,40.0,1,1,2,0,107500.0
Asia Enclaves,40.0,1,1,2,0,107500.0
Asia Enclaves,40.0,1,1,2,0,107500.0
North Gate,40.0,1,1,2,0,107500.0
Rhapsody Residences,54.0,2,1,2,0,88518.51851851853
Rhapsody Residences,52.0,2,1,2,0,88076.92307692308
Rhapsody Residences,53.0,2,1,2,0,124150.94339622642
Rhapsody Residences,80.0,3,2,2,0,108750.0
Rhapsody Residences,54.0,2,1,2,0,92222.22222222222
Viento at Cerca,109.0,3,3,2,0,233258.53211009174
1001 Parkway Residences,53.0,1,1,1,1,245283.01886792452
The Levels,36.0,1,1,1,0,222222.22222222222
Studio City,16.0,1,1,2,0,218750.0
Studio N,18.0,1,1,3,0,250000.0
Rhapsody Residences,55.0,2,1,3,1,78181.81818181818
Rhapsody Residences,77.0,2,1,1,0,71103.8961038961
Bristol at Parkway Place,57.0,1,1,3,1,287719.29824561405
Rhapsody Residences,82.0,2,2,2,1,91463.41463414633
Vivant Flats,44.0,1,1,2,0,150000.0
East Bay Residences,44.0,2,2,1,0,113636.36363636363
Belize Oasis,44.0,2,1,1,1,144642.54545454544
Alabang,17.0,1,1,1,0,135294.11764705883
Botanika Nature Residences,72.0,1,1,1,0,333333.3888888889
Botanika Nature Residences,72.0,1,1,1,0,333333.3333333333
Botanika Nature Residences,72.0,1,1,1,0,333333.3333333333
Botanika Nature Residences,72.0,1,1,1,0,333333.3333333333
Botanika Nature Residences,72.0,1,1,1,0,333333.3333333333
Botanika Nature Residences,72.0,1,1,1,0,333333.3333333333
Botanika Nature Residences,72.0,1,1,1,0,333333.3333333333
Botanika Nature Residences,72.0,1,1,1,0,333347.2361111111
Botanika Nature Residences,72.0,1,1,1,0,333333.3333333333
Botanika Nature Residences,72.0,1,1,1,0,333333.3333333333
Botanika Nature Residences,72.0,1,1,1,0,333333.3333333333
The Larsen Tower at East Bay Residences,65.0,2,2,1,0,160367.21538461538
Solano Hills,30.0,1,1,3,0,140000.0
The Mondrian Residences,140.0,2,2,2,1,128571.42857142857
Botanika Nature Residences,72.0,1,1,1,0,333333.3333333333
Botanika Nature Residences,72.0,1,1,1,0,333333.3333333333
Botanika Nature Residences,72.0,1,1,1,0,333333.3333333333
Botanika Nature Residences,72.0,1,1,1,0,333333.3333333333
Botanika Nature Residences,72.0,1,1,1,0,333333.3333333333
Botanika Nature Residences,72.0,1,1,1,0,333333.3333333333
Botanika Nature Residences,137.0,2,2,1,0,349124.0875912409
Botanika Nature Residences,137.0,2,2,1,0,349124.0875912409
Botanika Nature Residences,137.0,2,2,1,0,349124.0875912409
Botanika Nature Residences,72.0,1,1,1,0,333333.3333333333
Botanika Nature Residences,72.0,1,1,1,0,333333.3333333333
Botanika Nature Residences,72.0,1,1,1,0,333333.3333333333
Botanika Nature Residences,72.0,1,1,1,0,333333.3333333333
Botanika Nature Residences,72.0,1,1,1,0,333333.3333333333
Botanika Nature Residences,72.0,1,1,1,0,333333.3333333333
1001 Parkway Residences,53.0,1,1,1,0,256603.77358490566
1001 Parkway Residences,53.0,1,1,1,0,256603.77358490566
1001 Parkway Residences,53.0,1,1,1,0,256603.77358490566
1001 Parkway Residences,53.0,1,1,1,0,256603.77358490566
1001 Parkway Residences,53.0,1,1,1,0,256603.77358490566
1001 Parkway Residences,53.0,1,1,1,0,256603.77358490566
1001 Parkway Residences,53.0,1,1,1,0,256603.77358490566
Botanika Nature Residences,72.0,1,1,1,0,333333.3333333333
Botanika Nature Residences,72.0,1,1,1,0,333333.3333333333
Botanika Nature Residences,72.0,1,1,1,0,333333.3333333333
Botanika Nature Residences,72.0,1,1,1,0,333333.3333333333
The Levels,36.0,1,1,1,0,211111.11111111112
The Levels,36.0,1,1,1,0,211111.11111111112
The Levels,36.0,1,1,1,0,211111.11111111112
1001 Parkway Residences,53.0,1,1,1,0,256603.77358490566
1001 Parkway Residences,53.0,1,1,1,0,256603.77358490566
1001 Parkway Residences,53.0,1,1,1,0,256603.77358490566
Botanika Nature Residences,163.0,3,2,1,0,381595.0920245399
Botanika Nature Residences,125.0,2,2,1,0,356000.0
Botanika Nature Residences,125.0,2,2,1,1,356542.4
Botanika Nature Residences,125.0,2,2,1,0,356000.0
Botanika Nature Residences,163.0,3,2,1,0,381595.0920245399
Botanika Nature Residences,163.0,3,2,1,0,380368.0981595092
Botanika Nature Residences,163.0,3,2,1,0,382488.77300613496
Botanika Nature Residences,125.0,2,2,1,0,356480.0
Botanika Nature Residences,125.0,2,2,1,1,355485.36
1001 Parkway Residences,53.0,1,1,1,0,256603.77358490566
1001 Parkway Residences,53.0,1,1,1,0,256603.77358490566
1001 Parkway Residences,53.0,1,1,1,0,256603.77358490566
1001 Parkway Residences,53.0,1,1,1,0,256603.77358490566
1001 Parkway Residences,53.0,1,1,1,0,256603.77358490566
1001 Parkway Residences,53.0,1,1,1,0,256603.77358490566
1001 Parkway Residences,53.0,1,1,1,0,256603.77358490566
1001 Parkway Residences,53.0,1,1,1,0,256603.77358490566
Botanika Nature Residences,72.0,1,1,1,0,333333.3333333333
Botanika Nature Residences,72.0,1,1,1,0,333333.3333333333
Botanika Nature Residences,72.0,1,1,1,0,333333.3333333333
Botanika Nature Residences,72.0,1,1,1,0,319444.44444444444
1001 Parkway Residences,53.0,1,1,1,0,235849.05660377358
Vivant Flats,82.0,2,2,2,0,140243.9024390244
Leaf Residences,28.0,1,1,1,0,141465.60714285713
The Levels,52.0,2,2,1,0,230769.23076923078
The Levels,36.0,1,1,1,0,200000.0
The Levels,72.0,3,2,1,0,230250.0
The Levels,72.0,3,2,1,0,228750.0
The Levels,72.0,3,2,1,0,236111.11111111112
The Levels,36.0,1,1,1,0,199694.44444444444
The Levels,36.0,1,1,1,0,199455.55555555556
The Levels,36.0,1,1,1,0,199694.44444444444
The Levels,36.0,1,1,1,0,199727.77777777778
Botanika Nature Residences,72.0,1,1,1,0,333333.3333333333
Botanika Nature Residences,72.0,1,1,1,0,333333.3333333333
Botanika Nature Residences,72.0,1,1,1,0,277777.77777777775
Botanika Nature Residences,72.0,1,1,1,0,277777.77777777775
Bristol at Parkway Place,121.0,2,2,1,0,181818.18181818182
Bristol at Parkway Place,121.0,2,2,1,0,183471.0743801653
Botanika Nature Residences,72.0,1,1,1,0,277777.77777777775
Viento at Cerca,59.0,1,1,2,0,215627.11864406778
Botanika Nature Residences,162.0,3,2,1,0,360768.1728395062
Botanika Nature Residences,162.0,3,2,1,0,360802.4691358025
Botanika Nature Residences,162.0,3,2,1,0,360549.3827160494
Botanika Nature Residences,162.0,3,2,1,0,361111.1111111111
Botanika Nature Residences,162.0,3,2,1,0,360493.8271604938
Botanika Nature Residences,127.0,2,2,1,0,348818.89763779525
Botanika Nature Residences,127.0,2,2,1,0,348507.08661417325
Botanika Nature Residences,127.0,2,2,1,0,348818.89763779525
Botanika Nature Residences,127.0,2,2,1,0,349887.16535433073
Botanika Nature Residences,127.0,2,2,1,0,348818.89763779525
Botanika Nature Residences,127.0,2,2,1,0,350393.7007874016
Botanika Nature Residences,127.0,2,2,1,0,348507.08661417325
1001 Parkway Residences,181.0,3,3,1,0,359116.0220994475
1001 Parkway Residences,53.0,1,1,1,0,218029.3396226415
1001 Parkway Residences,53.0,1,1,1,0,216998.11320754717
1001 Parkway Residences,53.0,1,1,1,0,216150.94339622642
1001 Parkway Residences,53.0,1,1,1,0,216981.1320754717
Botanika Nature Residences,72.0,1,2,1,0,277789.0
Botanika Nature Residences,72.0,1,2,1,0,277777.77777777775
Botanika Nature Residences,72.0,1,2,1,0,277777.77777777775
Botanika Nature Residences,72.0,1,2,1,0,277777.77777777775
Botanika Nature Residences,72.0,1,2,1,0,277777.77777777775
The Levels,216.0,1,1,1,0,33287.96296296296
The Levels,36.0,1,1,1,0,199450.0
The Levels,36.0,1,1,1,0,200000.0
Bristol at Parkway Place,121.0,2,2,1,0,183471.0743801653
Bristol at Parkway Place,121.0,2,2,1,0,183471.0743801653
Bristol at Parkway Place,121.0,2,2,1,0,183479.3388429752
Bristol at Parkway Place,121.0,2,2,1,0,183654.72727272726
Bristol at Parkway Place,121.0,2,2,1,0,182644.62809917354
Bristol at Parkway Place,121.0,2,2,1,0,182644.62809917354
Bristol at Parkway Place,121.0,2,2,1,0,183471.0743801653
The Levels,57.0,2,2,1,0,197368.42105263157
The Levels,57.0,2,2,1,0,197017.54385964913
The Levels,57.0,2,2,1,0,196507.01754385966
The Levels,57.0,2,2,1,0,196491.22807017545
The Levels,36.0,1,1,1,0,199450.0
The Levels,36.0,1,1,1,0,199694.44444444444
The Levels,36.0,1,1,1,0,199727.77777777778
The Levels,36.0,1,1,1,0,200000.0
Botanika Nature Residences,72.0,1,2,1,0,277779.31944444444
Botanika Nature Residences,72.0,1,2,1,0,251263.875
Botanika Nature Residences,72.0,1,2,1,0,333333.34722222225
Botanika Nature Residences,72.0,1,2,1,0,277779.47222222225
Botanika Nature Residences,72.0,1,2,1,0,263888.8888888889
Botanika Nature Residences,72.0,1,2,1,0,277777.77777777775
The Levels,55.0,2,2,1,0,207272.72727272726
The Levels,55.0,2,2,1,0,204363.63636363635
The Levels,55.0,2,2,1,0,205454.54545454544
The Levels,55.0,2,2,1,0,204545.45454545456
The Levels,36.0,1,1,1,0,200000.0
The Levels,36.0,1,1,1,0,199455.55555555556
Botanika Nature Residences,127.0,2,2,1,0,348507.08661417325
Botanika Nature Residences,127.0,2,2,1,0,348507.08661417325
Botanika Nature Residences,72.0,1,1,1,0,277777.77777777775
Botanika Nature Residences,72.0,1,1,1,0,277777.77777777775
Botanika Nature Residences,127.0,2,2,1,0,348507.08661417325
Botanika Nature Residences,127.0,2,2,1,0,348507.08661417325
Botanika Nature Residences,72.0,1,2,1,0,250000.0
Botanika Nature Residences,72.0,1,2,1,0,305555.55555555556
Botanika Nature Residences,72.0,1,2,1,0,319444.44444444444
Botanika Nature Residences,72.0,1,2,1,0,305555.55555555556
Botanika Nature Residences,72.0,1,2,1,0,305555.55555555556
Botanika Nature Residences,72.0,1,2,1,0,277777.77777777775
Botanika Nature Residences,72.0,1,2,1,0,277777.77777777775
Botanika Nature Residences,72.0,1,2,1,0,333333.3333333333
Botanika Nature Residences,72.0,1,2,1,0,277777.77777777775
Botanika Nature Residences,72.0,1,2,1,0,277777.77777777775
Botanika Nature Residences,72.0,1,2,1,0,277777.77777777775
Botanika Nature Residences,72.0,1,2,1,0,277777.77777777775
Botanika Nature Residences,72.0,1,1,1,0,319444.44444444444
Botanika Nature Residences,164.0,3,3,3,0,317073.1707317073
The Levels,57.0,2,2,2,0,245614.0350877193
The Levels,36.0,1,1,2,0,222222.22222222222
Botanika Nature Residences,84.0,1,1,2,0,285714.28571428574
La Vie Flats,47.0,1,1,3,1,191489.36170212767
Botanika Nature Residences,127.0,2,2,3,0,314960.6299212598
The Levels,55.0,2,2,1,0,254545.45454545456
The Levels,36.0,1,1,2,0,222222.22222222222
Botanika Nature Residences,125.0,2,2,1,0,320000.0
Botanika Nature Residences,125.0,2,2,1,0,288404.0
CIVIC PLACE,32.0,1,1,1,0,250000.0
Avida Towers Ardane,23.0,1,1,1,0,208695.65217391305
East Bay Residences,47.0,1,1,3,0,159574.46808510637
Avida Towers Ardane,23.0,1,1,1,0,204347.8260869565
Robinsons Galleria,23.0,1,1,2,0,134782.60869565216
Avida Towers Alabang,35.0,1,1,1,0,125714.28571428571
Robinsons Galleria,105.0,2,3,3,0,294285.71428571426
CIVIC PLACE,32.0,1,1,3,0,265625.0
Bristol at Parkway Place,105.0,2,3,1,2,338095.2380952381
CIVIC PLACE,32.0,1,1,3,0,256250.0
Avida Towers Alabang,36.0,1,1,3,0,158333.33333333334
Viento at Cerca,102.0,3,3,2,0,242745.0980392157
Viento at Cerca,78.0,2,3,3,0,214371.79487179487
Viento at Cerca,102.0,3,3,3,0,219029.41176470587
Rhapsody Residences,50.0,2,1,3,0,120000.0
West Parc,73.0,2,2,2,1,150684.9315068493
East Bay Residences,35.0,1,1,3,0,100000.0
East Bay Residences,73.0,2,2,1,0,150684.9315068493
East Bay Residences,49.0,2,1,1,0,140000.0
East Bay Residences,48.0,2,1,2,0,166666.66666666666
The Larsen Tower at East Bay Residences,50.0,2,1,1,0,139200.0
The Larsen Tower at East Bay Residences,49.0,2,1,1,0,140000.0
The Larsen Tower at East Bay Residences,73.0,2,2,3,0,150684.9315068493
The Larsen Tower at East Bay Residences,98.0,3,3,1,0,110204.08163265306
Avida Tower Alabang,36.0,1,1,3,0,152777.77777777778
The Larsen Tower at East Bay Residences,37.0,1,1,2,0,113513.51351351352
Botanika Nature Residences,125.0,2,2,2,2,256000.0
Botanika Nature Residences,121.0,2,2,1,0,264462.80991735536
Tribeca Private Residences,38.0,1,1,2,0,92105.26315789473
East Bay Residences,38.0,1,1,3,0,100000.0
East Bay Residences,46.0,2,1,2,0,93478.26086956522
Viento at Cerca,50.0,1,1,2,0,221750.0
Avida Towers Alabang,25.0,1,1,1,0,152000.0
Viento at Cerca,102.0,3,2,2,0,238117.64705882352
Avida Towers Alabang,35.0,1,1,3,0,165714.2857142857
The Signature,22.0,1,1,2,0,250000.0
The Signature,22.0,1,1,2,0,181818.18181818182
Entrata Urban Complex,33.0,1,1,2,0,166666.66666666666
Bristol at Parkway Place,53.0,1,1,3,1,216981.1320754717
PRESIDIO AT LAKEFRONT,26.0,1,1,1,0,73076.92307692308
La Vie Flats,48.0,1,1,3,1,250000.0
Circulo Verde,70.0,2,2,1,0,178571.42857142858
SoleMare Parksuites,24.0,1,1,2,0,250000.0
Chateau Elysee,48.0,2,1,2,0,79062.5
Oak Harbor Residences,97.0,2,2,2,1,193814.43298969071
Oak Harbor Residences,152.0,3,3,3,1,189473.68421052632
Raya Garden,49.0,2,1,3,1,91836.73469387754
Asteria Residences,87.0,3,2,2,1,109195.40229885057
Woodsville Viverde Mansion,52.0,2,2,2,1,108653.84615384616
Bayshore Residential Resort,135.0,3,3,1,1,311111.1111111111
Bayshore Residential Resort,58.0,1,1,1,0,206896.55172413794
Field Residences,24.0,1,1,2,0,99999.58333333333
Woodsville Crest,23.0,1,1,2,0,217391.30434782608
Bayview International Tower,165.0,3,2,2,2,109090.90909090909
Azure Urban Resort Residences,28.0,1,1,3,0,139285.7142857143
Gold Residences,25.0,1,1,1,0,282400.0
Azure Urban Resort Residences,65.0,2,2,3,0,138923.07692307694
Azure Urban Resort Residences,55.0,2,2,3,0,142054.54545454544
Oak Harbor Residences,152.0,3,4,2,1,164473.68421052632
Oak Harbor Residences,152.0,3,3,3,1,190789.47368421053
Arista Place,53.0,2,1,3,0,88660.37735849057
Burgundy McKinley Place,150.0,3,2,2,1,160000.0
Shore Residences,91.0,2,2,1,2,241758.24175824175
Oak Harbor Residences,100.0,2,3,2,1,200000.0
Bayshore Residential Resort,81.0,2,2,2,0,380000.0
Oak Harbor Residences,152.0,3,3,3,1,217105.26315789475
Oak Harbor Residences,97.0,2,3,2,1,203092.78350515463
Bayport West NAIA Garden Residences,24.0,1,1,1,0,208333.33333333334
Oak Harbor Residences,66.0,1,2,1,0,237696.9696969697
Oak Harbor Residences,135.0,3,3,1,0,203343.0
Bayview International Tower,140.0,3,2,3,1,53564.28571428572
Calathea Place,27.0,1,1,1,0,132962.96296296295
Gentry Manor,41.0,1,1,1,0,218292.68292682926
Azure Urban Resort Residences,32.0,1,1,3,1,200000.0
Azure Urban Resort Residences,29.0,1,1,3,1,220689.6551724138
Oak Harbor Residences,252.0,3,4,1,0,203746.46031746033
Oak Harbor Residences,100.0,2,2,1,0,225880.0
Bayview International Tower,165.0,3,3,1,1,69696.9696969697
Azure Urban Resort Residences Parañaque,38.0,2,1,2,0,131578.94736842104
Copeton Baysuites,80.0,2,1,3,0,319311.575
The Amvel Mansions,68.0,3,2,2,0,66176.4705882353
Copeton Baysuites,31.0,1,1,3,0,309672.0967741936
Asiana Oasis,52.0,2,1,1,0,140822.76923076922
Asiana Oasis,23.0,1,1,1,0,174162.52173913043
Bayshore Residential Resort,144.0,3,3,3,0,319444.44444444444
Bayview International Tower,187.0,4,4,3,1,152703.5026737968
Azure Urban Resort Residences Parañaque,30.0,1,1,3,0,130000.0
Siena Park Residences,52.0,2,1,3,0,92307.69230769231
Gold Residences,35.0,1,1,1,0,57142.857142857145
Gold Residences,54.0,2,2,1,0,45055.555555555555
SoleMare Parksuites,133.0,3,2,3,0,120300.75187969925
Gold Residences,25.0,1,1,1,0,292000.0
Azure Urban Resort Residences Parañaque,46.0,2,1,3,0,152173.91304347827
Azure Urban Resort Residences Parañaque,48.0,2,1,3,0,135416.66666666666
Azure Urban Resort Residences,48.0,2,1,3,0,135416.66666666666
Calathea Place,31.0,1,1,2,0,132838.70967741936
Calathea Place,31.0,1,1,2,0,133483.87096774194
Calathea Place,31.0,1,1,2,0,139935.48387096773
Azure Urban Resort Residences Parañaque,48.0,2,1,3,0,135416.66666666666
AMAIA STEPS SUCAT,23.0,1,1,2,0,147826.08695652173
Azure Urban Resort Residences,48.0,2,1,1,1,120833.33333333333
Azure Urban Resort Residences Parañaque,30.0,1,1,3,0,130000.0
Oak Harbor Residences,97.0,2,1,3,0,214309.27835051547
Calathea Place,31.0,1,1,1,0,143064.51612903227
Calathea Place,34.0,1,1,1,0,124823.5294117647
Calathea Place,31.0,1,1,1,0,133612.90322580645
Calathea Place,28.0,1,1,1,0,155964.2857142857
Gold Residences,27.0,1,1,1,0,295222.22222222225
Gold Residences,27.0,1,1,1,0,295222.22222222225
Gold Residences,25.0,1,1,1,0,280000.0
Gold Residences,25.0,1,1,1,0,280000.0
Oak Harbor Residences,66.0,1,1,3,0,237696.9696969697
Bloom Residences,32.0,2,1,2,0,143750.0
The Atherton,54.0,2,1,1,0,113481.48148148147
Calathea Place,31.0,1,1,1,0,133612.90322580645
Calathea Place,31.0,1,1,1,0,128967.74193548386
Calathea Place,31.0,1,1,1,0,132516.12903225806
Oak Harbor Residences,97.0,2,3,1,0,190000.0
Oak Harbor Residences,97.0,2,1,3,0,214309.27835051547
Azure Urban Resort Residences Parañaque,30.0,1,1,3,0,130000.0
Azure Urban Resort Residences Parañaque,32.0,1,1,3,0,140625.0
Gold Residences,32.0,1,1,3,0,187500.0
Field Residences,24.0,1,1,2,0,186333.33333333334
Oak Harbor Residences,97.0,2,1,3,0,214309.27835051547
Bayshore Residential Resort,45.0,1,1,2,0,311111.1111111111
Field Residences,33.0,2,1,3,0,121212.12121212122
Bloom Residences,33.0,2,1,1,0,154545.45454545456
Bloom Residences,33.0,2,1,1,0,36363.63636363636
Bloom Residences,33.0,2,1,1,0,36363.63636363636
Oak Harbor Residences,66.0,1,1,2,0,237696.9696969697
Raya Gardens,57.0,2,1,1,0,126614.0350877193
Oak Harbor Residences,152.0,3,3,2,0,131578.94736842104
Oak Harbor Residences,97.0,2,2,3,1,247422.68041237115
Gold Residences,25.0,1,1,1,0,316320.0
Oak Harbor Residences,152.0,3,3,3,0,131578.94736842104
Field Residences,25.0,1,1,3,0,200000.0
Bloom Residences,32.0,2,1,3,0,187500.0
Azure Urban Resort Residences Parañaque,57.0,2,2,3,0,171052.63157894736
The Atherton,61.0,2,1,1,0,89038.62295081967
The Atherton,61.0,2,1,1,0,94880.0655737705
Oak Harbor Residences,152.0,3,3,2,1,154605.26315789475
Bayshore Residential Resort,144.0,3,3,3,0,319444.44444444444
Azure Urban Resort Residences,48.0,2,1,3,0,145833.33333333334
Woodsville Crest,35.0,1,1,1,0,202539.65714285715
Bayshore Residential Resort,144.0,3,3,3,0,319444.44444444444
Azure Urban Resort Residences Parañaque,30.0,1,1,3,0,130000.0
Azure Urban Resort Residences Parañaque,48.0,2,2,3,0,114583.33333333333
Asteria Residences,131.0,4,3,3,0,106870.22900763359
Gold Residences,25.0,1,1,1,0,334200.0
Azure Urban Resort Residences Parañaque,30.0,1,1,3,0,130000.0
S Residences,52.0,2,2,3,0,153846.15384615384
Azure Urban Resort Residences,38.0,2,2,3,0,171052.63157894736
Azure Urban Resort Residences,48.0,2,1,3,0,153333.33333333334
Bayshore Residential Resort,144.0,3,3,3,0,319444.44444444444
Bayshore Residential Resort,144.0,3,3,3,0,319444.44444444444
Calathea Place,35.0,1,1,1,0,102351.42857142857
Calathea Place,32.0,1,1,1,0,144469.6875
Calathea Place,39.0,1,1,1,0,101933.33333333333
Calathea Place,30.0,1,1,1,0,136863.33333333334
Calathea Place,36.0,1,1,1,0,108675.0
Calathea Place,33.0,1,1,1,0,119551.51515151515
Calathea Place,37.0,1,1,1,0,100818.91891891892
Calathea Place,28.0,1,1,1,0,140364.2857142857
Calathea Place,34.0,1,1,1,0,112347.05882352941
Calathea Place,31.0,1,1,1,0,125135.48387096774
The Atherton,28.0,1,1,1,0,126557.14285714286
The Atherton,31.0,2,1,1,0,121116.12903225806
The Atherton,29.0,1,1,1,0,126324.13793103448
The Atherton,63.0,2,1,1,0,89647.61904761905
The Atherton,56.0,2,1,1,0,109403.21428571429
The Atherton,59.0,2,1,1,0,90603.38983050847
The Atherton,52.0,2,1,1,0,115086.53846153847
The Atherton,56.0,2,1,1,0,111332.14285714286
The Atherton,61.0,2,1,1,0,90468.85245901639
The Atherton,54.0,2,1,2,0,112837.03703703704
Asteria Residences,72.0,2,1,1,0,89173.61111111111
Asteria Residences,57.0,2,1,1,0,114792.98245614035
Asteria Residences,73.0,2,1,1,0,92935.61643835617
Asteria Residences,58.0,2,1,1,0,112813.79310344828
Asteria Residences,69.0,2,1,1,0,91601.44927536232
Asteria Residences,53.0,2,1,1,0,115854.71698113208
Asteria Residences,71.0,2,1,1,0,91833.80281690141
Asteria Residences,55.0,2,1,1,0,114918.18181818182
Asteria Residences,56.0,2,1,1,0,112576.78571428571
Oak Harbor Residences,85.0,2,2,1,1,180000.0
Oak Harbor Residences,72.0,1,1,1,1,191319.44444444444
Bloom Residences,32.0,2,1,1,0,179545.0
Oak Harbor Residences,169.0,3,3,1,1,203343.0
Oak Harbor Residences,252.0,3,3,1,1,203746.46031746033
Woodsville Crest 3,41.0,1,1,2,0,241463.41463414635
Woodsville Crest 3,41.0,1,1,2,0,244926.82926829267
Oak Harbor Residences,152.0,3,3,1,1,180000.0
Oak Harbor Residences,97.0,2,2,1,1,203343.0
Oak Harbor Residences,100.0,2,2,1,1,203443.0
Oak Harbor Residences,135.0,3,3,1,1,203343.0
Lions Park Residences,30.0,1,1,1,0,70000.0
Siena Park Residences,42.0,2,1,2,0,138095.2380952381
Lions Park Residences,42.0,2,1,3,0,61904.76190476191
Lancris Residences,82.0,3,2,1,0,98536.58536585367
Lancris Residences,82.0,3,2,1,0,98902.43902439025
Lancris Residences,82.0,3,2,1,0,94756.09756097561
The Atherton,28.0,1,1,1,0,126650.0
The Atherton,30.0,1,1,1,0,124856.66666666667
The Atherton,27.0,1,1,1,0,126874.07407407407
The Atherton,31.0,1,1,1,0,125048.3870967742
The Atherton,29.0,1,1,1,0,126317.24137931035
The Atherton,52.0,2,1,1,0,115123.07692307692
The Atherton,56.0,2,1,1,0,109903.57142857143
The Atherton,59.0,2,1,1,0,90279.66101694915
The Atherton,63.0,2,1,1,0,91166.66666666667
The Atherton,54.0,2,1,1,0,112840.74074074074
The Atherton,61.0,2,1,1,0,90470.4918032787
The Atherton,54.0,2,1,1,0,112850.0
Asteria Residences,84.0,3,2,1,0,89717.85714285714
Asteria Residences,71.0,2,1,1,0,91833.80281690141
Asteria Residences,55.0,2,1,1,0,114914.54545454546
Calathea Place,34.0,1,1,1,0,111358.82352941176
Calathea Place,31.0,2,1,1,0,125135.48387096774
The Atherton,61.0,2,1,1,0,90463.9344262295
The Atherton,54.0,2,1,1,0,112840.74074074074
Woodsville Crest,58.0,2,1,2,0,248647.60344827586
Field Residences,54.0,2,1,3,0,120370.37037037036
WOODSVILLE RESIDENCES,60.0,3,3,3,0,108333.33333333333
Bayshore Residential Resort,91.0,2,2,1,0,302197.8021978022
Calathea Place,28.0,1,1,1,0,140367.85714285713
Calathea Place,31.0,1,1,1,0,127393.54838709677
Calathea Place,31.0,1,1,1,0,129222.58064516129
Calathea Place,31.0,1,1,1,0,125129.03225806452
Copeton Baysuites,92.0,2,2,1,0,304347.82608695654
Casiana Residences,135.0,3,3,3,0,111111.11111111111
Bloom Residences,33.0,2,2,1,0,227272.72727272726
Monarch Parksuites,59.0,1,1,3,0,266182.3728813559
Siena Park Residences,71.0,2,2,3,0,83098.59154929577
Field Residences,24.0,1,1,1,0,187500.0
Field Residences,52.0,2,2,3,0,153846.15384615384
Gold Residences,25.0,1,1,1,0,280000.0
Azure Urban Resort Residences,48.0,2,2,3,0,153333.33333333334
Bloom Residences,32.0,2,1,1,0,187500.0
Azure Urban Resort Residences Parañaque,30.0,1,1,3,0,130000.0
S Residences,47.0,2,2,1,0,85261.85106382979
Azure Urban Resort Residences Parañaque,30.0,1,1,2,0,120000.0
Field Residences,25.0,1,1,3,0,180000.0
Bloom Residences,33.0,2,1,3,0,181818.18181818182
Bayshore Residential Resort,61.0,1,1,2,0,308196.7213114754
Bayshore Residential Resort,144.0,3,3,3,0,312500.0
Bayshore Residential Resort,41.0,1,1,2,0,319512.1951219512
Gentry Manor,56.0,2,2,2,0,321428.5714285714
Gentry Manor,41.0,1,1,2,0,336585.3658536585
Azure Urban Resort Residences Parañaque,29.0,1,1,3,0,258620.6896551724
Raya Garden,49.0,2,1,1,1,95918.36734693877
Spring Residences,30.0,1,1,1,0,123300.0
Raya Garden,114.0,3,2,2,0,96491.22807017544
Monarch Parksuites,28.0,1,1,3,0,214285.7142857143
Bayshore Residential Resort,80.0,2,2,1,0,350000.0
Calathea Place,31.0,1,1,1,0,127393.54838709677
Calathea Place,31.0,1,1,1,0,125096.7741935484
Solemare Parksuites Phase 2,29.0,1,1,3,0,131034.4827586207
Gold Residences,25.0,1,1,1,0,48200.0
Gold Residences,28.0,1,1,1,0,39642.857142857145
Gold Residences,25.0,1,1,1,0,40000.0
Bloom Residences,47.0,2,1,1,0,36011.55319148936
Bloom Residences,32.0,2,1,1,0,37500.0
The Atherton,90.0,3,2,1,0,106330.0
The Atherton,56.0,2,1,1,0,103098.21428571429
Burgundy McKinley Place,150.0,3,3,1,0,113333.33333333333
Spring Residences,28.0,1,1,3,0,195000.0
Spring Residences,28.0,1,1,3,0,195000.0
Azure Urban Resort Residences,48.0,2,2,3,0,125000.0
Oak Harbor Residences,149.0,3,3,2,0,246228.1879194631
Oak Harbor Residences,66.0,1,1,1,0,237696.9696969697
BSA Suites,81.0,2,2,1,0,185185.1851851852
Bayport West NAIA Garden Residences,28.0,1,1,1,0,128571.42857142857
Bayshore Residential Resort,200.0,2,2,3,0,271250.0
Siena Park Residences,54.0,2,1,1,0,124074.07407407407
Bloom Residences,32.0,2,1,1,1,137500.0
I-Land Residences,46.0,2,2,1,0,117391.30434782608
Gold Residences,25.0,1,1,1,0,328000.0
Bloom Residences,33.0,2,1,1,0,129696.9696969697
Woodsville Crest 3,52.0,2,1,2,0,237689.25
Woodsville Crest 3,41.0,1,1,2,0,243883.0
Woodsville Crest,35.0,1,1,1,0,205860.11428571428
Woodsville Crest 3,41.0,1,1,2,0,243883.0
Woodsville Crest 3,41.0,1,1,2,0,245904.26829268291
Gold Residences,27.0,1,1,1,0,241342.03703703705
Bloom Residences,33.0,2,1,1,0,36363.63636363636
Arista Place,62.0,2,1,3,0,140322.5806451613
Arista Place,62.0,2,1,3,0,140322.5806451613
Gold Residences,50.0,2,2,3,0,58920.08
The Atherton,90.0,3,2,1,0,116988.88888888889
Azure Urban Resort Residences Parañaque,40.0,2,1,3,0,150000.0
Azure Urban Resort Residences Parañaque,40.0,2,1,3,0,150000.0
Azure Urban Resort Residences Parañaque,40.0,2,1,3,0,150000.0
Azure Urban Resort Residences Parañaque,40.0,2,1,3,0,150000.0
Azure Urban Resort Residences Parañaque,30.0,1,1,3,0,140000.0
Bayshore Residential Resort,42.0,1,1,3,0,238095.2380952381
Azure Urban Resort Residences,38.0,2,2,3,0,197368.42105263157
Gold Residences,27.0,1,1,3,0,53093.25925925926
Azure Urban Resort Residences Parañaque,39.0,2,1,2,1,171794.87179487178
Calathea Place,31.0,1,1,1,0,139032.25806451612
Calathea Place,34.0,1,1,1,0,124176.4705882353
The Atherton,54.0,2,1,1,0,117601.85185185185
The Atherton,61.0,2,1,1,0,87716.39344262295
Raya Garden,114.0,3,2,2,0,96491.22807017544
The Atherton,54.0,2,1,1,0,115468.51851851853
The Atherton,61.0,2,1,1,0,91962.29508196721
Calathea Place,40.0,1,1,1,0,89145.0
Calathea Place,34.0,1,1,1,0,258808.82352941178
Calathea Place,31.0,1,1,1,0,123009.67741935483
The Atherton,90.0,3,2,2,0,110011.11111111111
The Atherton,54.0,2,1,2,0,110500.0
Calathea Place,40.0,1,1,1,0,89142.5
Calathea Place,34.0,1,1,1,0,111467.64705882352
Calathea Place,31.0,1,1,1,0,123016.12903225806
The Atherton,54.0,2,1,1,0,114788.70370370371
The Atherton,61.0,2,1,1,0,91777.04918032787
The Atherton,54.0,2,1,1,0,128296.29629629629
Oak Harbor Residences,149.0,3,3,2,0,258308.72483221476
Oak Harbor Residences,127.0,3,2,2,0,210141.73228346457
Oak Harbor Residences,100.0,2,1,2,0,223880.0
Oak Harbor Residences,97.0,2,1,2,0,228742.2680412371
Oak Harbor Residences,72.0,1,1,2,0,254000.0
Oak Harbor Residences,152.0,3,3,3,2,210526.31578947368
The Atherton,54.0,2,1,1,0,115416.66666666667
The Atherton,61.0,2,1,1,0,91240.98360655738
The Atherton,56.0,2,2,3,1,160714.2857142857
Senta,26.0,1,1,3,0,331653.8461538461
Calathea Place,28.0,1,1,1,0,140375.0
Calathea Place,40.0,1,1,1,0,89712.5
Calathea Place,34.0,1,1,1,0,110482.35294117648
Calathea Place,31.0,1,1,1,0,123009.67741935483
Calathea Place,40.0,1,1,2,0,103050.0
Calathea Place,28.0,1,1,2,0,152392.85714285713
Calathea Place,57.0,2,1,1,1,96473.68421052632
Woodsville Crest,41.0,1,1,1,0,25235.560975609755
The Atherton,54.0,2,1,1,0,115466.66666666667
The Atherton,29.0,1,1,1,0,125068.96551724138
The Atherton,54.0,2,1,1,0,127777.77777777778
AMAIA STEPS SUCAT,41.0,1,1,1,1,168292.68292682926
Calathea Place,31.0,1,1,3,0,129322.58064516129
Calathea Place,34.0,1,1,3,0,111705.88235294117
Gold Residences,25.0,1,1,1,0,308337.0
Burgundy McKinley Place,152.0,3,2,1,0,80310.52631578948
Oak Harbor Residences,85.0,2,3,1,0,180000.0
Calathea Place,31.0,1,1,3,0,129322.58064516129
Calathea Place,34.0,1,1,3,0,111705.88235294117
Imperial Plaza,56.0,1,1,1,0,164821.42857142858
Woodsville Crest,35.0,1,1,2,0,214285.7142857143
Oak Harbor Residences,152.0,3,3,3,0,217105.26315789475
I-Land Residences,28.0,1,1,1,0,121428.57142857143
The Icon,74.0,3,3,2,0,351351.35135135136
The Atherton,56.0,2,1,1,0,117857.14285714286
Oak Harbor Residences,174.0,3,3,3,0,247126.4367816092
Bloom Residences,32.0,2,1,1,0,188281.25
Gold Residences,25.0,1,1,1,0,271252.0
Calathea Place,40.0,1,1,1,0,94975.0
Calathea Place,31.0,1,1,1,0,125129.03225806452
The Atherton,54.0,2,1,1,0,111716.66666666667
The Atherton,61.0,2,1,1,0,106250.81967213115
The Atherton,29.0,1,1,1,0,125120.68965517242
I-Land Residences,29.0,1,1,1,0,130586.20689655172
Field Residences,33.0,2,1,1,0,167067.57575757575
Field Residences,32.0,2,1,1,0,216531.25
Burgundy McKinley Place,152.0,3,2,1,0,80310.52631578948
Bayview International Tower,187.0,4,3,3,0,152703.5026737968
Avida Towers Sucat,22.0,1,1,1,0,104545.45454545454
Woodsville Crest 3,24.0,1,1,1,0,216666.66666666666
Calathea Place,28.0,1,1,1,0,140553.57142857142
Calathea Place,40.0,1,1,1,0,94995.0
Calathea Place,31.0,1,1,1,0,125129.03225806452
Calathea Place,40.0,1,1,1,0,105550.0
Bloom Residences,32.0,2,1,2,0,162500.0
Bloom Residences,32.0,2,1,2,0,162804.90625
Bloom Residences,32.0,2,1,2,0,162781.25
Bloom Residences,32.0,2,1,2,0,162781.25
Bloom Residences,32.0,2,1,2,0,162804.90625
Bloom Residences,32.0,2,1,2,0,162500.0
Calathea Place,48.0,2,1,1,0,106562.5
Azure Urban Resort Residences,39.0,1,1,3,1,153846.15384615384
Oak Harbor Residences,66.0,1,1,1,0,237696.9696969697
Calathea Place,34.0,1,1,1,0,124176.4705882353
The Atherton,61.0,2,1,1,0,118049.18032786885
Azure Urban Resort Residences Parañaque,64.0,3,2,3,0,162500.0
Raya Garden Condominiums,57.0,2,1,1,0,126614.0350877193
Bayview International Tower,60.0,1,2,1,0,116666.66666666667
WOODSVILLE RESIDENCES,65.0,2,1,2,0,199917.03076923077
Oak Harbor Residences,100.0,3,2,1,0,268000.0
Oak Harbor Residences,100.0,2,2,1,0,204000.0
Oak Harbor Residences,100.0,2,2,1,0,204000.0
Oak Harbor Residences,97.0,2,1,1,0,211216.49484536084
Gold Residences,27.0,1,1,1,0,298679.8888888889
Bayshore Residential Resort,59.0,1,1,2,0,213559.3220338983
Gold Residences,25.0,1,1,3,0,360000.0
Bayshore Residential Resort,90.0,2,2,2,0,311111.1111111111
One San Antonio Residences,28.0,1,1,1,0,228571.42857142858
Field Residences,24.0,1,1,3,0,187500.0
Bayshore Residential Resort,90.0,2,2,2,0,311111.1111111111
Asteria Residences,56.0,2,1,3,0,107142.85714285714
The Atherton,54.0,2,1,1,1,127777.77777777778
Solemare Parksuites Phase 2,58.0,1,1,3,1,150000.0
Avida Towers Sucat,23.0,1,1,2,0,139134.34782608695
The Icon,152.0,3,3,2,0,313815.7894736842
Bayshore Residential Resort,128.0,3,3,2,0,343750.0
Bayshore Residential Resort,58.0,1,1,2,0,325310.3448275862
Bloom Residences,32.0,2,1,2,0,175000.0
Azure Urban Resort Residences Parañaque,49.0,2,1,3,1,153061.22448979592
Azure Urban Resort Residences Parañaque,49.0,2,1,3,1,153061.22448979592
Azure Urban Resort Residences Parañaque,49.0,2,1,3,0,153061.22448979592
Azure Urban Resort Residences Parañaque,49.0,2,1,2,0,153061.22448979592
Azure Urban Resort Residences,38.0,2,1,3,1,144736.84210526315
Lancris Residences,52.0,2,1,1,0,107692.30769230769
Lions Park Residences,32.0,1,1,3,0,106023.4375
Lions Park Residences,29.0,1,1,3,0,102682.75862068965
Kosi Residences,20.0,1,1,1,0,110000.0
Lions Park Residences,42.0,2,1,2,0,61904.76190476191
Bayview International Tower,187.0,4,2,3,1,152703.5026737968
Calathea Place,30.0,1,1,1,0,116666.66666666667
Monarch Parksuites,28.0,1,1,3,0,250000.0
Oak Harbor Residences,174.0,3,3,3,0,258620.6896551724
MidPark Towers,80.0,2,2,2,0,299995.9375
Spring Residences,28.0,2,1,1,0,142857.14285714287
AMAIA STEPS SUCAT,23.0,1,1,1,0,139130.4347826087
Gentry Manor,41.0,1,1,1,0,219512.19512195123
MidPark Towers,119.0,3,3,2,0,303025.71428571426
Monarch Parksuites,50.0,1,1,2,0,380000.0
MidPark Towers,72.0,2,2,2,0,299918.40277777775
MidPark Towers,40.0,1,1,2,0,315183.375
MidPark Towers,40.0,1,1,3,0,288725.0
Gold Residences,25.0,1,1,1,0,278959.4
Oak Harbor Residences,252.0,3,4,1,0,203746.46031746033
Oak Harbor Residences,72.0,1,1,1,0,204755.11111111112
AMAIA STEPS SUCAT,24.0,1,1,3,0,150000.0
AMAIA STEPS SUCAT,41.0,3,1,2,1,168292.68292682926
Chateau Elysee,56.0,2,1,2,1,89285.71428571429
MidPark Towers,80.0,2,2,2,0,321781.625
Woodsville Viverde Mansions,52.0,2,2,2,0,90384.61538461539
Monarch Parksuites,28.0,1,1,3,0,260714.2857142857
Monarch Parksuites,33.0,1,1,2,0,257575.75757575757
Field Residences,24.0,1,1,2,0,125000.0
Raya Garden Condominiums,36.0,1,1,2,0,69444.44444444444
MidPark Towers,52.0,1,1,2,0,305398.8461538461
Azure Urban Resort Residences,40.0,2,1,3,0,150000.0
Azure Urban Resort Residences,36.0,1,1,1,0,166666.66666666666
Azure Urban Resort Residences,30.0,1,1,3,0,120000.0
Asiana Oasis,106.0,4,1,2,0,173414.15094339623
Azure Urban Resort Residences Parañaque,38.0,2,1,3,0,118421.05263157895
Azure Urban Resort Residences,29.0,1,1,1,0,155172.41379310345
Azure Urban Resort Residences,30.0,1,1,1,0,116666.66666666667
Oak Harbor Residences,135.0,3,4,1,0,203343.0
Oak Harbor Residences,97.0,2,3,1,0,203343.0
Oak Harbor Residences,97.0,2,3,1,0,190000.0
Oak Harbor Residences,252.0,3,4,1,0,203746.46031746033
Oak Harbor Residences,152.0,3,3,1,0,180000.0
Oak Harbor Residences,252.0,3,4,1,0,203706.77777777778
Oak Harbor Residences,85.0,2,3,1,0,180000.0
Oak Harbor Residences,72.0,1,1,1,0,191319.44444444444
Oak Harbor Residences,72.0,1,1,1,0,204755.11111111112
SoleMare Parksuites,82.0,3,2,2,0,182926.82926829267
Woodsville Crest,35.0,1,1,1,0,200000.0
Lions Park Residences,45.0,2,1,2,0,62222.22222222222
Woodsville Crest 3,41.0,1,1,1,0,245159.58536585365
Woodsville Crest 3,36.0,1,1,3,0,284851.97222222225
Woodsville Crest 3,52.0,2,1,3,0,235321.5576923077
Azure Urban Resort Residences,57.0,2,1,3,0,121052.63157894737
Oak Harbor Residences,72.0,1,1,1,1,277503.3333333333
Oak Harbor Residences,85.0,2,3,1,1,217767.5294117647
Oak Harbor Residences,72.0,1,1,1,1,255725.55555555556
Oak Harbor Residences,169.0,3,4,1,0,221445.2071005917
Lions Park Residences,42.0,2,1,1,0,64285.71428571428
Imperial Plaza,56.0,1,1,1,0,119821.42857142857
Imperial Plaza,89.0,2,1,1,0,169662.92134831462
Imperial Plaza,148.0,3,3,1,0,171621.62162162163
Asiana Oasis,34.0,1,1,1,0,173941.17647058822
Oak Harbor Residences,72.0,2,2,2,0,271000.0
Bayshore Residential Resort,58.0,1,1,2,0,241379.3103448276
Oak Harbor Residences,135.0,3,4,2,0,203343.0
Oak Harbor Residences,97.0,2,3,1,0,203343.0
Oak Harbor Residences,97.0,2,3,2,0,190000.0
Oak Harbor Residences,72.0,1,1,1,0,191319.44444444444
Oak Harbor Residences,85.0,2,3,2,0,180000.0
Oak Harbor Residences,72.0,1,1,2,0,204755.11111111112
Oak Harbor Residences,135.0,3,4,1,0,259068.44444444444
Oak Harbor Residences,97.0,2,3,1,0,235280.82474226804
Oak Harbor Residences,100.0,2,3,1,0,233122.4
Bayshore Residential Resort,50.0,1,1,3,0,260000.0
The Atherton,57.0,2,1,1,1,119298.24561403508
Oak Harbor Residences,100.0,2,3,2,0,243742.4
Oak Harbor Residences,97.0,2,2,1,0,235280.82474226804
Field Residences,27.0,1,1,2,0,105555.55555555556
Oak Harbor Residences,97.0,2,3,2,0,203343.0
Oak Harbor Residences,72.0,1,2,1,0,255725.55555555556
Calathea Place,34.0,1,1,1,0,138176.4705882353
Calathea Place,31.0,1,1,1,0,151548.38709677418
Calathea Place,40.0,1,1,1,0,108225.0
Siena Park Residences,110.0,3,3,2,0,109090.90909090909
Oak Harbor Residences,252.0,3,4,3,0,203706.77777777778
Oak Harbor Residences,85.0,2,3,2,0,180000.0
Oak Harbor Residences,72.0,1,1,2,0,191319.44444444444
Oak Harbor Residences,72.0,1,1,2,0,204755.11111111112
The Atherton,29.0,1,1,1,0,140344.8275862069
Bayshore Residential Resort,57.0,1,1,1,1,245614.0350877193
The Atherton,54.0,2,1,1,0,110740.74074074074
Bayshore Residential Resort,82.0,3,3,1,0,359756.0975609756
The Atherton,29.0,1,1,1,0,138965.5172413793
Woodsville Crest 3,37.0,1,1,2,0,227078.67567567568
Calathea Place,31.0,1,1,1,0,137612.90322580645
Woodsville Crest,25.0,2,2,2,0,400000.0
Azure Urban Resort Residences,30.0,1,1,1,0,116666.66666666667
Oak Harbor Residences,75.0,1,1,2,1,146666.66666666666
SoleMare Parksuites,36.0,1,1,1,0,150000.0
The Versailles Cove,49.0,2,1,3,0,76930.61224489796
SoleMare Parksuites,61.0,1,1,3,1,245901.6393442623
Calathea Place,34.0,1,1,1,0,127941.17647058824
Calathea Place,48.0,2,1,1,1,145833.33333333334
Spring Residences,28.0,2,1,2,0,162857.14285714287
Chateau Elysee,24.0,1,1,2,0,91666.66666666667
Gold Residences,25.0,1,1,2,0,312400.0
Woodsville Viverde Mansions,44.0,2,1,2,0,92954.54545454546
Woodsville Crest,36.0,1,1,1,0,166666.66666666666
Bayport West NAIA Garden Residences,24.0,1,1,1,0,208333.33333333334
Bayview International Tower,187.0,4,3,1,0,179144.38502673796
Woodsville Crest,58.0,2,2,2,0,213362.06896551725
Woodsville Crest 3,37.0,1,1,2,0,204054.05405405405
Woodsville Crest 3,35.0,1,1,1,0,222857.14285714287
Asteria Residences,64.0,2,1,1,0,81250.0
Bayshore Residential Resort,41.0,1,1,2,0,321951.2195121951
Bayshore Residential Resort,61.0,1,1,2,0,306557.37704918033
Gold Residences,25.0,1,1,3,0,292800.0
Gold Residences,35.0,1,1,3,0,286714.28571428574
Oak Harbor Residences,96.0,2,2,2,0,270833.3333333333
Gold Residences,25.0,1,1,2,0,312000.0
Field Residences,35.0,1,1,1,0,114285.71428571429
Field Residences,35.0,1,1,1,0,114285.71428571429
Avida Towers Sucat,50.0,2,1,3,1,110000.0
Copeton Baysuites,36.0,1,1,3,0,263888.8888888889
Field Residences,24.0,1,1,2,0,178333.33333333334
Bloom Residences,32.0,2,1,2,0,140625.0
Gold Residences,29.0,1,1,2,0,272413.7931034483
Chateau Elysee,46.0,2,2,2,0,86956.52173913043
Woodsville Crest 3,35.0,1,1,2,0,230594.6
Monarch Parksuites,59.0,1,1,3,0,254237.28813559323
Woodsville Crest 3,26.0,1,1,1,0,244230.5
The Atherton,56.0,2,1,1,1,121428.57142857143
Burgundy McKinley Place,150.0,3,2,2,0,166666.66666666666
Calathea Place,34.0,1,1,1,0,109561.76470588235
Calathea Place,28.0,1,1,1,0,135714.2857142857
Woodsville Viverde Mansions,51.0,2,1,2,1,123529.41176470589
Raya Garden,56.0,1,1,3,0,116071.42857142857
Avida Towers Sucat,23.0,1,1,1,0,173913.04347826086
Field Residences,34.0,1,1,3,0,161764.70588235295
Field Residences,34.0,1,1,3,0,161764.70588235295
Woodsville Crest 3,36.0,1,1,3,0,222222.22222222222
Oak Harbor Residences,72.0,1,1,1,0,256777.77777777778
Oak Harbor Residences,72.0,1,1,1,0,256777.76388888888
Calathea Place,31.0,1,1,3,0,138709.67741935485
Azure Urban Resort Residences,48.0,2,1,2,0,145833.33333333334
Gold Residences,25.0,1,1,2,0,275907.8
Raya Garden,56.0,1,1,3,0,116071.42857142857
The Atherton,56.0,2,1,1,1,129464.28571428571
SoleMare Parksuites,26.0,1,1,1,0,223076.92307692306
Azure Urban Resort Residences Parañaque,49.0,1,1,3,0,112244.89795918367
Amaia Steps Bicutan,23.0,1,1,3,0,130434.78260869565
Field Residences,28.0,2,1,1,0,162298.42857142858
Field Residences,32.0,1,1,1,0,171875.0
Monarch Parksuites,31.0,1,1,3,0,241935.48387096773
Oak Harbor Residences,72.0,1,1,1,0,263888.8888888889
Oak Harbor Residences,97.0,2,2,3,1,226804.12371134022
Gold Residences,25.0,1,1,1,0,240000.0
Shore Residences,24.0,1,1,1,0,258333.33333333334
Gentry Manor,56.0,1,1,2,0,325000.0
Gentry Manor,37.0,1,1,2,0,324324.3243243243
Gentry Manor,37.0,1,1,2,0,324324.3243243243
Gentry Manor,74.0,2,2,2,0,329729.7297297297
Gentry Manor,41.0,1,1,2,0,329268.2926829268
Gentry Manor,56.0,1,1,2,0,326785.71428571426
SoleMare Parksuites,28.0,1,1,1,0,178571.42857142858
AMAIA STEPS SUCAT,42.0,1,1,3,0,150000.0
Arista Place,70.0,2,1,3,0,100000.0
Gentry Manor,78.0,2,2,2,0,325641.0256410256
Gentry Manor,56.0,1,1,2,0,321428.5714285714
Gentry Manor,41.0,1,1,2,0,292682.9268292683
Bloom Residences,32.0,2,1,2,0,146562.5
Bloom Residences,32.0,2,1,2,0,143750.0
Gold Residences,25.0,1,1,2,0,232000.0
Raya Garden,56.0,1,1,3,0,116071.42857142857
Calathea Place,31.0,1,1,1,0,124461.29032258065
Calathea Place,31.0,1,1,1,0,122580.64516129032
Calathea Place,31.0,1,1,1,0,123851.6129032258
Amaia Steps Bicutan,32.0,1,1,3,0,131250.0
Gold Residences,42.0,2,1,3,0,327309.5238095238
Calathea Place,31.0,1,1,1,0,124316.12903225806
Azure Urban Resort Residences,49.0,1,1,3,1,163265.306122449
Gold Residences,25.0,1,1,2,0,340000.0
Azure Urban Resort Residences Parañaque,36.0,1,1,3,0,97222.22222222222
Calathea Place,31.0,1,1,1,0,119641.93548387097
Calathea Place,31.0,1,1,1,0,124483.87096774194
Calathea Place,31.0,1,1,1,0,123548.3870967742
Calathea Place,31.0,1,1,1,0,123838.70967741935
Calathea Place,28.0,1,1,1,0,137785.7142857143
Oak Harbor Residences,85.0,1,1,1,0,411764.70588235295
Woodsville Crest 3,35.0,1,1,2,0,217142.85714285713
Woodsville Crest 3,35.0,1,1,1,0,221910.11428571428
Calathea Place,54.0,2,1,1,1,120370.37037037036
Calathea Place,28.0,1,1,1,0,143132.14285714287
Calathea Place,31.0,1,1,1,0,124838.70967741935
Calathea Place,31.0,1,1,1,0,126667.74193548386
Calathea Place,31.0,1,1,1,0,119641.93548387097
Calathea Place,31.0,1,1,1,0,124490.32258064517
Calathea Place,31.0,1,1,1,0,123561.29032258065
Calathea Place,31.0,1,1,1,0,137612.90322580645
Calathea Place,28.0,1,1,1,0,153107.14285714287
Calathea Place,28.0,1,1,1,0,137796.42857142858
Field Residences,24.0,1,1,1,0,200000.0
Field Residences,24.0,1,1,1,0,200000.0
La Verti Residences,57.0,2,1,1,0,117543.85964912281
The Aston Place,30.0,1,1,1,0,212166.66666666666
Palm Beach West,43.0,2,1,1,0,186046.51162790696
Palm Beach West,43.0,2,1,1,0,186046.51162790696
Palm Beach West,43.0,2,1,1,0,186046.51162790696
Palm Beach West,43.0,2,1,1,0,186046.51162790696
Mi Casa,113.0,3,3,1,1,179734.5132743363
Shore Residences,27.0,1,1,1,0,148111.11111111112
Quantum Residences,28.0,1,1,1,0,171428.57142857142
Quantum Residences,28.0,1,1,1,0,171428.57142857142
La Verti Residences,57.0,2,1,1,0,117543.85964912281
Bay Garden,46.0,1,1,2,1,173913.04347826086
The Parkside Villas,111.0,3,3,2,0,252252.25225225225
The Parkside Villas,141.0,4,2,2,2,198581.56028368796
La Verti Residences,31.0,1,1,1,0,161290.32258064515
Bay Garden,46.0,1,1,3,1,173913.04347826086
Bay Garden,46.0,1,1,2,1,173913.04347826086
Bay Garden,46.0,1,1,2,1,173913.04347826086
Bay Garden,46.0,1,1,2,1,173913.04347826086
Bay Garden,46.0,1,1,2,1,173913.04347826086
La Verti Residences,57.0,2,1,1,1,140350.87719298244
Shore Residences,24.0,1,1,3,0,137500.0
Shore Residences,24.0,1,1,3,0,137500.0
Palm Beach West,38.0,2,1,2,0,218421.05263157896
Palm Beach West,38.0,2,1,2,0,218421.05263157896
Anissa Heights,16.0,1,1,1,0,193662.5
Palm Beach West,38.0,2,1,2,0,218421.05263157896
Quantum Residences,49.0,2,1,2,1,204081.6326530612
Avida Towers Prime Taft,37.0,1,1,3,0,133783.7837837838
The Radiance Manila Bay – South Tower,40.0,1,1,2,0,162500.0
Shore Residences,27.0,1,1,3,0,114814.81481481482
Shore 3 Residences,33.0,1,1,1,0,242424.24242424243
Shore 3 Residences,33.0,1,1,1,0,242424.24242424243
Shore 3 Residences,33.0,1,1,1,0,242424.24242424243
Shore 3 Residences,33.0,1,1,1,0,242424.24242424243
Shore 3 Residences,33.0,1,1,1,0,242424.24242424243
Shore 3 Residences,33.0,1,1,2,0,242424.24242424243
Shore 3 Residences,33.0,1,1,2,1,242424.24242424243
Shore 3 Residences,33.0,1,1,2,0,242424.24242424243
Shore 3 Residences,33.0,1,1,2,0,242424.24242424243
Shore 3 Residences,33.0,1,1,1,0,242424.24242424243
Shore 3 Residences,33.0,1,1,2,0,242424.24242424243
The Parkside Villas,88.0,2,1,3,0,159090.9090909091
Anissa Heights,31.0,1,1,2,0,100000.0
Quantum Residences,49.0,2,1,1,0,180693.8775510204
Quantum Residences,49.0,2,1,1,0,180693.8775510204
Quantum Residences,49.0,2,1,1,0,180693.8775510204
Quantum Residences,49.0,2,1,1,0,180693.8775510204
Quantum Residences,49.0,2,1,1,0,180693.8775510204
Quantum Residences,49.0,2,1,1,0,180693.8775510204
La Verti Residences,57.0,2,1,1,0,117543.85964912281
Quantum Residences,49.0,2,1,1,1,197959.18367346938
Shore Residences,24.0,1,1,3,0,137500.0
Fairway Terraces,56.0,2,1,3,1,196071.42857142858
S Residences,26.0,1,1,1,0,256700.0
Shore 3 Residences,32.0,1,1,1,0,353031.25
S Residences,26.0,1,1,1,0,176923.07692307694
La Verti Residences,57.0,2,1,1,0,117543.85964912281
La Verti Residences,31.0,1,1,1,0,161290.32258064515
Six Senses Residences,109.0,3,3,2,1,137614.67889908256
Six Senses Residences,109.0,3,3,2,1,137614.67889908256
Coast Residences,26.0,1,1,3,0,248769.23076923078
Breeze Residences,66.0,2,2,3,0,237848.9090909091
Breeze Residences,26.0,1,1,3,0,197734.07692307694
One Palm Tree Villas,58.0,2,1,2,1,206896.55172413794
S Residences,26.0,1,1,1,0,192307.6923076923
Quantum Residences,49.0,2,1,1,1,193877.55102040817
Palm Beach West,38.0,2,1,1,0,345526.3157894737
Palm Beach West,40.0,2,1,1,0,338750.0
Palm Beach West,38.0,2,1,1,0,339473.6842105263
Palm Beach West,39.0,2,1,1,0,335128.2051282051
Palm Beach West,52.0,2,1,1,0,338653.8461538461
Palm Beach West,37.0,2,1,1,0,341621.6216216216
Palm Beach West,39.0,2,1,1,0,339487.1794871795
Palm Beach West,40.0,2,1,1,0,338750.0
Palm Beach West,39.0,2,1,1,0,336410.25641025644
Palm Beach West,40.0,2,1,1,0,338500.0
Palm Beach West,39.0,2,1,1,0,335384.6153846154
Palm Beach West,39.0,2,1,1,0,339230.76923076925
Palm Beach West,38.0,2,1,1,0,345789.4736842105
Palm Beach West,39.0,2,1,1,0,348717.9487179487
Palm Beach West,38.0,2,1,1,0,336052.63157894736
Palm Beach West,38.0,2,1,1,0,345789.4736842105
Shell Residences,28.0,1,1,2,1,171428.57142857142
Shell Residences,26.0,1,1,2,0,146153.84615384616
Palm Beach West,49.0,2,1,1,0,344489.79591836734
Palm Beach West,38.0,2,1,1,0,345526.3157894737
Six Senses Residences,109.0,3,3,2,1,137614.67889908256
Palm Beach West,62.0,2,1,1,0,310806.4516129032
Palm Beach West,39.0,1,1,1,0,153846.15384615384
Palm Beach West,38.0,1,1,1,0,150000.0
Coast Residences,26.0,1,1,3,0,146153.84615384616
Avida Towers Prime Taft,22.0,1,1,1,0,159090.9090909091
81 Newport BLVD,33.0,1,1,2,0,181818.18181818182
Sea Residences,47.0,2,2,3,0,148936.17021276595
Palm Beach West,38.0,2,1,1,0,345526.3157894737
Palm Beach West,87.0,3,1,1,0,353908.0459770115
Shore Residences,27.0,1,1,1,0,251851.85185185185
Shore Residences,59.0,2,2,1,0,169491.5254237288
Palm Beach West,38.0,2,1,1,0,337105.2631578947
Palm Beach West,38.0,2,1,1,0,337105.2631578947
Mi Casa,64.0,2,1,1,0,342187.5
Mi Casa,66.0,2,1,1,0,297121.2121212121
Mi Casa,45.0,1,1,1,0,362000.0
Mi Casa,62.0,2,1,1,0,316290.32258064515
Mi Casa,63.0,2,1,1,0,311269.84126984124
Mi Casa,119.0,3,1,1,0,295798.3193277311
Mi Casa,64.0,2,1,1,0,358125.0
Mi Casa,61.0,2,1,1,0,342295.08196721313
Mi Casa,113.0,3,1,1,0,340973.45132743364
Mi Casa,64.0,2,1,1,0,344218.75
Mi Casa,66.0,2,1,1,0,298787.8787878788
Mi Casa,45.0,1,1,1,0,364222.22222222225
Mi Casa,65.0,2,1,1,0,291692.3076923077
Mi Casa,62.0,2,1,1,0,318064.51612903224
Mi Casa,63.0,2,1,1,0,313015.873015873
Mi Casa,119.0,3,1,1,0,297563.02521008404
Mi Casa,61.0,2,1,1,0,344262.2950819672
Mi Casa,66.0,2,1,1,0,336969.69696969696
Mi Casa,65.0,2,1,1,0,293384.6153846154
Mi Casa,62.0,2,1,1,0,320000.0
Mi Casa,64.0,2,1,1,0,330156.25
Mi Casa,61.0,2,1,1,0,346393.4426229508
Mi Casa,66.0,2,1,1,0,302424.24242424243
Mi Casa,62.0,2,1,1,0,321935.48387096776
Mi Casa,116.0,3,1,1,0,327068.9655172414
Mi Casa,61.0,2,1,1,0,348524.59016393445
The Aston Place,52.0,2,1,1,0,170807.6923076923
Mi Casa,64.0,2,1,1,0,350468.75
Mi Casa,66.0,2,1,1,0,304242.42424242425
Mi Casa,45.0,1,1,1,0,358197.5111111111
Mi Casa,84.0,2,1,1,0,318333.3333333333
Mi Casa,65.0,2,1,1,0,296923.07692307694
Mi Casa,62.0,2,1,1,0,323870.96774193546
Mi Casa,63.0,2,1,1,0,318730.15873015876
Mi Casa,119.0,3,1,1,0,302941.17647058825
Mi Casa,116.0,3,1,1,0,329051.724137931
Mi Casa,113.0,3,1,1,0,337787.610619469
Mi Casa,61.0,2,1,1,0,350491.8032786885
Mi Casa,64.0,2,1,1,0,334062.5
Mi Casa,113.0,3,1,1,0,371415.9292035398
Mi Casa,64.0,2,1,1,0,375000.0
Mi Casa,66.0,2,1,1,0,325606.0606060606
Mi Casa,45.0,1,1,1,0,396888.8888888889
Mi Casa,65.0,2,1,1,0,317692.3076923077
Mi Casa,62.0,2,1,1,0,346612.9032258064
Mi Casa,63.0,2,1,1,0,341111.1111111111
Mi Casa,119.0,3,1,1,0,324117.64705882355
Mi Casa,116.0,3,1,1,0,352068.9655172414
Mi Casa,113.0,3,1,1,0,361415.9292035398
Mi Casa,64.0,2,1,1,0,357500.0
Mi Casa,61.0,2,1,1,0,375081.9672131148
Mi Casa,137.0,3,1,1,0,269635.03649635037
Mi Casa,64.0,2,1,1,0,330000.0
Mi Casa,66.0,2,1,1,0,286515.1515151515
Palm Beach West,38.0,2,1,1,0,345263.15789473685
Mi Casa,64.0,2,1,1,0,332031.25
Mi Casa,45.0,1,1,1,0,332566.0
Mi Casa,65.0,2,1,1,0,281230.76923076925
Mi Casa,62.0,2,1,1,0,306935.48387096776
Mi Casa,63.0,2,1,1,0,302063.49206349207
Mi Casa,119.0,3,1,1,0,286974.7899159664
Mi Casa,116.0,3,1,1,0,311724.1379310345
Mi Casa,113.0,3,1,1,0,320000.0
Mi Casa,64.0,2,1,1,0,316562.5
Mi Casa,113.0,3,1,1,0,330884.9557522124
Mi Casa,64.0,2,1,1,0,334062.5
Mi Casa,62.0,2,1,1,0,308709.67741935485
Mi Casa,63.0,2,1,1,0,303809.5238095238
Mi Casa,119.0,3,1,1,0,288739.49579831935
Mi Casa,116.0,3,1,1,0,313620.6896551724
Mi Casa,113.0,3,1,1,0,321946.90265486727
Mi Casa,64.0,2,1,1,0,318437.5
Mi Casa,64.0,2,1,1,0,336093.75
Mi Casa,66.0,2,1,1,0,328181.8181818182
Mi Casa,62.0,2,1,1,0,310645.1612903226
Mi Casa,63.0,2,1,1,0,305714.28571428574
Mi Casa,119.0,3,1,1,0,290504.2016806723
Mi Casa,116.0,3,1,1,0,315517.2413793103
Mi Casa,64.0,2,1,1,0,351718.75
Mi Casa,113.0,3,1,1,0,323893.80530973454
Mi Casa,64.0,2,1,1,0,320468.75
Mi Casa,61.0,2,1,1,0,336229.5081967213
Mi Casa,64.0,2,1,1,0,340156.25
Mi Casa,66.0,2,1,1,0,295303.0303030303
Mi Casa,45.0,1,1,1,0,360000.0
Mi Casa,84.0,2,1,1,0,309047.61904761905
Mi Casa,62.0,2,1,1,0,314354.8387096774
Mi Casa,63.0,2,1,1,0,309365.07936507935
Mi Casa,119.0,3,1,1,0,293949.5798319328
Mi Casa,116.0,3,1,1,0,319310.3448275862
Mi Casa,64.0,2,1,1,0,355937.5
Mi Casa,113.0,3,1,1,0,327787.610619469
Mi Casa,64.0,2,1,1,0,340156.25
Mi Casa,62.0,2,1,1,0,314354.8387096774
Mi Casa,63.0,2,1,1,0,309365.07936507935
Mi Casa,116.0,3,1,1,0,319310.3448275862
Mi Casa,64.0,2,1,1,0,355937.5
Mi Casa,64.0,2,1,1,0,324218.75
Mi Casa,61.0,2,1,1,0,340163.9344262295
Bay Garden Club and Residences,40.0,1,1,2,0,200000.0
The Parkside Villas,100.0,3,3,3,0,150000.0
Savoy Hotel Manila,21.0,1,1,3,0,350000.0
Breeze Residences,27.0,1,1,3,0,140740.74074074073
Anissa Heights,26.0,1,1,1,0,107259.23076923077
La Verti Residences,57.0,2,1,1,1,140350.87719298244
The Aston Place,56.0,2,1,3,1,155357.14285714287
81 Newport Boulevard,33.0,1,1,3,1,178787.87878787878
Pinecrest Residential Resort,123.0,3,3,1,1,138211.38211382114
Savoy Hotel Manila,22.0,1,1,3,0,304545.45454545453
Two Palm Tree Villas,62.0,2,2,3,1,256451.61290322582
Bay Garden Club and Residences,42.0,1,1,1,1,190238.09523809524
Avida Towers Prime Taft,36.0,1,1,1,0,152500.0
Palm Beach West,39.0,2,1,1,0,233333.33333333334
Palm Beach West,43.0,2,1,1,0,232558.13953488372
Palm Beach West,43.0,2,1,1,0,232558.13953488372
Antel Seaview Towers,40.0,1,1,3,1,162500.0
Bay Garden Club and Residences,66.0,2,1,2,1,209545.45454545456
Sea Residences,24.0,1,1,3,0,133333.33333333334
The Parkside Villa,84.0,2,2,2,1,132619.04761904763
One Palm Tree Villas,58.0,2,1,3,1,290585.0344827586
Sarasota Residential Resort,72.0,2,3,3,1,166666.66666666666
Palm Beach West,38.0,2,1,2,0,218444.73684210525
Pinecrest Residential Resort,77.0,2,2,3,1,214285.7142857143
Pinecrest Residential Resort,77.0,2,2,3,1,214285.7142857143
Palm Beach West,38.0,2,1,2,0,218421.05263157896
Palm Beach West,38.0,2,1,2,0,218421.05263157896
Sail Residences,37.0,1,1,3,0,189189.1891891892
Quantum Residences,38.0,2,1,1,0,147368.42105263157
Palm Beach West,38.0,2,1,1,0,147368.42105263157
Palm Beach West,38.0,2,1,1,0,147368.42105263157
Palm Beach West,38.0,2,1,2,0,218421.05263157896
Palm Beach West,38.0,2,1,1,0,147368.42105263157
Quantum Residences,38.0,2,1,1,0,147368.42105263157
Quantum Residences,38.0,2,1,1,0,147368.42105263157
Palm Beach West,26.0,2,1,1,0,215384.61538461538
Quantum Residences,38.0,2,1,1,0,147368.42105263157
Palm Beach West,38.0,2,1,1,0,147368.42105263157
Quantum Residences,38.0,2,1,1,0,147368.42105263157
Palm Beach West,38.0,2,1,1,0,147368.42105263157
Palm Beach West,38.0,2,1,2,0,218421.05263157896
Palm Beach West,38.0,2,1,2,0,220789.47368421053
Palm Beach West,38.0,2,1,2,0,221052.63157894736
Palm Beach West,38.0,2,1,2,0,220789.47368421053
Palm Beach West,38.0,2,1,2,0,216026.31578947368
Palm Beach West,38.0,2,1,2,0,218421.05263157896
Palm Beach West,38.0,2,1,2,0,218421.05263157896
Palm Beach West,38.0,2,1,2,0,218421.05263157896
Palm Beach West,38.0,2,1,2,0,218421.05263157896
Palm Beach West,38.0,2,1,2,0,218421.05263157896
Palm Beach West,38.0,2,1,2,0,218421.05263157896
Palm Beach West,38.0,2,1,2,0,218421.05263157896
Palm Beach West,38.0,2,1,2,0,218421.05263157896
Palm Beach West,38.0,2,1,2,0,218421.05263157896
Palm Beach West,38.0,2,1,2,0,218421.05263157896
Palm Beach West,38.0,2,1,2,0,197105.26315789475
Palm Beach West,38.0,2,1,2,0,220789.47368421053
Palm Beach West,37.0,2,1,2,0,226756.75675675675
Palm Beach West,38.0,2,1,2,0,220789.47368421053
Palm Beach West,38.0,2,1,2,0,220789.47368421053
Palm Beach West,38.0,2,1,2,0,220789.47368421053
Palm Beach West,38.0,2,1,2,0,220789.47368421053
Palm Beach West,38.0,2,1,2,0,218421.05263157896
Palm Beach West,38.0,2,1,2,0,218421.05263157896
Palm Beach West,38.0,2,1,2,0,218421.05263157896
Quantum Residences,26.0,2,1,1,0,175384.61538461538
Quantum Residences,26.0,2,1,1,0,175384.61538461538
Palm Beach West,38.0,2,1,2,0,218444.73684210525
Quantum Residences,26.0,2,1,1,0,175384.61538461538
Palm Beach West,38.0,2,1,2,0,220789.47368421053
Palm Beach West,38.0,2,1,2,0,219473.68421052632
Quantum Residences,26.0,2,1,1,0,175384.61538461538
Palm Beach West,38.0,2,1,2,0,218444.73684210525
Palm Beach West,38.0,2,1,2,0,218421.05263157896
Palm Beach West,38.0,2,1,2,0,218444.73684210525
Palm Beach West,38.0,2,1,2,0,218421.05263157896
Palm Beach West,38.0,2,1,2,0,218444.73684210525
Palm Beach West,38.0,2,1,1,0,147368.42105263157
Palm Beach West,38.0,2,1,2,0,218421.05263157896
Palm Beach West,38.0,2,1,2,0,221052.63157894736
Palm Beach West,38.0,2,1,2,0,221052.63157894736
Palm Beach West,38.0,2,1,2,0,218421.05263157896
Palm Beach West,38.0,2,1,2,0,218421.05263157896
Palm Beach West,38.0,2,1,2,0,221052.63157894736
Palm Beach West,38.0,2,1,2,0,218657.8947368421
Palm Beach West,38.0,2,1,2,0,221052.63157894736
Palm Beach West,38.0,2,1,2,0,218444.73684210525
Palm Beach West,38.0,2,1,2,0,223421.05263157896
Palm Beach West,38.0,2,1,2,0,218421.05263157896
Palm Beach West,38.0,2,1,2,0,218444.73684210525
Palm Beach West,38.0,2,1,2,0,218421.05263157896
Palm Beach West,38.0,2,1,2,0,220789.47368421053
Palm Beach West,38.0,2,1,2,0,218444.73684210525
Palm Beach West,38.0,2,1,2,0,218421.05263157896
Palm Beach West,38.0,2,1,2,0,218421.05263157896
Quantum Residences,26.0,2,1,1,0,175384.61538461538
Quantum Residences,26.0,2,1,1,0,175384.61538461538
Quantum Residences,26.0,2,1,1,0,175384.61538461538
Quantum Residences,26.0,1,1,1,0,175384.61538461538
Palm Beach West,38.0,2,1,2,0,220789.47368421053
Palm Beach West,38.0,2,1,2,0,192128.94736842104
Palm Beach West,38.0,2,1,2,0,221052.63157894736
Quantum Residences,26.0,2,1,1,0,175384.61538461538
Shore 3 Residences,26.0,1,1,1,0,55384.61538461538
Palm Beach West,38.0,2,1,2,0,218444.73684210525
Palm Beach West,38.0,2,1,2,0,218444.73684210525
Palm Beach West,38.0,2,1,2,0,218444.73684210525
Palm Beach West,38.0,2,1,2,0,221076.31578947368
Palm Beach West,38.0,2,1,2,0,221052.63157894736
Palm Beach West,38.0,2,1,2,0,218444.73684210525
Palm Beach West,38.0,2,1,2,0,220789.47368421053
Palm Beach West,38.0,2,1,2,0,221076.31578947368
Palm Beach West,38.0,2,1,2,0,221076.31578947368
Palm Beach West,38.0,2,1,2,0,221052.63157894736
Palm Beach West,38.0,2,1,2,0,221052.63157894736
Palm Beach West,38.0,2,1,2,0,221052.63157894736
Palm Beach West,38.0,2,1,2,0,220789.47368421053
Palm Beach West,38.0,2,1,2,0,220789.47368421053
Palm Beach West,38.0,2,1,2,0,221076.31578947368
Palm Beach West,38.0,2,1,2,0,221052.63157894736
Quantum Residences,28.0,1,1,1,0,153571.42857142858
Palm Beach West,38.0,2,1,2,0,221052.63157894736
Palm Beach West,38.0,2,1,2,0,218421.05263157896
Palm Beach West,38.0,2,1,2,0,194473.68421052632
Palm Beach West,38.0,2,1,2,0,221052.63157894736
Palm Beach West,38.0,2,1,2,0,221052.63157894736
Palm Beach West,38.0,2,1,2,0,148684.2105263158
Quantum Residences,28.0,1,1,1,0,153571.42857142858
Bay Garden,147.0,3,2,2,1,129251.70068027212
Palm Beach West,38.0,2,1,2,0,194473.68421052632
Palm Beach West,38.0,2,1,2,0,191842.1052631579
Palm Beach West,38.0,2,1,2,0,194473.68421052632
Palm Beach West,38.0,2,1,2,0,194473.68421052632
Palm Beach West,38.0,2,1,2,0,194473.68421052632
Palm Beach West,38.0,2,1,2,0,194473.68421052632
Palm Beach West,38.0,2,1,2,0,194473.68421052632
Palm Beach West,38.0,2,1,2,0,194473.68421052632
Palm Beach West,38.0,2,1,2,0,194473.68421052632
Palm Beach West,38.0,2,1,2,0,194473.68421052632
Palm Beach West,38.0,2,1,2,0,194473.68421052632
Palm Beach West,38.0,2,1,2,0,194473.68421052632
Palm Beach West,38.0,2,1,2,0,194473.68421052632
Palm Beach West,38.0,2,1,2,0,194473.68421052632
Palm Beach West,38.0,2,1,2,0,192105.26315789475
Palm Beach West,38.0,2,1,2,1,192105.26315789475
Palm Beach West,38.0,2,1,2,1,192342.1052631579
Palm Beach West,38.0,2,1,2,0,194473.68421052632
Palm Beach West,38.0,2,1,2,0,194473.68421052632
Palm Beach West,38.0,2,1,2,0,194473.68421052632
Palm Beach West,38.0,2,1,2,0,194473.68421052632
Palm Beach West,38.0,2,1,2,0,194473.68421052632
Palm Beach West,38.0,2,1,2,0,194473.68421052632
The Arton by Rockwell,84.0,2,2,1,1,188095.2380952381
Valencia Hills,125.0,3,2,1,2,136000.0
Eastwood Excelsior,48.0,1,1,1,1,131250.0
Valencia Hills,56.0,1,2,1,0,142271.42857142858
One Eastwood Avenue Tower 2,30.0,1,1,3,0,216666.66666666666
Orean Place at Vertis North,34.0,1,1,2,1,328571.4411764706
Orean Place,67.0,1,1,2,1,370868.8656716418
Orean Place at Vertis North,96.0,2,2,2,2,292001.4895833333
Orean Place,102.0,2,3,2,2,353641.46078431373
The Erin Heights,58.0,2,1,1,0,136103.44827586206
Orean Place,118.0,3,4,2,2,283672.36440677964
One Delta Terraces,85.0,3,2,1,0,203764.70588235295
The Crestmont,57.0,2,1,1,0,176140.35087719298
The Crestmont,57.0,2,1,1,0,177333.33333333334
Victoria Towers,22.0,1,1,1,0,204545.45454545456
Victoria Towers,22.0,1,1,1,0,204545.45454545456
Victoria Sports Tower,22.0,1,1,1,0,204545.45454545456
Victoria Sports Tower,22.0,1,1,1,0,204545.45454545456
Victoria Sports Tower,22.0,1,1,1,0,204545.45454545456
Victoria Sports Tower,22.0,1,1,1,0,204545.45454545456
Victoria Sports Tower,22.0,1,1,1,0,204545.45454545456
Victoria Sports Tower,22.0,1,1,1,0,204545.45454545456
Victoria Sports Tower,22.0,1,1,1,0,204545.45454545456
Victoria Sports Tower,22.0,1,1,1,0,204545.45454545456
Victoria Sports Tower,22.0,1,1,1,0,204545.45454545456
Victoria Sports Tower,22.0,1,1,1,0,204545.45454545456
Victoria Sports Tower,22.0,1,1,1,0,204545.45454545456
Victoria Sports Tower,22.0,1,1,1,0,204545.45454545456
Victoria Sports Tower,22.0,1,1,1,0,204545.45454545456
Victoria Sports Tower,22.0,1,1,1,0,204545.45454545456
Olympic Heights Tower,154.0,3,3,2,0,155844.15584415584
Berkeley Residences,20.0,1,1,3,0,175000.0
The Crestmont,84.0,3,1,1,1,177976.19047619047
S Residences,141.0,3,3,2,2,354656.4893617021
The Crestmont,66.0,2,1,1,1,181060.60606060605
Avida Towers Vita,20.0,1,1,1,0,245000.0
Avida Towers Vita,20.0,1,1,1,0,245000.0
Avida Towers Vita,20.0,1,1,1,0,245000.0
Avida Towers Vita,20.0,1,1,1,0,245000.0
Avida Towers Vita,20.0,1,1,1,0,245000.0
Avida Towers Vita,20.0,1,1,1,0,245000.0
Avida Towers Vita,20.0,1,1,1,0,245000.0
Avida Towers Vita,20.0,1,1,1,0,245000.0
Avida Towers Vita,20.0,1,1,1,0,245000.0
Avida Towers Vita,20.0,1,1,1,0,245000.0
Avida Towers Vita,20.0,1,1,1,0,245000.0
Avida Towers Vita,20.0,1,1,1,0,245000.0
Gilmore Tower,58.0,3,2,2,0,137000.0
Gilmore Tower,36.0,1,1,2,0,137000.0
The Amaryllis,85.0,4,2,3,0,152941.17647058822
Shang Summit,88.0,2,2,2,1,344000.0
Shang Summit,39.0,1,1,1,0,280589.74358974356
Victoria Sports Tower,22.0,1,1,1,0,204545.45454545456
Victoria Sports Tower,22.0,1,1,1,0,204545.45454545456
Victoria Sports Tower,22.0,1,1,1,0,204545.45454545456
Victoria Sports Tower,22.0,1,1,1,0,204545.45454545456
Victoria Sports Tower,22.0,1,1,1,0,204545.45454545456
Victoria Sports Tower,22.0,1,1,1,0,204545.45454545456
Victoria Sports Tower,22.0,1,1,1,0,204545.45454545456
Victoria Sports Tower,22.0,1,1,1,0,204545.45454545456
Victoria Sports Tower,22.0,1,1,1,0,204545.45454545456
Victoria Sports Tower,22.0,1,1,1,0,204545.45454545456
Avida Towers Vita,20.0,1,1,1,0,245000.0
Avida Towers Vita,20.0,1,1,1,0,245000.0
Avida Towers Vita,20.0,1,1,1,0,245000.0
Avida Towers Vita,20.0,1,1,1,0,245000.0
Avida Towers Vita,20.0,1,1,1,0,245000.0
Avida Towers Vita,20.0,1,1,1,0,245000.0
Avida Towers Vita,20.0,1,1,1,0,245000.0
Avida Towers Vita,20.0,1,1,1,0,245000.0
Avida Towers Vita,20.0,1,1,1,0,245000.0
Avida Towers Vita,20.0,1,1,1,0,245000.0
Berkeley Residences,20.0,1,1,3,1,230000.0
53 Benitez,64.0,2,2,2,1,150000.0
One Orchard Road,73.0,1,2,1,1,113698.6301369863
The Crestmont,57.0,2,1,1,0,175842.1052631579
Torre Lorenzo Loyola,52.0,1,1,2,1,244615.38461538462
Manhattan Parkview,63.0,2,2,2,0,142857.14285714287
The Orabella,57.0,2,1,1,0,113157.8947368421
Royal Palm Residences,66.0,2,1,1,0,81818.18181818182
Suntrust Shanata,37.0,2,1,1,0,210810.8108108108
MIRA,26.0,1,1,2,1,192307.6923076923
One Orchard Road,57.0,1,1,3,0,96491.22807017544
One Orchard Road,57.0,1,1,1,0,90000.0
Haraya Residences,167.0,3,3,2,2,269461.07784431137
Haraya Residences,209.0,3,3,2,2,269464.1100478469
Haraya Residences,108.0,2,2,2,1,237551.90740740742
Haraya Residences,127.0,2,2,2,1,227471.55905511812
Haraya Residences,127.0,2,2,2,1,226236.2125984252
Haraya Residences,108.0,2,2,2,2,237972.21296296295
Cameron Residences,83.0,3,2,1,1,126506.02409638555
Haraya Residences,68.0,1,1,2,1,220588.2205882353
Avida Towers Vita,20.0,1,1,1,0,245000.0
Avida Towers Vita,20.0,1,1,1,0,245000.0
Avida Towers Vita,20.0,1,1,1,0,245000.0
Avida Towers Vita,20.0,1,1,1,0,245000.0
Avida Towers Vita,20.0,1,1,1,0,245000.0
Avida Towers Vita,20.0,1,1,1,0,245000.0
Avida Towers Vita,20.0,1,1,1,0,245000.0
Avida Towers Vita,20.0,1,1,1,0,245000.0
Avida Towers Vita,20.0,1,1,1,0,245000.0
Valencia Hills,122.0,3,4,1,0,130570.4918032787
Valencia Hills,101.0,3,4,1,0,144372.27722772278
Valencia Hills,89.0,2,2,1,0,144961.79775280898
"The Magnolia residences – Tower A, B, and C",63.0,2,2,2,0,164920.6349206349
Shang Summit,88.0,2,3,1,1,344568.1818181818
Shang Summit,61.0,1,1,1,1,343540.98360655736
Shang Summit,37.0,1,1,1,0,305648.64864864864
Shang Summit,88.0,2,2,2,0,454545.45454545453
Shang Summit,158.0,3,3,2,0,367088.60759493674
Valencia Hills,50.0,1,1,1,0,153696.0
One Orchard Road,57.0,1,1,3,1,126315.78947368421
Shang Summit,160.0,3,3,2,2,268837.49375
Shang Summit,160.0,3,3,2,2,268837.49375
Shang Summit,112.0,2,2,2,2,266865.0714285714
Shang Summit,112.0,2,2,2,2,276785.71428571426
Shang Summit,112.0,2,2,2,2,269096.41964285716
Shang Summit,89.0,2,2,2,1,236839.44943820225
Shang Summit,59.0,1,1,2,1,252440.6779661017
Shang Summit,59.0,1,1,2,1,252354.0338983051
Shang Summit,59.0,1,1,2,1,250000.0
Shang Summit,51.0,1,1,2,0,222968.17647058822
Shang Summit,37.0,1,1,2,0,223672.64864864864
Berkeley Residences,24.0,1,1,1,0,142333.33333333334
Grand Tower,56.0,1,2,3,1,123600.0
The Arton by Rockwell,103.0,3,3,1,2,233009.70873786407
One Orchard Road,73.0,2,2,1,1,107534.24657534246
MIRA,40.0,1,1,1,0,236050.0
Skyline Premiere at One Balete,104.0,2,2,3,0,197115.38461538462
The Lattice at Parklinks,33.0,1,1,1,0,424242.42424242425
Sentrove at Cloverleaf,32.0,1,1,1,0,375000.0
Orean Place,34.0,1,1,1,0,382352.9411764706
Circulo Verde,70.0,2,2,2,1,185714.2857142857
Circulo Verde,67.0,2,2,2,1,171641.79104477612
Calle Centrale,28.0,1,1,1,0,221428.57142857142
Glam Residences,23.0,1,1,1,0,256521.73913043478
Vine Residences,29.0,2,1,1,0,127758.62068965517
The Erin Heights,31.0,1,1,2,0,190322.5806451613
Manhattan Plaza,41.0,1,1,2,0,185365.8536585366
The Residences at Commonwealth,38.0,1,1,3,1,105263.15789473684
Prosperity Heights,54.0,2,2,1,1,174629.62962962964
Greenhills Garden Square,115.0,3,3,2,2,86956.52173913043
Studio 7,23.0,1,1,3,0,173913.04347826086
The Crestmont,66.0,2,1,2,1,196969.69696969696
Eastwood LeGrand,62.0,1,2,3,0,193548.38709677418
One Eastwood Avenue,26.0,1,1,3,0,163500.0
One Central Park,60.0,2,1,3,0,150000.0
The Arton by Rockwell,49.0,1,1,3,1,244897.95918367346
Victoria Sports Tower,22.0,1,1,1,0,204545.45454545456
Victoria Sports Tower,22.0,1,1,1,0,204545.45454545456
Victoria Sports Tower,22.0,1,1,1,0,204545.45454545456
Victoria Sports Tower,22.0,1,1,1,0,204545.45454545456
Victoria Sports Tower,22.0,1,1,1,0,204545.45454545456
Victoria Sports Tower,22.0,1,1,1,0,204545.45454545456
Victoria Sports Tower,22.0,1,1,1,0,204545.45454545456
Victoria Sports Tower,22.0,1,1,1,0,204545.45454545456
Victoria Sports Tower,22.0,1,1,1,0,204545.45454545456
Avida Towers Vita,20.0,1,1,1,0,245000.0
Avida Towers Vita,20.0,1,1,1,0,245000.0
Avida Towers Vita,20.0,1,1,1,0,245000.0
Avida Towers Vita,20.0,1,1,1,0,245000.0
Avida Towers Vita,20.0,1,1,1,0,245000.0
Avida Towers Vita,20.0,1,1,1,0,245000.0
Avida Towers Vita,20.0,1,1,1,0,245000.0
Avida Towers Vita,20.0,1,1,1,0,245000.0
Avida Towers Vita,20.0,1,1,1,0,245000.0
Avida Towers Vita,20.0,1,1,1,0,245000.0
The Arton by Rockwell,84.0,2,2,1,1,188095.2380952381
One Delta Terraces,85.0,3,2,1,0,208011.76470588235
Zinnia Towers,71.0,2,2,1,0,100000.0
One Castilla Place,54.0,2,2,2,1,140740.74074074073
The Oriana,70.0,2,1,1,0,121000.0
Viera Residences,55.0,2,1,1,1,121418.18181818182
Eastwood Excelsior,48.0,1,1,1,1,131250.0
Magnolia Place,64.0,2,1,3,0,78125.0
One Katipunan Residences,26.0,1,1,3,0,240532.61538461538
One Orchard Road,57.0,1,1,3,1,105263.15789473684
INFINA TOWERS,32.0,1,1,1,1,154687.5
The Arton by Rockwell,95.0,3,2,1,2,231578.94736842104
The Crestmont,46.0,2,1,1,0,239130.4347826087
53 Benitez,95.0,3,2,2,1,168421.05263157896
The Magnolia Residences,63.0,2,3,2,0,171428.57142857142
One Castilla Place,54.0,2,1,1,2,203703.7037037037
Avida Towers Sola,22.0,1,1,1,0,204545.45454545456
One Eastwood Avenue Tower 2,117.0,3,3,3,2,239316.2393162393
The Xavier Hills,114.0,4,4,3,0,87719.29824561403
One Castilla Place,81.0,3,2,1,0,154320.98765432098
8 Benitez Suites,92.0,2,2,1,0,358695.652173913
Magnolia Place,82.0,3,2,1,0,95121.9512195122
Zinnia Towers,54.0,2,1,1,0,108333.33333333333
Manhattan Plaza,29.0,1,1,2,0,193103.44827586206
Manhattan Plaza,86.0,2,2,2,0,174418.60465116278
Victoria Sports Tower,22.0,1,1,1,0,204545.45454545456
Victoria Sports Tower,22.0,1,1,1,0,204545.45454545456
Victoria Sports Tower,22.0,1,1,1,0,204545.45454545456
Victoria Sports Tower,22.0,1,1,1,0,204545.45454545456
Victoria Sports Tower,22.0,1,1,1,0,204545.45454545456
Victoria Sports Tower,22.0,1,1,1,0,204545.45454545456
Victoria Sports Tower,22.0,1,1,1,0,204545.45454545456
Victoria Sports Tower,22.0,1,1,1,0,204545.45454545456
Victoria Sports Tower,22.0,1,1,1,0,204545.45454545456
Victoria Sports Tower,22.0,1,1,1,0,204545.45454545456
Verde Spatial,32.0,2,1,1,0,140625.0
Victoria Towers,43.0,2,1,1,0,81395.3488372093
Mezza 2 Residences,28.0,1,1,3,0,178571.42857142858
Avida Towers Vita,20.0,1,1,1,0,245000.0
Avida Towers Vita,20.0,1,1,1,0,245000.0
Avida Towers Vita,20.0,1,1,1,0,245000.0
Avida Towers Vita,20.0,1,1,1,0,245000.0
Avida Towers Vita,20.0,1,1,2,0,245000.0
Avida Towers Vita,20.0,1,1,1,0,245000.0
Avida Towers Vita,20.0,1,1,1,0,245000.0
Victoria Sports Tower,22.0,1,1,2,0,222727.27272727274
Victoria Sports Tower,22.0,1,1,2,0,204545.45454545456
Victoria Sports Tower,22.0,1,1,2,0,204545.45454545456
Victoria Sports Tower,22.0,1,1,2,0,204545.45454545456
Victoria Sports Tower,22.0,1,1,2,1,204545.45454545456
The Oriana,29.0,1,1,3,0,165448.27586206896
Shang Summit,125.0,2,2,2,0,325032.96
Neopolitan Condominium,24.0,1,1,1,0,148866.66666666666
One Katipunan Residences,26.0,1,1,1,0,249230.76923076922
One Central Park,134.0,3,3,1,1,164179.10447761195
Haraya Residences,209.0,3,3,2,2,272727.2727272727
Shang Summit,160.0,3,3,2,2,271414.0
Shang Summit,37.0,1,1,2,0,227277.83783783784
Shang Summit,51.0,1,1,2,0,221488.0
Zinnia Towers,28.0,1,1,3,0,178571.39285714287
Shang Summit,89.0,2,2,2,1,243779.77528089887
Eastwood LeGrand,90.0,2,2,3,1,148000.0
Greenhills Garden Square,57.0,2,2,1,1,122807.01754385965
Eastwood Lafayette,90.0,2,2,1,0,88888.88888888889
The Residences at Commonwealth,21.0,1,1,1,0,171428.57142857142
Shang Summit,125.0,2,3,1,1,317399.04
Avida Towers Vita,56.0,2,2,2,1,258928.57142857142
Circulo Verde,45.0,1,1,2,0,140000.0
High Park Towers,125.0,3,3,1,1,268000.0
The Arton by Rockwell,73.0,2,2,1,0,222602.7397260274
The Arton by Rockwell,113.0,3,2,1,2,256637.16814159293
Avida Towers Vita,66.0,2,2,3,0,196969.69696969696
Manhattan Parkview,63.0,2,2,1,0,190476.19047619047
Grass Residences,20.0,1,1,2,0,130000.0
The Arton by Rockwell,73.0,2,2,1,1,205479.45205479453
Eastwood Parkview,29.0,1,1,1,0,120689.6551724138
The Orabella,57.0,2,1,1,0,104385.9649122807
Eastwood Parkview,36.0,1,1,3,0,98611.11111111111
Zinnia Towers,41.0,1,1,1,0,110000.0
Viera Residences,28.0,1,1,3,1,201785.7142857143
Eastwood Park Residences,128.0,3,3,1,0,132968.75
INFINA TOWERS,52.0,2,1,1,1,130769.23076923077
Aurora Escalades,22.0,1,1,1,0,195454.54545454544
Vista Pointe Katipunan,21.0,1,1,1,0,227228.57142857142
Vista Pointe Katipunan,21.0,1,1,1,0,222064.2857142857
The Residences at Commonwealth,19.0,1,1,1,0,178947.36842105264
Circulo Verde,47.0,2,1,3,1,210425.53191489363
Robinsons Galleria,30.0,2,1,3,0,148392.13333333333
High Park Towers,105.0,2,2,2,1,247619.04761904763
INFINA TOWERS,48.0,2,1,1,0,116458.33333333333
THE CELANDINE,48.0,2,1,1,0,122916.66666666667
One Orchard Road,73.0,2,1,1,1,109589.04109589041
SkyVillas at One Balete,130.0,2,2,3,0,284615.3846153846
Eastwood LeGrand,105.0,2,2,3,1,166666.66666666666
The Magnolia Residences,49.0,1,1,1,1,357142.85714285716
Galleria Regency,95.0,2,2,1,0,189368.42105263157
Andrea North Towers,104.0,2,2,1,1,197019.23076923078
The Orabella,31.0,1,1,1,0,167741.93548387097
The Arton by Rockwell,96.0,3,1,1,0,229166.66666666666
Berkeley Residences,22.0,1,1,3,0,181363.63636363635
The Magnolia Residences,49.0,1,1,3,1,367346.9387755102
Eastwood LeGrand,101.0,2,2,3,1,178217.82178217822
Zinnia Towers,56.0,2,4,1,0,110357.14285714286
Aurora Escalades,22.0,1,1,1,0,177500.0
Eastwood Parkview,58.0,1,1,2,1,129310.3448275862
Galleria Regency,95.0,2,3,1,1,157894.73684210525
Galleria Regency,95.0,2,2,3,1,189473.68421052632
Galleria Regency,153.0,2,2,2,2,163398.69281045752
Prosperity Heights,54.0,2,2,1,0,129444.44444444444
Galleria Regency,95.0,2,2,3,0,157894.73684210525
Fern at Grass Residences,26.0,1,1,3,0,126923.07692307692
High Park Towers,60.0,1,1,2,0,275000.0
Torre Lorenzo Loyola,55.0,1,1,1,0,243582.18181818182
Torre Lorenzo Loyola,28.0,1,1,1,0,263712.5
Torre Lorenzo Loyola,23.0,1,1,1,0,289894.347826087
Galleria Regency,94.0,2,2,2,1,159574.46808510637
Galleria Regency,107.0,2,2,3,2,140186.91588785045
Galleria Regency,94.0,2,2,2,1,164893.6170212766
The Arton by Rockwell,49.0,1,1,3,0,254897.95918367346
The Arton by Rockwell,96.0,3,2,1,0,208333.33333333334
MIRA,26.0,1,1,1,0,229730.76923076922
Aurora Escalades,22.0,1,1,1,0,177500.0
Eastwood Excelsior,36.0,1,1,1,0,416666.6666666667
INFINA TOWERS,28.0,1,1,1,0,135714.2857142857
The Arton by Rockwell,49.0,1,1,3,1,265306.1224489796
The Oriana,54.0,2,1,1,0,133870.37037037036
THE CELANDINE,29.0,1,1,1,1,175862.06896551725
One Delta Terraces,44.0,2,1,1,0,225000.0
The Crestmont,57.0,2,1,1,0,180701.75438596492
OLYMPIC HEIGHTS,48.0,1,1,3,0,123958.33333333333
Victoria de Morato,36.0,1,1,3,0,180555.55555555556
Skyline Premiere at One Balete,86.0,2,2,2,1,255813.9534883721
Aspire Tower,179.0,3,3,3,0,141187.2905027933
Manhattan Heights,71.0,2,2,1,0,188732.39436619717
The Amaryllis,105.0,3,2,1,0,128571.42857142857
The Amaryllis,85.0,4,2,1,0,200000.0
Avida Towers Sola,47.0,2,1,1,1,274468.08510638296
Valencia Hills,88.0,2,3,1,1,101136.36363636363
Studio A,23.0,1,1,2,0,166695.65217391305
Manhattan Plaza,30.0,1,1,3,0,183333.33333333334
Trees Residences,23.0,1,1,3,0,104347.82608695653
53 Benitez,95.0,3,2,1,1,168421.05263157896
Manhattan Heights,71.0,2,2,1,0,148140.84507042254
Grand Mesa Residences,37.0,2,1,1,0,186146.37837837837
"The Magnolia residences – Tower A, B, and C",114.0,3,2,2,2,250000.0
S Residences,26.0,1,1,3,0,148076.92307692306
Verde Spatial,33.0,2,1,1,0,180818.9393939394
Verde Spatial,33.0,2,1,1,0,180818.9393939394
Orean Place,34.0,1,1,1,0,364176.4705882353
8 Benitez Suites,92.0,2,2,1,1,347826.0869565217
Eastwood LeGrand,28.0,1,1,3,0,142500.0
Vine Residences,28.0,2,1,3,0,135714.2857142857
Suntrust Capitol Plaza,71.0,2,2,3,1,169014.08450704225
High Park at Vertis North,88.0,2,2,2,0,261363.63636363635
Haraya Residences,63.0,1,1,1,0,373015.873015873
Shang Summit,112.0,2,2,1,1,351785.71428571426
One Delta Terraces,85.0,3,2,1,0,200023.5294117647
The Oriana,61.0,2,1,1,0,123803.27868852459
The Erin Heights,140.0,3,4,1,0,153107.14285714287
Grass Residences,51.0,1,2,3,0,166666.66666666666
Eastwood LeGrand,101.0,2,2,3,0,178217.82178217822
Eastwood LeGrand,116.0,3,2,3,1,181034.4827586207
THE CELANDINE,31.0,1,1,3,0,138709.67741935485
ONE BURGUNDY PLAZA,124.0,2,2,1,0,137096.7741935484
The Oriana,70.0,2,1,3,0,119485.71428571429
Cameron Residences,33.0,1,1,3,0,157575.75757575757
The Arton,84.0,2,2,1,1,196428.57142857142
Mezza Residences,61.0,3,2,3,1,114754.09836065574
Seville Residences,46.0,1,2,3,0,163043.47826086957
The Crestmont,66.0,2,1,1,0,159090.9090909091
The Arton by Rockwell,27.0,1,1,2,1,214814.8148148148
S Residences,45.0,2,1,1,0,171301.35555555555
Eastwood Park Residences,128.0,3,3,3,0,132812.5
Victoria de Morato,36.0,1,1,3,0,180555.55555555556
Cameron Residences,83.0,3,2,1,0,132180.72289156626
Haraya Residences,63.0,1,1,1,1,373015.873015873
Vine Residences,28.0,2,1,1,0,107142.85714285714
Hill Residences,28.0,2,1,1,0,107142.85714285714
Vinia Residences,22.0,1,1,3,0,190909.0909090909
Zinnia Towers,54.0,2,1,1,0,108333.33333333333
Hawthorne Heights,21.0,1,1,1,0,285714.28571428574
Senta,55.0,1,1,2,0,147272.72727272726
The Erin Heights,87.0,3,2,1,0,151505.7471264368
The Oriana,54.0,2,1,2,0,143666.66666666666
INFINA TOWERS,48.0,2,2,3,0,135416.66666666666
Cameron Residences,30.0,1,1,1,0,180566.66666666666
Shang Summit,112.0,2,2,1,1,351785.71428571426
Trees Residences,19.0,1,1,3,0,100000.0
53 Benitez,95.0,3,2,1,0,168421.05263157896
INFINA TOWERS,32.0,1,1,1,0,122106.25
El Jardin del Presidente,65.0,1,1,1,1,115384.61538461539
High Park at Vertis North,61.0,1,1,1,0,242622.95081967214
The Crestmont,33.0,1,1,1,0,127272.72727272728
High Park Towers,88.0,2,2,2,0,281818.1818181818
The Crestmont,66.0,2,1,1,0,171151.51515151514
One Delta Terraces,57.0,2,1,1,0,221438.59649122806
53 Benitez,95.0,3,2,1,0,168421.05263157896
The Arton by Rockwell,27.0,1,1,3,1,266666.6666666667
The Crestmont,65.0,2,1,1,0,178523.07692307694
The Crestmont,57.0,2,1,1,0,175842.1052631579
Shang Summit,112.0,2,2,2,0,351785.71428571426
Haraya Residences,63.0,1,1,1,1,373015.873015873
Cameron Residences,66.0,2,1,1,0,130787.87878787878
Grand Mesa Residences,39.0,2,1,1,0,180293.4871794872
The Oriana,30.0,1,1,2,0,168200.0
Cameron Residences,83.0,3,2,2,0,131542.1686746988
Grand Tower,56.0,1,1,3,0,139285.7142857143
Cameron Residences,30.0,1,1,1,0,180566.66666666666
Orean Place,56.0,1,1,1,0,267500.0
Amaia Skies Cubao,18.0,1,1,1,0,200000.0
Amaia Skies Cubao,18.0,1,1,1,0,200000.0
Amaia Skies Cubao,18.0,1,1,1,0,200000.0
Amaia Skies Cubao,33.0,1,1,1,0,181818.18181818182
Amaia Skies Cubao,18.0,1,1,1,0,200000.0
High Park at Vertis North,88.0,2,2,2,0,261363.63636363635
Prince David Condominium,48.0,1,1,1,0,141666.66666666666
High Park at Vertis North,88.0,2,2,2,0,261363.63636363635
The Crestmont,33.0,1,1,1,0,193939.39393939395
Cameron Residences,30.0,1,1,1,0,143333.33333333334
Cameron Residences,66.0,2,1,2,0,104718.71212121213
Cameron Residences,82.0,3,2,2,0,110949.26829268293
Cameron Residences,54.0,2,1,2,0,114694.18518518518
Grass Residences,20.0,1,1,3,0,160000.0
Avida Towers Vita,65.0,2,2,3,0,261538.46153846153
The Magnolia Residences,40.0,1,1,3,0,212500.0
The Oriana,60.0,2,1,2,0,121833.33333333333
The Crestmont,57.0,2,1,2,0,184210.52631578947
One Eastwood Avenue,45.0,1,1,2,0,173333.33333333334
The Erin Heights,84.0,3,2,1,0,138869.04761904763
The Erin Heights,76.0,3,2,1,0,148473.68421052632
The Erin Heights,54.0,2,1,1,0,143314.8148148148
Shang Summit,51.0,1,2,3,0,270588.23529411765
The Erin Heights,48.0,2,1,1,0,158187.5
The Erin Heights,32.0,1,1,1,0,170125.0
The Erin Heights,28.0,1,1,1,0,184642.85714285713
Grass Residences,26.0,1,1,3,0,126923.07692307692
High Park Towers,88.0,2,3,3,2,318181.8181818182
MAGNOLIA RESIDENCES,156.0,4,4,2,0,211538.46153846153
Cameron Residences,83.0,3,2,1,0,126060.24096385542
Cameron Residences,66.0,2,1,1,0,124590.90909090909
Cameron Residences,36.0,1,1,1,0,160416.66666666666
One Delta Terraces,85.0,3,2,1,0,200023.5294117647
One Delta Terraces,57.0,2,1,1,0,212982.45614035087
One Delta Terraces,53.0,2,1,1,0,212509.43396226416
One Delta Terraces,30.0,1,1,1,0,238066.66666666666
One Delta Terraces,29.0,1,1,1,0,240206.89655172414
One Orchard Road,73.0,2,2,2,1,116438.35616438356
The Magnolia Residences,71.0,2,2,1,0,232394.3661971831
The Grand Eastwood Palazzo,36.0,1,1,1,0,125000.0
The Crestmont,66.0,2,1,1,0,170166.66666666666
The Crestmont,57.0,2,1,1,0,175842.1052631579
SkyVillas at One Balete,130.0,2,2,3,0,268846.1538461539
Cameron Residences,66.0,2,1,1,0,124590.90909090909
Shang Summit,38.0,1,1,2,0,255263.15789473685
The Oriana,60.0,2,1,1,0,122466.66666666667
The Oriana,54.0,2,1,1,0,132888.88888888888
The Oriana,70.0,2,1,1,0,117200.0
The Oriana,61.0,2,1,1,0,123803.27868852459
The Oriana,33.0,1,1,1,0,165242.42424242425
The Oriana,30.0,1,1,1,0,163500.0
Senta,72.0,2,2,2,0,145666.66666666666
The Erin Heights,170.0,3,3,1,0,149411.76470588235
8 Benitez Suites,152.0,2,2,1,0,355526.3157894737
Cameron Residences,66.0,2,1,1,0,117810.45454545454
Galleria Regency,160.0,2,2,2,0,237500.0
The Crestmont,57.0,2,1,1,0,177649.12280701756
S Residences,50.0,2,2,3,0,140000.0
S Residences,52.0,2,2,3,0,144230.76923076922
Vivaldi Residences,17.0,1,1,1,0,137235.58823529413
The Crestmont,84.0,3,2,1,1,172619.04761904763
Galleria Regency,160.0,2,2,1,0,237500.0
8 Benitez Suites,152.0,2,2,3,0,355526.3157894737
Glam Residences,34.0,2,1,1,0,176470.58823529413
Zinnia Towers,56.0,2,1,1,0,110714.28571428571
Vine Residences,29.0,2,1,1,0,156172.41379310345
The Erin Heights,32.0,1,1,1,0,201875.0
53 Benitez,95.0,3,2,1,1,168421.05263157896
Eastwood Global Plaza Luxury Residence,49.0,1,1,1,0,215112.8775510204
Eastwood Global Plaza Luxury Residence,71.0,3,3,1,0,228544.61971830987
Victoria de Morato,36.0,1,1,3,0,180555.55555555556
Eastwood LeGrand,48.0,1,1,1,0,187500.0
Flora Vista,30.0,1,1,3,0,63333.333333333336
High Park at Vertis North,60.0,1,1,1,0,225000.0
The Orabella,31.0,1,1,2,1,203225.8064516129
THE CELANDINE,38.0,1,1,2,1,131578.94736842104
WILL TOWER,54.0,2,1,3,0,203703.7037037037
Lleida Tower at Circulo Verde,68.0,2,2,1,0,141176.4705882353
The Crestmont,57.0,2,1,1,0,156686.52631578947
Milan Residenze Fairview,21.0,1,1,1,0,141784.52380952382
Grass Residences,26.0,1,1,1,0,126923.07692307692
Eastwood Global Plaza Luxury Residence,79.0,2,2,1,0,240506.32911392406
The Arton by Rockwell,84.0,2,2,2,1,238095.2380952381
Glam Residences,25.0,1,1,2,0,260000.0
Calle Centrale,29.0,1,1,1,0,211889.24137931035
205 Santolan by Rockwell,304.0,3,3,1,0,138157.8947368421
Circulo Verde,70.0,2,2,2,0,144285.7142857143
High Park at Vertis North,60.0,1,1,1,0,233333.33333333334
Eastwood Parkview,57.0,3,1,3,1,175438.59649122806
Orean Place,73.0,2,2,3,0,315068.4931506849
The Residences at Commonwealth,37.0,1,1,3,1,229729.72972972973
The Arton,84.0,2,2,1,0,214285.7142857143
The Arton,103.0,3,2,1,0,233009.70873786407
High Park at Vertis North,60.0,1,1,1,0,233333.33333333334
The Oriana,60.0,2,1,2,0,107912.7
The Oriana,57.0,2,1,2,0,108346.73684210527
Cameron Residences,66.0,2,1,2,0,128290.90909090909
Cameron Residences,66.0,2,1,2,0,112131.81818181818
Cameron Residences,66.0,2,1,2,0,109704.54545454546
The Crestmont,57.0,2,1,2,0,166357.8947368421
The Crestmont,66.0,2,1,2,0,154172.72727272726
The Crestmont,65.0,2,1,2,0,160670.76923076922
The Crestmont,57.0,2,1,2,0,158257.8947368421
Eastwood Excelsior,36.0,1,1,1,0,126550.0
Cameron Residences,85.0,3,2,2,0,107033.41176470589
Cameron Residences,53.0,2,1,2,0,116858.22641509434
Sun Residences,28.0,1,1,3,0,135469.17857142858
Shang Summit,160.0,3,3,2,2,271595.5
55 Kalayaan Suites,21.0,1,1,3,1,190476.19047619047
OLYMPIC HEIGHTS,77.0,3,2,1,0,116883.11688311688
Eastwood Global Plaza Luxury Residence,79.0,2,2,1,0,240506.32911392406
One Orchard Road,57.0,1,1,3,0,122807.01754385965
SkyVillas at One Balete,205.0,3,4,2,2,258536.58536585365
High Park at Vertis North,60.0,1,1,1,0,240700.0
Cameron Residences,66.0,2,1,1,0,136363.63636363635
The Arton,49.0,1,1,3,0,255102.04081632654
Eastwood LeGrand,50.0,1,1,3,1,184000.0
El Jardin del Presidente,104.0,2,2,1,1,125000.0
The Arton,103.0,3,2,1,0,233009.70873786407
The Arton,84.0,2,2,1,0,214285.7142857143
Circulo Verde,45.0,1,1,2,0,140000.0
Circulo Verde,70.0,2,2,2,0,137142.85714285713
Glam Residences,26.0,1,1,1,0,235384.61538461538
Trees Residences,30.0,2,1,2,0,104000.0
Avila Tower at Circulo Verde,24.0,1,1,2,0,229166.66666666666
Haraya Residences,128.0,2,2,2,0,360894.53125
Cameron Residences,53.0,2,1,1,0,141509.43396226416
Circulo Verde,70.0,2,2,2,0,144285.7142857143
The Arton,49.0,1,1,3,0,255102.04081632654
The Arton by Rockwell,74.0,2,2,1,0,213513.51351351352
Glam Residences,26.0,1,1,1,0,234692.3076923077
Trees Residences,24.0,1,1,2,0,104583.33333333333
The Arton,96.0,3,2,1,1,247916.66666666666
One Katipunan Residences,26.0,1,1,1,0,240532.61538461538
Glam Residences,23.0,1,1,1,0,200043.47826086957
Glam Residences,26.0,1,1,1,0,235384.61538461538
Glam Residences,23.0,1,1,1,0,200434.78260869565
8 Benitez Suites,92.0,2,2,1,0,358695.652173913
High Park at Vertis North,61.0,1,1,1,0,235737.70491803277
8 Benitez Suites,92.0,2,2,1,0,358695.652173913
Trees Residences,30.0,2,1,2,0,104000.0
Aspire Tower,85.0,2,2,2,0,211764.70588235295
Viera Residences,55.0,2,1,1,0,109090.90909090909
The Crestmont,65.0,2,1,2,0,177369.23076923078
The Crestmont,57.0,2,1,2,0,180614.0350877193
Glam Residences,23.0,1,1,1,0,200434.78260869565
MAGNOLIA RESIDENCES,156.0,4,3,3,0,208333.33333333334
High Park at Vertis North,61.0,1,1,1,0,235737.70491803277
Grand Mesa Residences,27.0,1,1,1,0,144538.37037037036
One Delta Terraces,57.0,2,1,1,0,202468.42105263157
Glam Residences,45.0,2,1,1,0,235822.22222222222
Trees Residences,30.0,2,1,2,0,103400.0
Circulo Verde,45.0,1,1,2,0,140000.0
Glam Residences,26.0,1,1,1,0,235384.61538461538
Trees Residences,24.0,1,1,2,0,104583.33333333333
The Crestmont,57.0,2,1,2,0,178684.2105263158
INFINA TOWERS,48.0,2,1,1,0,116666.66666666667
THE CELANDINE,48.0,2,1,1,0,118750.0
Valencia Hills,61.0,2,1,1,0,180327.868852459
Glam Residences,28.0,1,1,2,0,210714.2857142857
Zinnia Towers,54.0,2,1,1,0,108333.33333333333
Glam Residences,25.0,1,1,1,0,244800.0
Shang Summit,59.0,1,1,2,1,355932.2033898305
The Oriana,37.0,1,1,1,0,141475.67567567568
The Oriana,31.0,1,1,1,0,160532.25806451612
The Oriana,33.0,1,1,1,0,165009.0909090909
The Oriana,33.0,1,1,1,0,157536.36363636365
The Oriana,29.0,1,1,1,0,165455.1724137931
The Erin Heights,59.0,2,1,1,0,132700.0
The Erin Heights,62.0,2,1,1,0,133011.29032258064
The Erin Heights,64.0,2,1,1,0,127790.625
The Erin Heights,58.0,2,1,1,0,127753.44827586207
Glam Residences,23.0,1,1,1,0,200434.78260869565
Glam Residences,45.0,2,1,1,0,235777.77777777778
The Crestmont,64.0,2,1,1,0,157164.0625
The Crestmont,63.0,2,1,1,0,162466.66666666666
The Crestmont,59.0,2,1,1,0,156532.2033898305
The Crestmont,67.0,2,1,1,0,158891.0447761194
The Crestmont,82.0,3,2,1,0,156030.48780487804
The Crestmont,84.0,3,2,1,0,154217.85714285713
The Crestmont,57.0,2,1,1,0,159880.70175438595
The Crestmont,66.0,2,1,1,0,153674.24242424243
The Crestmont,65.0,2,1,1,0,160680.0
Cameron Residences,30.0,1,1,1,0,172966.66666666666
The Oriana,31.0,1,1,1,0,154483.87096774194
Avida Towers Sola,61.0,3,2,1,2,278688.52459016396
Glam Residences,26.0,1,1,1,0,235384.61538461538
Urban Oasis,61.0,1,1,1,0,235737.70491803277
Urban Oasis,61.0,1,1,1,0,235737.70491803277
The Orabella,57.0,2,1,1,0,135824.56140350876
Glam Residences,23.0,1,1,3,0,261347.8260869565
Glam Residences,23.0,1,1,1,0,241010.86956521738
THE CELANDINE,48.0,2,1,1,0,118750.0
INFINA TOWERS,48.0,2,1,1,0,116666.66666666667
The Orabella,57.0,2,1,1,0,136631.57894736843
The Orabella,57.0,2,1,1,0,136842.1052631579
The Orabella,57.0,2,1,1,0,127859.64912280702
The Arton,82.0,2,3,1,0,233723.58536585365
One Central,92.0,2,3,3,0,163043.47826086957
Avida Towers Sola,33.0,1,1,1,0,227272.72727272726
Eastwood LeGrand,36.0,1,1,3,0,166666.66666666666
Grass Residences,21.0,1,1,3,0,166666.66666666666
The Residences at Commonwealth,110.0,2,2,3,0,290909.0909090909
The Residences at Commonwealth,110.0,2,2,3,0,290909.0909090909
The Crestmont,55.0,2,1,1,0,179370.9090909091
The Crestmont,63.0,2,1,1,0,162771.42857142858
The Crestmont,82.0,3,2,1,0,155570.73170731709
The Crestmont,59.0,2,1,1,0,156705.08474576272
The Crestmont,68.0,2,1,1,0,151841.17647058822
The Crestmont,67.0,2,1,1,0,159066.41791044775
The Crestmont,84.0,3,2,1,0,154217.85714285713
The Crestmont,57.0,2,1,1,0,159884.2105263158
The Crestmont,66.0,2,1,1,0,153674.24242424243
The Crestmont,65.0,2,1,1,0,160547.6923076923
The Erin Heights,66.0,2,1,1,0,124933.33333333333
Glam Residences,45.0,2,1,1,0,235777.77777777778
The Erin Heights,70.0,2,1,1,0,126794.28571428571
The Erin Heights,48.0,2,1,1,0,142362.5
The Erin Heights,54.0,2,1,1,0,131503.7037037037
The Erin Heights,54.0,2,1,1,0,144987.03703703705
The Erin Heights,61.0,2,1,1,0,135188.52459016393
The Erin Heights,61.0,2,1,1,0,128675.40983606558
Trees Residences,30.0,2,1,2,0,103400.0
The Erin Heights,58.0,2,1,1,0,127746.55172413793
GOLFHILL GARDENS,71.0,2,2,2,0,191338.02816901408
The Orabella,57.0,2,1,1,0,138421.05263157896
The Orabella,57.0,2,1,1,0,147631.57894736843
The Orabella,57.0,2,1,1,0,142491.22807017545
The Orabella,57.0,2,1,1,0,133122.80701754385
The Crestmont,65.0,2,1,1,0,161815.38461538462
The Crestmont,66.0,2,1,1,0,152393.9393939394
The Crestmont,65.0,2,1,1,0,160738.46153846153
The Residences at Commonwealth,58.0,2,2,2,0,206896.55172413794
MAGNOLIA RESIDENCES,63.0,3,3,1,0,153968.25396825396
Avida Towers Sola,47.0,1,1,3,1,223404.25531914894
Cameron Residences,66.0,2,1,1,0,124853.0303030303
The Arton,48.0,1,1,1,0,212500.0
The Erin Heights,70.0,2,1,1,0,126788.57142857143
The Erin Heights,48.0,2,1,1,0,142362.5
The Erin Heights,54.0,2,1,1,0,131503.7037037037
The Erin Heights,59.0,2,1,1,0,132700.0
The Erin Heights,62.0,2,1,1,0,133011.29032258064
The Erin Heights,61.0,2,1,1,0,128685.24590163934
The Erin Heights,58.0,2,1,1,0,127753.44827586207
Cameron Residences,53.0,2,1,1,0,141509.43396226416
Glam Residences,45.0,2,1,1,0,235777.77777777778
Cameron Residences,53.0,2,1,2,0,117084.90566037736
Cameron Residences,66.0,2,1,1,0,125263.63636363637
The Oriana,57.0,2,1,1,0,110550.87719298246
The Oriana,70.0,2,1,1,0,108905.71428571429
The Oriana,60.0,2,1,1,0,114905.0
The Oriana,54.0,2,1,1,0,119450.0
The Orabella,57.0,2,1,1,0,122231.57894736843
Cameron Residences,83.0,3,2,1,0,104749.39759036145
Cameron Residences,53.0,2,1,1,0,117084.90566037736
Cameron Residences,66.0,2,1,1,0,125260.60606060606
Eastwood Parkview,82.0,2,3,3,0,146341.46341463414
Valencia Hills,61.0,2,2,1,0,163934.4262295082
The Velaris Residences,60.0,1,1,1,0,325000.0
Zinnia Towers,78.0,2,2,2,0,166666.66666666666
Senta,72.0,2,2,2,0,142888.88888888888
Shang Summit,37.0,1,1,3,0,296527.5675675676
Trees Residences,24.0,1,1,2,0,104583.33333333333
PINE CREST,47.0,2,1,1,0,180851.06382978722
Glam Residences,23.0,1,1,1,0,200043.47826086957
Glam Residences,23.0,1,1,3,0,225304.34782608695
Grand Mesa Residences,100.0,3,3,1,0,115000.0
Grand Mesa Residences,70.0,3,2,1,0,135714.2857142857
Glam Residences,23.0,1,1,1,0,200043.47826086957
Glam Residences,26.0,1,1,1,0,238846.15384615384
The Crestmont,65.0,2,1,1,0,161815.38461538462
The Crestmont,66.0,2,1,1,0,152409.0909090909
The Crestmont,65.0,2,1,1,0,160670.76923076922
Glam Residences,45.0,2,1,1,0,235577.77777777778
Eastwood Excelsior,73.0,2,2,1,0,95890.4109589041
Senta,72.0,2,2,2,0,142888.88888888888
Xanland Place,36.0,1,1,1,0,111111.11111111111
Valencia Hills,91.0,2,2,1,0,173757.46153846153
Aurora Escalades,24.0,1,1,2,0,179166.66666666666
Grand Mesa Residences,70.0,3,2,3,0,135714.2857142857
Grand Mesa Residences,100.0,3,2,3,0,115000.0
Circulo Verde,47.0,2,2,2,0,204255.31914893616
The Crestmont,65.0,2,1,1,0,160670.76923076922
Orean Place,141.0,3,3,1,0,333333.3333333333
Glam Residences,23.0,1,1,1,0,239130.4347826087
Parklinks North and South Towers,215.0,3,3,2,0,353293.0232558139
Parklinks North and South Towers,269.0,3,3,2,0,356486.98884758365
Parklinks North and South Towers,161.0,2,2,2,0,354596.2732919255
Parklinks North and South Towers,217.0,3,3,2,0,338718.8940092166
Glam Residences,45.0,2,1,1,0,235777.77777777778
Trees Residences,24.0,1,1,2,0,104583.33333333333
Senta,68.0,2,2,2,0,145411.76470588235
Senta,54.0,1,1,2,0,147925.92592592593
Trees Residences,24.0,1,1,2,0,104583.33333333333
The Calinea Tower,30.0,1,1,1,0,190000.0
Grass Residences,20.0,1,1,3,0,155000.0
INFINA TOWERS,56.0,2,1,1,1,130357.14285714286
Senta,54.0,1,1,2,0,164592.59259259258
Senta,55.0,1,1,2,0,147054.54545454544
Senta,68.0,2,2,2,0,145424.82352941178
Senta,80.0,1,1,2,0,163600.0
Manhattan Heights,40.0,1,1,3,0,262500.0
Berkeley Residences,26.0,1,1,3,0,153846.15384615384
Primehomes Capitol Hills,42.0,1,1,2,0,287102.85714285716
The Oriana,54.0,2,1,1,0,135185.1851851852
One Central Park,67.0,1,1,3,0,116417.9104477612
One Katipunan Residences,26.0,1,1,3,0,240532.61538461538
The Arton,82.0,2,3,1,0,207317.07317073172
Cameron Residences,83.0,3,2,1,0,116385.5421686747
The Crestmont,57.0,2,1,1,0,159891.22807017545
The Crestmont,84.0,3,2,1,0,154619.04761904763
The Crestmont,84.0,3,2,1,0,164285.7142857143
The Crestmont,65.0,2,1,1,0,161815.38461538462
The Crestmont,66.0,2,1,1,0,152393.9393939394
The Crestmont,65.0,2,1,1,0,160670.76923076922
Cameron Residences,40.0,1,1,2,0,145400.0
Glam Residences,23.0,1,1,1,0,256038.60869565216
Glam Residences,27.0,1,1,1,0,218106.96296296295
Skyline Premiere at One Balete,104.0,2,2,1,0,197115.38461538462
S Residences,232.0,3,4,2,0,374056.0344827586
S Residences,268.0,3,4,2,0,341309.70149253734
S Residences,267.0,3,4,2,0,321805.2434456929
S Residences,270.0,3,4,2,0,337696.2962962963
S Residences,231.0,3,4,2,0,343073.59307359305
S Residences,231.0,3,4,2,0,345030.30303030304
S Residences,198.0,3,4,2,1,330777.77777777775
S Residences,158.0,2,2,2,1,339708.86075949366
S Residences,70.0,1,1,2,1,379557.14285714284
S Residences,70.0,1,1,2,1,387342.85714285716
S Residences,72.0,1,1,2,1,383597.22222222225
S Residences,70.0,1,1,2,1,386542.85714285716
8 Benitez Suites,92.0,2,2,1,0,358695.652173913
MAGNOLIA RESIDENCES,156.0,4,3,3,0,208333.33333333334
Orean Place,56.0,1,1,1,0,258928.57142857142
Orean Place,56.0,1,1,1,0,249642.85714285713
Orean Place,56.0,1,1,1,0,267500.0
The Arton,73.0,2,2,1,0,222602.7397260274
Senta,80.0,1,1,2,0,164375.0
Senta,54.0,1,1,2,0,164814.8148148148
Senta,62.0,1,1,2,0,166129.03225806452
Senta,54.0,1,1,2,0,148148.14814814815
Manhattan Parkway Residences,34.0,1,1,1,0,205882.35294117648
The Erin Heights,58.0,2,1,1,0,152706.89655172414
The Erin Heights,79.0,3,2,2,0,147405.06329113923
Senta,55.0,1,1,2,0,145454.54545454544
The Crestmont,67.0,2,1,2,0,171641.79104477612
The Arton,113.0,3,2,2,0,256637.16814159293
Senta,62.0,1,1,2,0,166129.03225806452
Senta,54.0,1,1,2,0,164814.8148148148
Senta,80.0,1,1,2,0,164375.0
Orean Place,34.0,1,1,1,0,364176.4705882353
Little Baguio Terraces,30.0,2,2,2,0,186666.66666666666
Little Baguio Terraces,30.0,2,1,1,0,186666.66666666666
Classica Manor,120.0,3,3,3,1,156666.66666666666
Little Baguio Terraces,60.0,3,2,1,0,183333.33333333334
One Wilson Square,69.0,2,2,2,2,195652.1739130435
Baron Tower,92.0,3,2,2,1,191304.34782608695
Little Baguio Terraces,30.0,2,1,1,0,40000.0
Little Baguio Terraces,30.0,2,1,1,0,186666.63333333333
Little Baguio Terraces,30.0,2,1,1,0,166669.93333333332
Little Baguio Terraces,30.0,2,1,1,0,185333.26666666666
Little Baguio Terraces,30.0,2,1,1,0,189633.33333333334
AURORA GARDENS,50.0,2,1,1,0,72000.0
One Wilson Square,116.0,3,3,1,1,196310.3448275862
Little Baguio Terraces,30.0,2,1,2,0,36010.73333333333
AURORA GARDENS,50.0,2,1,2,1,116000.0
Verano Greenhills,26.0,1,1,1,0,211538.46153846153
Little Baguio Terraces,30.0,2,1,2,0,188830.33333333334
Little Baguio Terraces,30.0,2,2,2,0,186666.66666666666
Little Baguio Terraces,60.0,3,2,1,0,147830.31666666668
Little Baguio Terraces,30.0,2,1,2,0,40000.0
Viridian in Greenhills,141.0,2,2,1,0,260000.0
Swire Elan Suites,24.0,1,1,1,0,158333.33333333334
Viridian in Greenhills,42.0,1,1,1,0,261904.7619047619
The Connor at Greenhills,31.0,1,1,1,0,225806.4516129032
Little Baguio Terraces,30.0,2,1,2,0,75532.1
One Wilson Square,116.0,3,4,1,0,153437.06896551725
81 Xavier Residences,105.0,2,2,2,0,176190.47619047618
One Wilson Square,64.0,2,2,3,0,257812.5
One Wilson Square,64.0,2,2,3,0,215625.0
One Wilson Square,54.0,2,2,3,0,298148.14814814815
Viridian in Greenhills,141.0,2,2,1,0,288368.7943262411
One Wilson Square,116.0,3,2,1,0,209310.3448275862
One Wilson Square,64.0,2,2,3,1,171875.0
One Wilson Square,116.0,3,2,1,0,218534.4827586207
One Wilson Square,129.0,3,2,1,1,151540.3100775194
One Wilson Square,63.0,2,2,1,0,260000.0
One Wilson Square,63.0,2,2,1,0,236777.77777777778
Viridian in Greenhills,207.0,3,3,3,0,314009.6618357488
Little Baguio Terraces,30.0,2,1,2,0,198768.73333333334
Little Baguio Terraces,60.0,3,2,2,0,40000.0
Little Baguio Terraces,30.0,2,1,2,0,186666.66666666666
Little Baguio Terraces,30.0,2,1,2,0,40000.0
Viridian in Greenhills,207.0,3,3,1,0,304347.82608695654
Baron Tower,92.0,3,2,2,1,191304.34782608695
Mango Tree Residences,51.0,2,2,2,0,48235.294117647056
Mango Tree Residences,46.0,2,2,2,0,33695.65217391304
Goldland Tower,180.0,3,2,1,0,58333.333333333336
Little Baguio Terraces,30.0,2,1,1,0,88694.4
Little Baguio Terraces,30.0,2,1,2,0,168947.26666666666
Little Baguio Terraces,30.0,2,1,2,0,166666.66666666666
Greenhills Heights,27.0,1,1,3,0,148148.14814814815
Little Baguio Terraces,30.0,2,1,2,0,147164.9
Little Baguio Terraces,30.0,2,1,1,0,166666.66666666666
Little Baguio Terraces,30.0,2,1,1,0,133333.33333333334
Le Gran Condominium,61.0,1,2,3,0,98360.65573770492
Little Baguio Terraces,30.0,2,1,2,0,166666.66666666666
Baron Tower,59.0,2,2,3,0,203389.83050847458
Fortune Hill,158.0,3,3,1,0,182278.48101265822
Swire Elan Suites,132.0,2,3,1,0,130000.0
Verano Greenhills,36.0,1,1,1,1,236111.11111111112
Little Baguio Terraces,30.0,2,1,2,0,151733.33333333334
Cortijos Condominium,125.0,3,2,1,0,159200.0
Little Baguio Terraces,30.0,2,1,1,0,186666.66666666666
Viridian in Greenhills,143.0,3,2,1,1,244755.24475524476
Mango Tree Residences,51.0,2,2,2,0,48098.92156862745
Little Baguio Terraces,30.0,2,1,2,0,146710.33333333334
Mango Tree Residences,50.0,2,1,1,0,36000.0
Mango Tree Residences,45.0,2,2,1,0,40000.0
Little Baguio Terraces,60.0,3,2,2,0,43604.666666666664
Little Baguio Terraces,30.0,2,1,2,0,186666.66666666666
Little Baguio Terraces,30.0,2,1,2,0,41000.0
Little Baguio Terraces,60.0,3,2,2,0,41000.0
Little Baguio Terraces,60.0,3,2,1,0,30000.0
Little Baguio Terraces,30.0,2,1,1,0,186666.66666666666
Mango Tree Residences,45.0,2,2,1,0,184444.44444444444
Mango Tree Residences,50.0,2,2,2,0,49200.0
Mango Tree Residences,51.0,2,2,2,0,48235.294117647056
Little Baguio Terraces,30.0,2,1,2,0,133333.33333333334
Little Baguio Terraces,30.0,2,1,2,0,117167.0
Little Baguio Terraces,30.0,2,1,2,0,171800.0
Mango Tree Residences,50.0,2,2,2,0,95440.0
Little Baguio Terraces,30.0,2,1,2,0,79000.23333333334
Little Baguio Terraces,30.0,2,1,2,0,153415.3
Little Baguio Terraces,30.0,2,1,2,0,130166.66666666667
Mango Tree Residences,51.0,2,2,2,0,151335.25490196078
Little Baguio Terraces,30.0,2,1,2,0,153415.3
Mango Tree Residences,51.0,2,2,2,0,153823.58823529413
Mango Tree Residences,45.0,2,2,2,0,88888.88888888889
Little Baguio Terraces,30.0,2,1,2,0,63734.1
Baron Tower,38.0,1,1,1,0,117105.26315789473
Little Baguio Terraces,60.0,3,2,2,0,41734.1
Viridian in Greenhills,207.0,3,3,2,0,299516.9082125604
Mango Tree Residences,51.0,2,2,1,0,156235.33333333334
Greenhills Heights,49.0,1,1,1,0,142857.14285714287
Little Baguio Terraces,30.0,2,1,1,0,140000.0
Platinum 1000,176.0,3,2,1,1,107954.54545454546
Avalon Condominium,175.0,3,3,1,0,102857.14285714286
Chimes Greenhills,33.0,1,1,1,1,254545.45454545456
Viridian in Greenhills,142.0,2,3,3,1,257042.25352112675
Strata Suites Condominium,106.0,3,2,1,0,122641.50943396226
Goldland Millenia Suites,180.0,3,3,3,0,133333.33333333334
Goldland Plaza,214.0,4,4,1,1,93457.94392523365
Baron 3 Gardens,143.0,2,3,1,1,153846.15384615384
Mango Tree Residences,50.0,2,2,2,0,48000.0
Little Baguio Terraces,30.0,2,1,2,0,40000.0
Platinum 1000,164.0,3,2,1,1,146341.46341463414
Mango Tree Residences,46.0,2,1,1,0,119565.21739130435
Little Baguio Terraces,30.0,2,1,1,0,133333.33333333334
Little Baguio Terraces,30.0,2,1,2,0,40000.0
Little Baguio Terraces,30.0,2,1,2,0,188830.3
Little Baguio Terraces,30.0,2,1,2,0,186666.66666666666
Mango Tree Residences,45.0,2,1,1,0,173111.11111111112
Mango Tree Residences,45.0,2,1,3,0,172086.55555555556
Little Baguio Terraces,30.0,2,1,2,0,40000.0
Little Baguio Terraces,30.0,2,1,1,0,62900.73333333333
Little Baguio Terraces,30.0,2,1,1,0,171666.66666666666
Swire Elan Suites,257.0,3,4,1,0,175097.27626459143
Greenhills Court,87.0,2,2,1,1,108125.28735632185
Mango Tree Residences,51.0,2,1,1,0,156862.74509803922
Mango Tree Residences,51.0,2,1,2,0,156862.74509803922
Viridian in Greenhills,84.0,1,2,1,0,232142.85714285713
Mango Tree Residences,50.0,2,2,1,0,174000.0
Little Baguio Terraces,30.0,2,1,1,0,146666.66666666666
LPL Greenhills,250.0,3,4,1,0,120000.0
Verde De Pasadena,99.0,2,2,1,0,75757.57575757576
Goldland Tower,160.0,3,2,1,0,110937.5
Goldland Tower,160.0,3,2,1,1,125000.0
Richbelt Tower,134.0,2,2,1,1,111940.29850746269
Swire Elan Suites,257.0,3,2,1,0,175097.27626459143
Swire Elan Suites,257.0,4,3,3,0,175097.27626459143
Little Baguio Terraces,50.0,2,1,3,0,114000.0
Senta,50.0,2,2,2,0,48000.0
Little Baguio Gardens,30.0,2,1,1,0,61200.23333333333
One Wilson Square,65.0,2,2,2,1,184615.38461538462
Baron Tower,68.0,2,1,3,0,227941.17647058822
Tiffany Mansion,37.0,1,1,1,0,87837.83783783784
Swire Elan Suites,132.0,2,3,2,0,130000.0
Viridian in Greenhills,42.0,1,1,3,1,300000.0
Swire Elan Suites,132.0,2,3,1,0,130000.0
Greenhills Court,87.0,2,2,1,1,108125.28735632185
Mango Tree Residences,32.0,1,1,3,0,42062.5
Little Baguio Terraces,30.0,2,1,1,0,41000.0
The Connor at Greenhills,107.0,3,2,1,2,266355.1401869159
Baron Tower,46.0,1,1,3,0,228260.86956521738
Little Baguio Terraces,60.0,3,2,2,0,41000.0
Fortune Hill,137.0,2,2,1,2,182481.7518248175
Chimes Greenhills,48.0,2,1,1,1,206250.0
Baron Tower,92.0,2,2,3,1,217391.30434782608
Chimes Greenhills,25.0,1,1,3,1,200000.0
The Connor at Greenhills,57.0,1,1,1,1,254385.9649122807
Mango Tree Residences,50.0,2,2,2,0,48000.0
Mango Tree Residences,50.0,2,2,2,0,48000.0
Mango Tree Residences,30.0,1,1,2,0,53333.333333333336
Mango Tree Residences,52.0,2,2,1,0,41788.46153846154
Mango Tree Residences,30.0,1,1,1,0,157619.33333333334
Mango Tree Residences,27.0,1,1,1,0,88888.88888888889
Tiffany Mansion,44.0,1,1,3,1,161363.63636363635
Twelve Luxury Flats,268.0,4,4,1,2,123134.32835820895
LPL Greenhills,242.0,3,3,2,1,111570.2479338843
Mango Tree Residences,30.0,1,1,1,0,70299.4
Little Baguio Terraces,30.0,2,1,2,1,43789.6
One Wilson Square,140.0,3,2,1,1,196642.85714285713
Chimes Greenhills,33.0,1,1,1,1,212121.21212121213
Viridian in Greenhills,143.0,3,3,2,2,265734.26573426573
Little Baguio Terraces,30.0,2,1,2,1,146667.03333333333
Little Baguio Terraces,30.0,2,1,2,1,146666.66666666666
Little Baguio Terraces,30.0,2,1,2,1,146666.66666666666
Little Baguio Terraces,60.0,3,2,1,0,149000.0
Little Baguio Terraces,30.0,2,1,1,0,80000.0
Little Baguio Terraces,30.0,2,1,1,0,149000.0
St. Moritz Private Estate,115.0,3,2,3,0,365217.39130434784
West Gallery Place,91.0,2,2,3,1,417582.4175824176
The Venice Luxury Residences,66.0,1,1,2,0,148333.33333333334
The Venice,94.0,3,3,3,1,313829.78723404254
McKinley Park Residences,38.0,1,1,3,0,210526.31578947368
The Florence,47.0,1,1,3,1,255319.1489361702
Park McKinley West,106.0,2,3,2,1,311320.75471698114
Park East Place,67.0,1,1,2,1,444776.1194029851
Alder Residences,67.0,2,1,1,0,139746.26865671642
Grand Hamptons,92.0,2,2,3,1,250000.0
The Albany,133.0,3,4,2,1,313533.83458646614
The Albany,121.0,2,3,2,1,314049.5867768595
Avida Towers Verte,74.0,2,2,1,1,216216.2162162162
Park East Place,98.0,2,3,2,2,432081.63265306124
Bonifacio Ridge,113.0,3,2,2,1,265486.7256637168
One Mckinley Place,76.0,1,1,2,1,217105.26315789475
Two Serendra,235.0,3,3,3,2,323404.25531914894
Rosewood Pointe,57.0,1,1,2,0,76315.78947368421
One Serendra,135.0,2,2,2,1,325925.9259259259
Uptown Parksuites,78.0,2,2,3,0,250000.0
Two Serendra,59.0,1,1,3,1,262711.86440677964
One Mckinley Place,76.0,1,1,3,1,210526.31578947368
The Icon Residences,61.0,1,1,3,1,229508.19672131148
St. Moritz Private Estate,114.0,3,4,2,2,274736.84210526315
St. Moritz Private Estate,117.0,3,2,3,1,311965.81196581194
Uptown Parksuites,33.0,1,1,2,0,409090.9090909091
Uptown Parksuites,74.0,2,3,2,1,324324.3243243243
Uptown Parksuites,95.0,3,3,2,1,318315.7894736842
The Infinity Tower,54.0,1,1,3,1,250000.0
Uptown Parksuites,89.0,3,3,2,1,322078.65168539324
The Florence,94.0,3,3,2,1,206382.97872340426
The Florence,79.0,2,3,2,1,212658.22784810126
The Florence,66.0,2,3,2,1,214848.48484848486
The Florence,43.0,1,1,2,1,225581.39534883722
One Serendra,140.0,2,2,3,1,471428.5714285714
Pacific Plaza Towers,300.0,3,3,3,2,400000.0
Fort Victoria,45.0,2,2,3,0,188888.88888888888
The Trion Towers I,41.0,1,1,3,0,192682.92682926828
Arca South,52.0,1,1,2,0,240384.61538461538
Royal Palm Residences,66.0,2,1,1,1,95454.54545454546
The Bellagio,119.0,3,3,3,1,319327.731092437
The Trion Towers I,41.0,1,1,1,0,292682.9268292683
Icon Plaza,60.0,1,1,3,1,230000.0
Fairways Tower,75.0,2,1,3,1,286666.6666666667
Arya Residences Tower 1,116.0,2,2,2,2,353448.275862069
One Mckinley Place,110.0,2,2,2,1,272727.2727272727
St. Moritz Private Estate,78.0,2,3,3,0,320512.8205128205
St. Moritz Private Estate,117.0,3,3,3,0,299145.2991452991
The Meranti at Two Serendra,235.0,3,3,2,2,306382.97872340423
Grace Residences,27.0,1,1,1,0,129629.62962962964
Gardencourt Residences at Arca South,137.0,2,2,2,1,334897.8102189781
Gardencourt Residences at Arca South,137.0,2,2,2,1,334897.8102189781
Gardencourt Residences,70.0,1,1,2,1,388471.4285714286
Gardencourt Residences,70.0,1,1,2,1,393728.5714285714
Cedar Crest,64.0,2,1,1,1,101562.5
Gardencourt Residences,210.0,3,3,2,2,374761.90476190473
Gardencourt Residences,210.0,3,3,2,2,378019.04761904763
Gardencourt Residences at Arca South,210.0,3,3,2,2,369319.04761904763
Gardencourt Residences at Arca South,210.0,3,3,2,2,369319.04761904763
Maple Place,63.0,2,1,1,0,93650.79365079365
The Trion Towers I,41.0,1,1,3,0,195121.9512195122
Aurelia Residences,241.0,3,3,1,2,535269.7095435684
One Serendra,84.0,1,1,3,1,309523.8095238095
Cedar Crest,83.0,2,2,1,1,99638.55421686747
Uptown Parksuites,37.0,1,1,2,1,324324.3243243243
The Fort Residences,209.0,3,3,3,2,263157.8947368421
Arya Residences,196.0,2,3,2,2,382653.0612244898
Avida Towers Verte,82.0,3,2,2,1,335365.85365853657
Fort Victoria,97.0,2,2,3,0,175257.7319587629
8 Forbestown Road,99.0,2,2,2,0,323232.3232323232
Maple Place,63.0,2,1,1,1,115873.01587301587
Grace Residences,30.0,1,1,3,0,173333.33333333334
Arbor Lanes,243.0,3,3,1,2,362139.91769547324
Alder Residences,76.0,2,1,2,1,184210.52631578947
Park McKinley West,212.0,3,3,2,2,316037.7358490566
Arbor Lanes,109.0,2,2,2,1,247706.42201834862
The Trion Towers III,50.0,1,1,2,0,300000.0
Park Triangle Residences,59.0,1,1,1,0,264406.77966101695
Uptown Arts Residence,84.0,2,2,2,1,428571.4285714286
Times Square West,56.0,2,1,3,1,267857.14285714284
Park Triangle Residences,123.0,3,1,3,1,308943.0894308943
Uptown Parksuites,74.0,2,3,2,1,324324.3243243243
The Fifth Avenue Place,37.0,1,1,3,0,189189.1891891892
The Montane,36.0,1,1,3,1,361111.1111111111
Fairways Tower,57.0,1,1,3,0,210526.31578947368
The Montane,36.0,1,1,2,1,361111.1111111111
Uptown Parksuites,38.0,1,1,1,0,289473.6842105263
Icon Plaza,60.0,1,1,3,1,233333.33333333334
The Seasons Residences,65.0,2,2,1,1,507692.3076923077
EIGHT FORBESTOWN ROAD,68.0,2,2,3,0,264705.8823529412
One Serendra,167.0,3,3,3,2,359281.4371257485
One Serendra,125.0,2,2,2,1,400080.0
Mulberry Place,85.0,3,2,2,1,141176.4705882353
The Albany,112.0,2,3,2,1,315178.5714285714
Cedar Crest,83.0,3,2,1,0,90000.0
West Gallery Place,120.0,2,2,1,0,416666.6666666667
The Seasons Residences,65.0,2,1,1,1,507692.3076923077
Park West,54.0,2,2,1,0,259259.25925925927
One Uptown Residence,137.0,3,2,2,2,401459.85401459853
Park Triangle Residences,60.0,1,1,1,0,260000.0
Aurelia Residences,241.0,3,4,2,0,514522.82157676347
Park West,100.0,3,2,3,1,300000.0
One Maridien,93.0,2,2,3,1,306451.6129032258
West Gallery Place,120.0,2,2,1,0,416666.6666666667
East Gallery Place,100.0,2,2,3,1,420000.0
Two Serendra,235.0,3,4,2,2,302127.6595744681
Rosewood Pointe,57.0,2,1,2,0,76315.78947368421
McKinley Park Residences,86.0,2,2,1,0,133720.93023255814
Uptown Parksuites,37.0,1,1,1,0,351351.35135135136
West Gallery Place,120.0,2,2,1,0,416666.6666666667
The Bellagio,60.0,1,1,2,1,308333.3333333333
The Bellagio 3,60.0,1,1,2,1,308333.3333333333
The Florence Residence,45.0,1,1,3,1,288888.8888888889
The Icon Residences,61.0,1,1,3,0,229508.19672131148
Times Square West,39.0,1,1,1,0,217948.71794871794
Arbor Lanes,109.0,2,2,2,2,247706.42201834862
Two Serendra,59.0,1,1,3,0,296610.16949152545
West Gallery Place,65.0,1,1,3,1,384615.3846153846
Grand Central Park,54.0,2,2,2,1,240740.74074074073
One Serendra,172.0,2,2,1,2,401162.79069767444
Park Triangle Residences,59.0,1,1,1,0,245762.71186440677
Arbor Lanes,134.0,2,2,3,2,283582.0895522388
McKinley Garden Villas,91.0,2,3,2,0,164835.16483516485
Uptown Parksuites,41.0,1,1,3,0,304878.0487804878
Two Serendra,58.0,1,1,3,0,344827.5862068966
Uptown Parksuites,89.0,3,2,2,0,269662.9213483146
Central Park West,100.0,3,2,1,0,280000.0
Uptown Parksuites,89.0,3,2,3,0,286516.8539325843
Cedar Crest,64.0,3,2,3,0,164062.5
Park Avenue,36.0,1,1,1,0,444444.44444444444
The Fort Residences,78.0,2,2,3,0,179487.1794871795
West Gallery Place,65.0,1,1,1,1,392307.6923076923
West Gallery Place,65.0,1,1,1,1,392307.6923076923
Tuscany Private Estates,64.0,1,1,1,0,208593.75
The Venice Luxury Residences,83.0,2,2,3,0,226506.02409638555
Uptown Parksuites,38.0,1,1,2,1,328947.36842105264
Cedar Crest,60.0,1,1,1,1,103333.33333333333
Park East Place,67.0,1,1,1,0,402985.0746268657
Bonifacio Ridge,113.0,2,1,3,0,278761.06194690266
The Trion Towers I,61.0,2,3,3,1,196721.31147540984
The Icon Residences,61.0,1,1,3,2,229508.19672131148
Royal Palm Residences,48.0,2,1,2,0,141666.66666666666
Pacific Plaza Towers,305.0,3,3,1,2,311475.40983606555
Fort Palm Spring,74.0,2,2,3,0,209459.45945945947
East Gallery Place,161.0,2,2,1,1,395000.0
One Serendra,84.0,1,1,3,1,309523.8095238095
Avida Towers 34th Street,78.0,2,1,2,0,205128.20512820513
The Fort Residences,148.0,4,3,2,0,222905.4054054054
St. Moritz Private Estate,79.0,2,3,3,1,364556.96202531643
The Beaufort,150.0,3,3,2,1,376666.6666666667
Arbor Lanes,75.0,1,1,1,1,293333.3333333333
East Gallery Place,247.0,3,3,2,2,404858.2995951417
East Gallery Place,161.0,2,2,3,0,406832.298136646
GRAND HYATT RESIDENCES,104.0,2,2,1,1,355769.23076923075
Essensa East Forbes,290.0,3,3,1,2,310344.8275862069
Avida Towers 34th Street,78.0,2,2,3,1,205128.20512820513
EIGHT FORBESTOWN ROAD,46.0,1,1,3,0,243478.26086956522
West Gallery Place,91.0,2,2,2,1,428571.4285714286
Cedar Crest,64.0,2,1,1,1,107906.25
Verve Residences,223.0,3,2,1,2,497757.8475336323
Venice Luxury Residences,66.0,1,1,2,0,187878.78787878787
The Seasons Residences,169.0,3,3,1,1,461538.46153846156
One Serendra,69.0,1,1,3,1,362318.84057971014
Arbor Lanes,111.0,2,2,1,1,252252.25225225225
Seibu Tower,118.0,2,2,2,1,177966.10169491524
The Icon,94.0,2,3,1,2,404255.3191489362
Park East Place,61.0,1,1,1,1,401639.34426229505
Park West,39.0,1,1,2,0,238461.53846153847
Verve Residences,98.0,2,2,1,1,295918.36734693876
Verve Residences,113.0,2,2,1,1,340707.9646017699
8 Forbestown Road,100.0,2,2,3,1,290000.0
Pacific Plaza Towers,299.0,3,3,1,2,351170.56856187293
The Icon Residences,122.0,3,2,1,1,196721.31147540984
St. Mark Residences,66.0,1,1,2,1,237121.21212121213
St. Mark Residences,135.0,2,3,2,1,280740.74074074073
The Florence,43.0,1,1,2,1,225581.39534883722
The Florence,94.0,3,4,2,1,206382.97872340426
Icon Plaza,37.0,1,1,3,0,202702.7027027027
Uptown Parksuites,95.0,3,4,2,1,318315.7894736842
EIGHT FORBESTOWN ROAD,99.0,2,2,3,2,303030.30303030304
Forbeswood Heights,37.0,1,1,3,0,243243.24324324325
8 Forbestown Road,60.0,1,1,3,1,333333.3333333333
Grand Hyatt Manila Residences,205.0,3,3,1,2,536585.3658536585
Two Serendra,90.0,2,2,3,1,333333.3333333333
Icon Plaza,105.0,2,2,3,0,266666.6666666667
The Florence Residence,100.0,3,3,3,1,328000.0
Park Triangle Residences,97.0,2,2,3,1,391752.57731958764
Park Triangle Residences,123.0,3,3,1,1,325203.2520325203
Park McKinley West,212.0,3,3,2,2,316037.7358490566
MANILA RESIDENCES,205.0,3,3,2,2,585365.8536585366
Park Triangle Residences,60.0,1,1,1,0,300000.0
Park Triangle Residences,59.0,1,1,1,1,270000.0
Park Triangle Residences,123.0,3,3,1,1,310000.0
The Veranda BGC,87.0,2,2,3,1,247126.4367816092
Park Triangle Residences,232.0,3,3,1,2,413793.1034482759
One Serendra,103.0,1,1,3,1,330097.0873786408
Two Serendra,56.0,1,1,3,1,303571.4285714286
One Uptown Residence,74.0,2,3,2,1,317162.1621621622
St. Moritz Private Estate,113.0,3,4,2,2,276991.1504424779
Arbor Lanes,242.0,3,3,1,2,413223.14049586776
Two Serendra,100.0,2,2,3,2,310000.0
Verve Residences,129.0,3,1,3,1,317829.45736434107
Two Maridien,65.0,1,1,3,0,353846.1538461539
Time Square West,100.0,2,2,3,1,250000.0
East Gallery Place,108.0,2,1,1,1,444444.44444444444
The Albany,121.0,2,3,2,1,314049.5867768595
The Albany,133.0,3,4,2,2,313533.83458646614
Alder Residences,121.0,3,2,1,1,140495.86776859505
Grand Hyatt Manila Residences,116.0,1,2,3,2,431034.4827586207
Park West,61.0,3,2,3,1,459016.39344262297
Uptown Parksuites,41.0,1,1,3,0,341463.4146341463
The Fort Residences,43.0,1,1,3,0,227906.97674418605
Central Park West,100.0,3,2,2,1,260000.0
Venice Luxury Residences,40.0,1,1,3,0,187500.0
Icon Plaza,60.0,1,1,3,1,230000.0
Arya Residences Tower 2,126.0,2,2,3,1,436507.9365079365
Uptown Parksuites,81.0,2,2,1,1,320987.65432098764
Forbeswood Heights,73.0,1,2,3,0,273972.602739726
Arbor Lanes,73.0,1,1,3,1,279452.05479452055
The Trion Towers,92.0,2,2,3,2,239130.4347826087
The Florence,66.0,2,3,2,1,216363.63636363635
Sapphire Residences,80.0,2,2,3,1,243750.0
Park East Place,98.0,2,2,2,0,487854.5918367347
The Venice Luxury Residences,66.0,1,1,3,1,195454.54545454544
One Serendra,84.0,1,1,3,1,309523.8095238095
One Mckinley Place,76.0,1,1,3,1,256578.94736842104
Morgan Suites Executive Residences,25.0,1,1,3,0,172000.0
Seibu Tower,118.0,2,2,2,1,177966.10169491524
Alder Residences,84.0,3,2,3,1,190476.19047619047
Alder Residences,84.0,3,2,3,1,190476.19047619047
Central Park West,100.0,3,2,3,1,250000.0
The Bellagio 2,119.0,3,2,1,1,268907.5630252101
The Venice Luxury Residences,66.0,1,1,2,0,148333.33333333334
McKinley Garden Villas,136.0,3,2,3,0,176470.58823529413
Viceroy,34.0,1,1,3,0,191176.4705882353
Avant at The Fort,54.0,1,1,3,0,259259.25925925927
One Serendra,172.0,2,2,1,2,401162.79069767444
GRAND HYATT RESIDENCES,133.0,3,3,1,0,406015.037593985
The Florence,94.0,3,3,3,1,356382.97872340423
Icon Plaza,165.0,3,3,3,2,272727.2727272727
The Trion Towers,42.0,1,1,3,0,226190.47619047618
One Uptown Residences,111.0,2,2,3,1,229729.72972972973
Madison Park West,55.0,2,2,3,1,327272.7272727273
Park Triangle Residences,59.0,1,1,1,0,245762.71186440677
The Trion Towers III,37.0,1,1,3,1,283783.7837837838
Arca South,58.0,1,1,1,1,205172.41379310345
S Residences,51.0,1,1,1,0,331372.54901960783
Forbeswood Heights,73.0,1,2,3,0,273972.602739726
Rosewood Pointe,57.0,2,1,3,1,103508.77192982456
Venice Luxury Residences,66.0,1,1,3,0,181818.18181818182
Two Serendra,56.0,1,1,2,0,232142.85714285713
Two Serendra,109.0,3,3,2,1,284403.66972477065
The Beaufort,150.0,3,3,2,1,376666.6666666667
Sapphire Residences,80.0,2,2,3,1,243750.0
Uptown Ritz Residence,80.0,2,2,1,1,293750.0
Two Serendra,56.0,1,1,3,0,285714.28571428574
Seibu Tower,42.0,1,1,3,0,226190.47619047618
Two Serendra,56.0,1,1,2,0,232142.85714285713
One Uptown Residence,34.0,1,1,3,0,264705.8823529412
West Gallery Place,91.0,2,2,2,1,428571.4285714286
The Venice Luxury Residences,66.0,1,1,2,0,148484.84848484848
East Gallery Place,83.0,1,1,1,1,379518.0722891566
East Gallery Place,299.0,3,2,3,2,334448.16053511703
Park West,36.0,1,1,3,1,300000.0
Verve Residences,69.0,1,1,1,1,333333.3333333333
Grand Hyatt Manila Residences,104.0,2,2,2,1,355769.23076923075
East Gallery Place,158.0,2,2,2,2,500000.0
East Gallery Place,247.0,3,4,2,2,404048.5829959514
GRAND HYATT RESIDENCES,205.0,3,3,1,2,487804.8780487805
The Albany,112.0,2,3,2,1,315089.28571428574
GRAND HYATT RESIDENCES,133.0,2,2,3,1,436090.2255639098
One Serendra,121.0,2,2,3,1,330578.5123966942
Park West,39.0,1,1,2,0,238461.53846153847
West Gallery Place,188.0,3,3,2,2,558510.6382978724
Avida Cityflex Towers,45.0,1,1,1,0,222222.22222222222
Uptown Ritz Residence,183.0,4,4,3,1,409836.0655737705
Park West,100.0,3,3,3,1,300000.0
One Serendra,71.0,1,1,3,0,323943.661971831
The Encino at Two Serendra,109.0,3,2,3,1,323853.2110091743
One Serendra,134.0,2,2,3,1,404477.6119402985
Grand Hamptons,48.0,1,1,3,1,250000.0
Pacific Plaza Towers,305.0,3,4,2,0,285245.9016393443
One Uptown Residence,34.0,1,1,3,0,294117.64705882355
Avida Towers One Union Place,36.0,1,1,1,0,161111.11111111112
Avida Towers One Union Place,23.0,1,1,1,0,152173.91304347827
Park Triangle Residences,67.0,1,1,1,1,298507.46268656716
The Suites at One Bonifacio High Street,136.0,2,2,1,0,514705.8823529412
Royal Palm Residences,61.0,2,1,2,0,110550.98360655738
Two Serendra,42.0,1,1,3,0,225000.0
Sapphire Residences,80.0,2,2,3,0,243750.0
Arya Residences,127.0,2,2,1,0,314960.6299212598
The Meranti at Two Serendra,235.0,3,3,3,2,323400.0
The Birchwood,62.0,2,1,1,1,111290.32258064517
East Gallery Place,161.0,2,2,3,1,406826.0869565217
One Serendra,134.0,2,3,3,1,335820.89552238805
The Icon Residences,122.0,2,2,2,1,209016.39344262294
One Uptown Residences,79.0,2,1,3,0,316455.69620253163
The Trion Towers III,43.0,1,1,3,0,267441.8604651163
The Trion Towers III,38.0,1,1,3,1,302631.5789473684
Uptown Ritz Residence,93.0,2,3,3,0,387096.77419354836
Park McKinley West,35.0,1,1,2,1,307857.14285714284
Park McKinley West,35.0,1,1,2,1,307857.14285714284
Uptown Arts Residence,84.0,2,2,1,1,428571.4285714286
Icon Plaza,105.0,2,2,3,0,266666.6666666667
The Florence,43.0,1,1,3,0,195348.83720930232
Two Serendra,127.0,3,2,1,0,303385.82677165355
Two Serendra,55.0,1,1,1,0,290000.0
Madison Park,39.0,1,1,1,0,197435.89743589744
Madison Park West,100.0,4,3,2,1,300000.0
Rosewood Pointe,57.0,2,1,2,0,85964.91228070176
Park Triangle Residences,123.0,3,2,1,1,317073.1707317073
One Serendra,202.0,3,3,3,2,495049.50495049503
One Serendra,167.0,3,3,3,2,389221.55688622757
Park McKinley West,106.0,2,3,2,1,311320.75471698114
Cypress Towers,46.0,2,2,3,0,71739.13043478261
Avida Towers BGC 9th Avenue,38.0,1,1,3,0,223684.2105263158
The Belize Tower at Two Serendra,101.0,3,3,3,1,296039.603960396
Sapphire Residences,80.0,2,2,3,1,243750.0
Alder Residences,98.0,3,2,1,1,142260.25510204083
One Serendra,151.0,2,3,2,2,483443.7086092715
Forbeswood Parklane,36.0,1,1,3,0,216666.66666666666
Cypress Towers,46.0,2,1,3,0,71739.13043478261
Icon Residences,95.0,2,2,3,1,261894.73684210525
McKinley Park Residences,98.0,3,3,3,0,255102.04081632654
Uptown Ritz Residence,80.0,2,2,3,1,287500.0
Fort Victoria,90.0,2,2,3,0,177777.77777777778
One Serendra,151.0,2,3,2,2,483443.7086092715
Sapphire Residences,80.0,2,2,3,1,243750.0
The Bellagio 3,54.0,1,1,1,0,157407.40740740742
Sapphire Residences,84.0,2,2,3,1,416666.6666666667
Two Serendra,58.0,1,1,1,0,206896.55172413794
Sapphire Residences,80.0,2,2,3,1,243750.0
St. Moritz Private Estate,116.0,3,2,3,2,293103.4482758621
8 Forbestown Road,96.0,2,2,1,1,280208.3333333333
One Maridien,93.0,2,2,3,1,306451.6129032258
Forbeswood Parklane,62.0,1,1,3,1,206451.61290322582
West Gallery Place,65.0,1,1,3,1,384615.3846153846
Uptown Parksuites,72.0,1,1,3,0,236111.11111111112
Arca South,58.0,1,1,1,1,181034.4827586207
GRAND HYATT RESIDENCES,225.0,3,3,3,2,422222.22222222225
Pacific Plaza Towers,300.0,3,4,2,2,366666.6666666667
Uptown Parksuites,40.0,1,1,3,1,312500.0
One Serendra,67.0,1,1,3,1,343283.58208955225
Alder Residences,98.0,3,2,1,0,56122.448979591834
Aurelia Residences,242.0,3,4,2,0,523225.12396694213
Sequoia at Two Serendra,125.0,3,3,3,0,248000.0
East Gallery Place,161.0,2,2,1,0,405000.0
Regent Parkway,149.0,2,2,1,1,234899.3288590604
Two Serendra,90.0,2,2,3,0,261111.11111111112
The Bellagio,58.0,1,1,3,0,206896.55172413794
The Suites at One Bonifacio High Street,209.0,3,3,2,2,574162.6794258374
The Suites at One Bonifacio High Street,136.0,2,3,2,2,551470.5882352941
Park West,70.0,2,2,1,1,228571.42857142858
Arbor Lanes,174.0,3,3,1,2,232758.62068965516
The Suites at One Bonifacio High Street,209.0,3,4,2,0,598086.1244019138
East Gallery Place,198.0,3,3,3,0,530303.0303030303
The Veranda BGC,110.0,3,3,1,0,213636.36363636365
The Bellagio,62.0,1,1,3,1,258064.51612903227
Arya Residences,126.0,2,2,3,1,357142.85714285716
One Serendra,236.0,3,3,1,2,381355.9322033898
Aurelia Residences,242.0,4,4,2,2,390689.5082644628
Aurelia Residences,283.0,3,3,2,2,472837.4593639576
One Serendra,123.0,2,2,3,0,406504.0650406504
Two Serendra,67.0,1,1,3,0,252238.80597014926
The Venice Luxury Residences,67.0,1,1,3,0,149253.73134328358
The Viceroy,46.0,2,2,3,0,163043.47826086957
Avida Towers Verte,36.0,1,1,1,0,222222.22222222222
The Montane,37.0,1,1,1,0,264864.86486486485
F1 City Center,48.0,1,1,1,0,177083.33333333334
The Bellagio,50.0,1,1,1,1,305000.0
Uptown Ritz Residence,83.0,2,3,2,0,253012.0481927711
One Uptown Residence,55.0,1,1,3,1,290909.0909090909
Times Square West,100.0,2,3,1,1,270000.0
Two Serendra,84.0,2,3,3,0,226190.47619047618
Forbeswood Parklane,45.0,1,1,3,0,177777.77777777778
Uptown Parksuites,41.0,1,1,3,1,292682.9268292683
Uptown Parksuites,41.0,1,1,3,1,280487.8048780488
Uptown Parksuites,121.0,3,3,1,0,297520.6611570248
Uptown Parksuites,121.0,3,3,3,0,297520.6611570248
Times Square West,39.0,1,1,1,0,230769.23076923078
Times Square West,39.0,1,1,1,0,205128.20512820513
One Maridien,61.0,1,1,3,0,260655.73770491802
Aurelia Residences,241.0,3,3,1,0,497925.3112033195
Grand Hyatt Manila Residences,133.0,3,3,3,0,375939.84962406015
Grand Hyatt Manila Residences,133.0,3,3,3,0,402255.63909774437
Uptown Ritz Residence,80.0,2,3,3,0,287499.9875
Times Square West,58.0,2,2,1,0,267241.3793103448
Park Avenue,107.0,3,3,1,0,233644.8598130841
Avida Towers Verte,37.0,1,1,3,0,283783.7837837838
One Uptown Residence,33.0,1,1,3,1,269696.9696969697
Uptown Ritz Residence,80.0,2,3,3,1,287500.0
Grand Hyatt Manila Residences,133.0,2,3,3,0,451127.8195488722
The Seasons Residences,84.0,2,2,1,0,428571.4285714286
Avida Towers Verte,37.0,1,1,3,1,283783.7837837838
One Uptown Residence,34.0,1,1,1,1,270588.23529411765
One Uptown Residence,36.0,1,1,3,0,236111.11111111112
Park Avenue,39.0,1,1,1,0,230769.23076923078
Park Avenue,107.0,3,3,1,0,245794.39252336448
Uptown Parksuites,81.0,2,3,3,1,308024.6913580247
Park Triangle Residences,59.0,1,1,1,0,269491.5254237288
The Grand Hamptons,78.0,2,2,3,0,192307.6923076923
The Fort Residences,125.0,3,4,3,0,300000.0
Grand Hyatt Manila Residences,300.0,4,4,3,0,450000.0
Two Serendra,58.0,1,1,3,0,267241.3793103448
Fifth Avenue Place,37.0,1,1,3,1,235135.13513513515
East Gallery Place,245.0,4,4,2,1,448979.5918367347
Avida Towers Verte,37.0,1,1,3,1,283783.7837837838
Uptown Ritz Residence,37.0,1,1,3,0,283783.7837837838
Grand Hyatt Manila Residences,103.0,2,3,1,2,368932.03883495147
Grand Hyatt Manila Residences,133.0,3,4,3,0,364661.6541353383
Grand Hyatt Manila Residences,291.0,3,4,1,0,463917.5257731959
Uptown Parksuites,83.0,2,3,1,0,250000.0
Uptown Parksuites,75.0,2,3,1,0,253333.33333333334
Park Triangle Residences,82.0,2,2,3,0,341463.4146341463
Uptown Parksuites,59.0,2,2,3,0,296610.16949152545
Aurelia Residences,242.0,3,4,1,0,454545.45454545453
Uptown Parksuites,59.0,2,2,3,1,291525.42372881353
The Seasons Residences,87.0,2,2,1,0,430459.7701149425
Times Square West,61.0,2,2,1,1,269672.131147541
Uptown Parksuites,95.0,3,3,3,1,247368.42105263157
The Bellagio,91.0,2,2,3,0,260989.010989011
GRAND HYATT RESIDENCES,145.0,3,4,3,1,413793.1034482759
Uptown Parksuites,59.0,2,2,3,1,296610.1525423729
Verve Residences,128.0,3,3,3,1,296875.0
Grand Hyatt Manila Residences,103.0,2,3,1,0,359223.3009708738
East Gallery Place,247.0,3,4,1,0,481781.3765182186
Aurelia Residences,242.0,3,4,1,0,454545.45454545453
Aurelia Residences,241.0,3,4,1,0,560165.9751037344
Aurelia Residences,241.0,3,3,1,0,560165.9751037344
Two Serendra,66.0,1,1,3,0,287878.7878787879
Grand Hyatt Manila Residences,143.0,2,3,1,0,454545.45454545453
Two Serendra,109.0,3,3,3,0,284403.66972477065
Park West,39.0,1,1,1,1,294871.7948717949
GRAND HYATT RESIDENCES,145.0,3,4,1,0,413793.1034482759
GRAND HYATT RESIDENCES,133.0,3,3,1,0,375939.84962406015
One Serendra,236.0,3,4,3,0,396186.4406779661
Arbor Lanes,92.0,1,3,1,1,241304.34782608695
The Veranda BGC,60.0,1,1,3,1,300000.0
St. Moritz Private Estate,78.0,2,2,2,1,288461.53846153844
The Seasons Residences,51.0,1,1,1,0,331372.54901960783
Arbor Lanes,226.0,3,4,2,2,300000.0
McKinley Garden Villas,132.0,3,2,1,1,149621.21212121213
St. Moritz Private Estate,114.0,3,2,3,1,298245.6140350877
The Infinity BGC,37.0,1,1,3,0,210810.8108108108
Seibu Tower,72.0,2,2,3,0,277777.77777777775
One Serendra,103.0,1,1,3,1,281553.3980582524
Times Square West,40.0,1,1,3,0,275000.0
Central Park West,100.0,3,2,1,1,260000.0
West Gallery Place,92.0,2,2,3,1,543478.2608695652
Cypress Towers,53.0,2,2,3,0,79245.28301886792
One Serendra,140.0,2,2,3,1,464285.71428571426
The Bellagio,62.0,1,1,3,0,290322.5806451613
The Birchwood,85.0,3,2,1,1,125882.35294117648
The Infinity BGC,123.0,3,3,3,1,264227.64227642276
8 Forbestown Road,88.0,2,2,1,0,301136.36363636365
The Venice Luxury Residences,40.0,1,1,1,0,162500.0
Park Cascades,123.0,3,3,1,1,260162.60162601626
The Montane,55.0,2,2,3,1,300000.0
Arbor Lanes,109.0,2,2,2,2,247706.42201834862
Two Serendra,105.0,3,2,2,1,333333.3333333333
Arbor Lanes,142.0,3,3,2,2,246126.7605633803
The Grand Hamptons,96.0,3,3,3,0,208291.66666666666
Avida CityFlex Towers BGC,36.0,1,1,3,1,248611.11111111112
Tuscany Private Estates,69.0,1,1,3,0,169565.21739130435
The Venice Luxury Residences,119.0,2,2,2,1,195378.1512605042
One Uptown Residence,40.0,1,1,3,0,325000.0
McKinley Park Residences,105.0,2,2,3,1,247619.04761904763
Fairways Tower,57.0,1,1,3,1,184210.52631578947
The Veranda BGC,110.0,3,3,3,1,262727.2727272727
The Icon Residences,36.0,1,1,1,0,194444.44444444444
Avida Towers BGC 9th Avenue,37.0,1,1,3,0,229729.72972972973
Stamford Executive Residences,30.0,1,1,3,0,200000.0
One Uptown Residence,141.0,3,2,3,2,361702.12765957444
One Mckinley Place,76.0,1,1,3,1,210526.31578947368
Madison Park West,40.0,1,1,1,0,187500.0
Uptown Ritz Residence,93.0,2,2,1,1,279569.89247311826
Icon Residences,61.0,1,1,3,0,270491.8032786885
One Maridien,38.0,1,1,2,0,249473.68421052632
East Gallery Place,96.0,2,2,2,1,364583.3333333333
The Grand Hamptons,44.0,1,1,3,1,238636.36363636365
The Venice Luxury Residences,39.0,1,1,3,0,174358.97435897434
The Veranda BGC,30.0,1,1,3,1,216666.66666666666
Avida Towers 34th Street,36.0,1,1,3,0,216666.66666666666
Uptown Ritz Residence,131.0,4,3,1,1,343511.4503816794
Central Park West,100.0,3,2,1,0,280000.0
Park Triangle Residences,59.0,1,1,1,0,254237.28813559323
One Serendra,165.0,2,2,3,2,442424.24242424243
Park Cascades,119.0,3,3,1,1,285714.28571428574
The Birchwood,58.0,2,1,1,1,143577.58620689655
Grand Hyatt Manila Residences,200.0,3,2,2,2,375000.0
Alder Residences,67.0,2,1,1,0,142955.223880597
Uptown Parksuites,78.0,2,3,2,0,269230.76923076925
Arbor Lanes,94.0,2,2,2,1,287234.0425531915
Avida Towers Vireo,23.0,1,1,1,0,239130.4347826087
McKinley Park Residences,70.0,2,2,3,0,192857.14285714287
The Infinity BGC,37.0,1,1,3,0,216216.2162162162
The Veranda BGC,58.0,1,1,1,1,284310.3448275862
The Trion Towers,54.0,2,2,1,0,200000.0
Arca South,109.0,2,2,2,0,247706.42201834862
Avida Towers One Union Place,22.0,1,1,1,0,181818.18181818182
Avida Towers Turf BGC,44.0,1,1,3,1,272727.2727272727
Bonifacio Ridge,113.0,2,2,3,0,308849.5575221239
Avida Towers 34th Street,78.0,2,2,3,1,202564.10256410256
Central Park West,58.0,2,2,3,1,379310.3448275862
The Bellagio,60.0,1,1,3,0,233333.33333333334
Park McKinley West,212.0,3,3,2,0,334905.6603773585
Time Square West,39.0,1,1,3,1,346153.8461538461
Time Square West,56.0,2,2,3,1,330357.14285714284
Park West,36.0,1,1,3,1,411111.1111111111
Park West,72.0,2,2,3,1,275000.0
One Uptown Residence,33.0,1,1,3,0,424242.42424242425
One Uptown Residence,48.0,1,1,3,0,270833.3333333333
One Uptown Residence,45.0,1,1,3,1,355555.55555555556
Uptown Ritz Residence,159.0,4,4,3,0,327044.0251572327
Uptown Ritz Residence,80.0,2,2,3,0,318750.0
Uptown Ritz Residence,131.0,4,4,3,1,343511.4503816794
Arya Residences,125.0,2,2,3,0,360000.0
Arya Residences,135.0,2,2,3,1,303703.7037037037
Arya Residences,124.0,2,2,3,0,350806.4516129032
Grand Hyatt Manila Residences,104.0,2,2,3,1,384615.3846153846
Forbestown Place at The Fort BGC,84.0,2,2,3,0,250000.0
Grand Hyatt Manila Residences,119.0,2,2,3,0,344537.81512605044
Essensa East Forbes,290.0,3,3,3,2,303448.275862069
Grand Hyatt Manila Residences,291.0,3,2,3,2,463917.5257731959
Penhurst Parkplace,142.0,2,2,3,2,325000.0
Arya Residences,282.0,3,3,1,0,354609.92907801416
Robinsons Galleria,80.0,3,2,3,0,300000.0
Grace Residences,27.0,1,1,3,0,166666.66666666666
Madison Park West,39.0,1,1,1,0,238461.53846153847
Arbor Lanes,111.0,2,2,2,1,288288.2882882883
West Gallery Place,57.0,1,1,1,0,438596.49122807017
One Serendra,140.0,2,2,3,0,392857.14285714284
The Venice Luxury Residences,103.0,2,3,1,2,196019.41747572814
The Fort Residences,139.0,3,4,2,0,251798.56115107914
Two Serendra,82.0,2,1,2,1,304878.0487804878
Two Serendra,57.0,1,1,3,0,315789.4736842105
Two Serendra,58.0,1,1,3,0,284482.7586206897
Two Maridien,36.0,1,1,2,0,333333.3333333333
Two Serendra,42.0,1,1,2,0,238095.2380952381
Two Serendra,42.0,1,1,3,0,309523.8095238095
Two Serendra,60.0,1,1,3,1,325000.0
Two Serendra,42.0,1,1,2,0,250000.0
St. Moritz Private Estate,216.0,4,4,2,2,370370.3703703704
Two Serendra,69.0,1,1,2,0,260869.5652173913
Two Serendra,56.0,1,1,3,0,285714.28571428574
Two Serendra,68.0,1,1,3,0,294117.64705882355
Two Serendra,67.0,1,1,1,0,305970.14925373136
East Gallery Place,96.0,2,2,3,1,468750.0
Two Serendra,128.0,2,2,3,1,312500.0
Two Serendra,88.0,2,2,3,0,375000.0
Two Serendra,85.0,2,1,3,1,435294.1176470588
One Serendra,236.0,3,3,3,2,338983.0508474576
Two Serendra,82.0,2,1,3,0,341463.4146341463
McKinley Park Residences,69.0,2,2,3,0,217391.30434782608
8 Forbestown Road,46.0,1,1,2,0,293478.26086956525
Tuscany Private Estates,106.0,3,2,3,0,282924.5283018868
Two Maridien,37.0,1,1,2,0,291891.8918918919
McKinley Park Residences,109.0,3,3,3,1,183027.52293577982
Uptown Parksuites,89.0,3,3,1,1,343595.5056179775
Bonifacio Ridge,113.0,2,2,1,0,247699.1150442478
The Infinity BGC,123.0,3,3,1,1,254471.54471544715
The Montane,36.0,1,1,1,0,333333.3333333333
Arya Residences,138.0,2,2,1,1,351449.27536231885
Arya Residences,126.0,2,2,1,1,317460.31746031746
Arya Residences,200.0,2,1,3,2,375000.0
Grand Hyatt Manila Residences,120.0,2,1,3,1,333333.3333333333
Uptown Parksuites,95.0,3,3,1,0,342105.2631578947
Uptown Parksuites,95.0,3,3,3,2,400000.0
South of Market,74.0,2,2,3,0,209459.45945945947
8 Forbestown Road,96.0,2,1,2,1,312500.0
Uptown Parksuites,89.0,3,2,1,0,340449.4382022472
Forbeswood Heights,83.0,2,2,3,1,240963.85542168675
Avida Towers Turf BGC,57.0,2,2,1,1,280701.7543859649
Aurelia Residences,241.0,3,3,1,2,560165.9751037344
Two Serendra,125.0,3,2,3,0,336000.0
South of Market,79.0,2,2,3,0,208860.7594936709
Uptown Parksuites,95.0,3,2,1,0,400000.0
South of Market,116.0,3,1,1,0,215517.24137931035
Central Park West,100.0,3,2,3,0,440000.0
Park West,72.0,2,2,3,1,274861.1111111111
Park West,72.0,1,1,3,1,204027.77777777778
Park West,72.0,2,2,3,1,275000.0
Arbor Lanes,172.0,3,3,1,0,290697.67441860464
8 Forbestown Road,137.0,3,3,3,1,255474.45255474452
The Trion Towers,92.0,2,2,3,2,244565.21739130435
8 Forbestown Road,137.0,3,3,3,1,291970.802919708
Uptown Parksuites,123.0,3,3,3,1,284552.8455284553
One Uptown Residence,34.0,1,1,3,0,279411.76470588235
Morgan Suites,34.0,1,1,3,1,173529.41176470587
Aurelia Residences,242.0,3,3,1,0,489412.2314049587
Aurelia Residences,242.0,3,3,1,2,497594.71074380167
Aurelia Residences,242.0,3,3,1,2,482016.52892561984
Aurelia Residences,242.0,3,3,1,2,480864.13223140495
Avida Towers Vireo,23.0,1,1,1,0,263043.47826086957
Aurelia Residences,242.0,3,3,1,2,479711.7355371901
Avida Towers One Union Place,22.0,1,1,1,0,236363.63636363635
Arya Residences,126.0,2,2,1,1,325000.0
Aurelia Residences,242.0,3,3,1,2,478559.3388429752
St. Moritz Private Estate,117.0,3,3,3,2,362393.1623931624
Madison Park West,58.0,2,2,3,0,275862.0689655172
Two Serendra,45.0,1,1,1,1,280000.0
One Uptown Residence,33.0,1,1,3,0,287878.7878787879
8 Forbestown Road,100.0,2,2,3,1,280000.0
The Infinity BGC,123.0,3,3,2,1,254471.54471544715
Uptown Ritz Residence,80.0,2,2,3,1,326250.0
Aurelia Residences,242.0,3,3,3,2,447107.4380165289
Aurelia Residences,242.0,3,3,1,0,450950.4132231405
St. Moritz Private Estate,220.0,3,3,3,2,361363.63636363635
8 Forbestown Road,90.0,2,2,3,0,344444.44444444444
The Fort Residences,79.0,2,2,1,0,200000.0
The Veranda BGC,86.0,2,2,3,1,209302.32558139536
The Venice Luxury Residences,40.0,1,1,2,0,197500.0
8 Forbestown Road,46.0,1,1,2,0,247826.08695652173
Pacific Plaza Towers,300.0,3,3,1,2,333000.0
Grand Hyatt Manila Residences,170.0,3,3,1,1,311764.70588235295
8 Forbestown Road,46.0,1,1,2,0,249782.60869565216
Uptown Ritz Residence,80.0,2,2,1,0,347500.0
Pacific Plaza Towers,299.0,3,3,1,0,304013.3779264214
Madison Park West,39.0,1,1,3,0,269230.76923076925
Two Serendra,58.0,1,1,3,0,293103.4482758621
Avida Towers Turf BGC,39.0,1,1,1,0,230769.23076923078
Grand Hyatt Manila Residences,170.0,3,3,2,1,323529.4117647059
One Maridien,70.0,1,1,3,0,292857.14285714284
Verve Residences,37.0,1,1,3,0,270270.2702702703
One Uptown Residence,55.0,1,1,1,0,283563.63636363635
Morgan Suites Executive Residences,25.0,1,1,3,0,156000.0
Forbeswood Heights,84.0,2,2,3,0,238095.2380952381
Two Serendra,58.0,1,1,3,0,284482.7586206897
St. Moritz Private Estate,80.0,2,2,3,1,437500.0
The Residences at Bonifacio Civic Center Tower,49.0,1,1,3,1,244897.95918367346
One Uptown Residence,109.0,2,2,3,1,275229.3577981651
Mulberry Place,152.0,4,3,1,0,161552.63157894736
Alder Residences,67.0,2,1,1,0,135820.89552238805
Two Serendra,112.0,3,3,3,0,329464.28571428574
Time Square West,60.0,2,2,3,1,428333.3333333333
Time Square West,40.0,1,1,3,0,440000.0
Uptown Ritz Residence,80.0,2,2,3,1,287500.0
West Gallery Place,91.0,2,2,2,1,450549.4505494505
Uptown Parksuites,38.0,1,1,3,0,318421.05263157893
Uptown Parksuites,37.0,1,1,1,0,237837.83783783784
One Uptown Residence,68.0,2,1,3,1,279411.76470588235
Avida Towers Turf BGC,56.0,2,2,1,1,285714.28571428574
One Uptown Residence,45.0,1,1,3,0,266666.6666666667
GRAND HYATT RESIDENCES,300.0,3,4,2,1,450000.0
Park McKinley West,115.0,2,2,3,1,434782.60869565216
The Seasons Residences,51.0,1,1,1,0,331372.54901960783
St. Moritz Private Estate,78.0,3,2,2,1,305128.2051282051
The Seasons Residences,117.0,3,3,2,2,414188.0341880342
Tuscany Private Estate,83.0,3,2,2,1,168674.6987951807
8 Forbestown Road,137.0,3,1,3,2,306569.34306569345
Forbeswood Parklane,74.0,2,2,3,1,277500.0
East Gallery Place,193.0,3,3,3,2,492227.9792746114
Grand Hyatt Manila Residences,119.0,2,2,3,0,394957.9831932773
Two Maridien,97.0,2,3,2,0,273195.8762886598
Forbeswood Parklane,62.0,1,1,3,1,206451.61290322582
Penhurst Parkplace,93.0,3,2,3,0,268817.20430107525
Venice Luxury Residences,40.0,1,1,3,0,150000.0
Two Serendra,61.0,1,1,3,1,311475.40983606555
The Bellagio,54.0,1,1,3,0,181481.4814814815
One Serendra,121.0,2,2,3,0,330578.5123966942
The Seasons Residences,117.0,3,3,1,1,478632.4786324786
The Fifth Avenue Place,36.0,1,1,3,1,222222.22222222222
Morgan Suites,47.0,1,1,1,0,138297.87234042553
Uptown Parksuites,37.0,1,1,3,0,237837.83783783784
The Suites at One Bonifacio High Street,136.0,2,2,3,2,529411.7647058824
The Suites at One Bonifacio High Street,136.0,2,2,2,2,514705.8823529412
Uptown Parksuites,78.0,2,2,3,1,295641.0256410256
8 Forbestown Road,96.0,2,1,1,1,280208.3333333333
St. Mark Residences,40.0,1,1,1,0,295000.0
Tuscany Private Estate,64.0,1,1,3,1,187500.0
One Uptown Residences,34.0,1,1,3,0,300000.0
McKinley Park Residences,98.0,3,3,3,0,255102.04081632654
St. Moritz Private Estate,115.0,3,2,3,0,365217.39130434784
Uptown Parksuites,37.0,1,1,3,0,310810.8108108108
The Venice Luxury Residences,68.0,1,1,2,1,183823.5294117647
West Gallery Place,65.0,1,1,3,1,384615.3846153846
One Serendra,121.0,2,2,3,0,330578.5123966942
McKinley Park Residences,67.0,1,1,3,0,194029.85074626867
One Serendra,121.0,2,2,3,1,330578.5123966942
Uptown Parksuites,37.0,1,1,2,0,324054.0540540541
Tuscany Private Estates,126.0,3,3,1,0,317460.31746031746
Verve Residences,245.0,3,3,1,1,412285.71428571426
The Florence,43.0,1,1,1,0,226726.7441860465
GRAND HYATT RESIDENCES,145.0,3,3,1,2,310344.8275862069
Aurelia Residences,242.0,3,4,1,2,520661.1570247934
Grand Hyatt Manila Residences,130.0,2,2,2,1,423076.92307692306
Grand Hyatt Manila Residences,130.0,2,2,2,1,423076.92307692306
Pacific Plaza Towers,305.0,3,4,3,0,311475.40983606555
Tuscany Private Estate,131.0,3,3,3,1,175572.51908396947
GRAND HYATT RESIDENCES,300.0,3,3,1,1,433333.3333333333
The Bellagio,54.0,1,1,3,0,183333.33333333334
The Bellagio,54.0,1,1,3,0,183333.33333333334
East Gallery Place,131.0,2,2,2,1,458015.2671755725
The Fort Residences,43.0,1,1,3,0,227906.97674418605
Grace Residences,22.0,1,1,3,1,159090.9090909091
Fort Victoria,40.0,2,1,3,0,262500.0
Avida Towers 34th Street,37.0,1,1,3,1,267567.5675675676
Grand Hyatt Manila Residences,134.0,2,2,1,1,395522.3880597015
West Gallery Place,92.0,2,2,1,1,456521.73913043475
St. Moritz Private Estate,78.0,2,2,3,1,365384.6153846154
Two Maridien,128.0,3,2,1,1,226562.5
8 Forbestown Road,110.0,2,2,3,2,222727.27272727274
Park McKinley West,35.0,1,1,2,0,310178.5714285714
Venice Luxury Residences,65.0,1,1,2,0,246153.84615384616
Royal Palm Residences,51.0,2,1,3,0,143137.25490196078
East Gallery Place,299.0,3,3,3,2,321070.2341137124
East Gallery Place,299.0,3,3,3,2,321070.2341137124
Panglao Oasis,26.0,1,1,1,0,170843.65384615384
Panglao Oasis,40.0,2,1,1,0,172812.575
Grand Hyatt Manila Residences,145.0,3,3,2,2,353793.1034482759
Madison Park,39.0,1,1,1,0,217948.71794871794
Madison Park,40.0,1,1,2,0,242500.0
Uptown Parksuites,78.0,2,2,3,1,295641.0256410256
One Serendra,121.0,2,2,3,1,318181.8181818182
One Serendra,159.0,2,2,1,2,427672.9559748428
Fairways Tower,84.0,2,2,2,0,250000.0
Verve Residences,97.0,2,2,3,1,288659.793814433
Uptown Ritz Residence,93.0,2,1,3,0,295698.9247311828
The Venice Luxury Residences,41.0,1,1,1,0,198780.48780487804
The Venice Luxury Residences,40.0,1,1,1,0,200000.0
The Venice Luxury Residences,40.0,1,1,1,0,198750.0
The Venice Luxury Residences,40.0,1,1,1,0,193750.0
The Venice Luxury Residences,40.0,1,1,1,0,191250.0
The Venice Luxury Residences,40.0,1,1,1,0,188750.0
The Venice Luxury Residences,40.0,1,1,1,0,186250.0
The Venice Luxury Residences,40.0,1,1,1,0,183750.0
The Venice Luxury Residences,40.0,1,1,1,0,181250.0
Bellagio Towers,54.0,1,2,3,0,237166.66666666666
Bellagio Towers,59.0,1,2,3,0,252118.64406779662
One Maridien,60.0,1,1,3,0,266666.6666666667
Grand Hyatt Manila Residences,145.0,3,3,3,2,358620.6896551724
The Venice Luxury Residences,40.0,1,1,1,0,175000.0
The Venice Luxury Residences,39.0,1,1,1,0,178205.12820512822
The Venice Luxury Residences,40.0,1,1,1,0,173750.0
The Venice Luxury Residences,39.0,1,1,1,0,201282.05128205128
The Venice Luxury Residences,39.0,1,1,1,0,173076.92307692306
East Gallery Place,138.0,2,2,3,1,507246.3768115942
GRAND HYATT RESIDENCES,133.0,3,3,3,1,459022.55639097746
One Maridien,93.0,2,2,3,1,306451.6129032258
East Gallery Place,299.0,3,3,3,2,321070.2341137124
East Gallery Place,299.0,3,3,3,2,321070.2341137124
Uptown Parksuites,37.0,1,1,3,1,324324.3243243243
The Venice Luxury Residences,119.0,2,3,2,1,160336.12605042016
Park Triangle Residences,87.0,2,2,3,1,344827.5862068966
Uptown Parksuites,78.0,2,2,3,1,279487.1794871795
Tuscany Private Estate,131.0,3,3,3,1,191603.0534351145
The Icon Residences,95.0,2,3,3,1,261894.73684210525
Times Square West,55.0,2,2,2,0,227272.72727272726
Park McKinley West,35.0,1,1,1,0,314285.71428571426
The Beaufort,103.0,2,2,3,0,368932.03883495147
Uptown Ritz Residence,183.0,4,4,3,1,377049.18032786885
The Bellagio 2,94.0,2,2,2,1,276595.74468085106
Park McKinley West,35.0,1,1,2,0,245714.2857142857
Uptown Parksuites,37.0,1,1,3,0,310810.8108108108
The Trion Towers,43.0,1,1,3,0,232558.13953488372
Cedar Crest,52.0,2,1,1,1,103846.15384615384
Avida Towers Verte,63.0,2,2,3,1,246031.74603174604
Park Triangle Residences,59.0,1,1,1,0,329237.28813559323
Verve Residences,128.0,3,3,3,1,328125.0
Uptown Parksuites,37.0,1,1,3,0,310810.8108108108
Sapphire Residences,80.0,2,2,3,0,206250.0
Park Triangle Residences,60.0,1,1,2,0,291666.6666666667
West Gallery Place,65.0,1,1,3,1,384615.3846153846
Uptown Parksuites,37.0,1,1,3,1,324324.3243243243
Aurelia Residences,241.0,3,4,1,2,531639.0041493776
West Gallery Place,120.0,2,2,2,1,541666.6666666666
Grand Hyatt Manila Residences,133.0,2,2,3,0,436090.2255639098
West Gallery Place,92.0,2,2,1,1,456521.73913043475
Fairways Tower,41.0,1,1,3,0,268292.68292682926
Icon Plaza,60.0,1,1,1,1,291666.6666666667
Penhurst Parkplace,93.0,3,2,3,1,268817.20430107525
Sapphire Residences,80.0,2,2,3,0,206250.0
The Grand Hamptons,77.0,2,2,3,1,205609.0909090909
Mulberry Place,156.0,4,2,1,0,150557.6923076923
McKinley Garden Villas,128.0,3,3,3,1,144531.25
Sapphire Residences,80.0,2,2,2,0,206250.0
Penhurst Park place,93.0,3,2,3,0,268817.20430107525
West Gallery Place,92.0,2,2,1,1,456521.73913043475
One Uptown Residences,111.0,2,2,2,1,229729.72972972973
GRAND HYATT RESIDENCES,133.0,2,2,2,1,436090.2255639098
East Gallery Place,74.0,1,1,3,1,405405.4054054054
One Maridien,93.0,2,2,3,1,322580.6451612903
Ridgewood Towers Taguig,24.0,1,1,1,0,144666.66666666666
Park West,70.0,2,2,3,0,221428.57142857142
One Uptown Residence,33.0,1,1,3,0,272727.2727272727
One Uptown Residence,33.0,1,1,3,0,272727.2727272727
One Uptown Residence,33.0,1,1,3,0,272727.2727272727
One Uptown Residence,111.0,2,2,3,1,229729.72972972973
Avida Towers BGC 9th Avenue,37.0,1,1,3,0,202702.7027027027
The Seasons Residences,49.0,1,1,3,1,469387.7551020408
Uptown Parksuites,33.0,1,1,3,0,380121.2121212121
Grand Hyatt Manila Residences,207.0,3,3,1,2,478260.8695652174
Venice Luxury Residences,119.0,2,3,2,1,150420.16806722688
Central Park West,70.0,2,2,1,1,228571.42857142858
Avida Towers Turf,36.0,1,1,2,0,263888.8888888889
Two Serendra,42.0,1,1,3,0,261904.7619047619
One Serendra,135.0,2,2,3,1,325925.9259259259
Madison Park West,39.0,1,1,2,0,230769.23076923078
Park West,70.0,2,2,3,1,285714.28571428574
East Gallery Place,96.0,2,2,2,1,364583.3333333333
Two Serendra,55.0,1,1,2,0,290000.0
One Uptown Residences,45.0,1,1,3,0,273600.0
Two Serendra,60.0,1,1,3,0,333333.3333333333
Two Maridien,115.0,2,3,3,0,274782.60869565216
One Maridien,60.0,1,1,3,0,250000.0
Sapphire Residences,80.0,2,2,3,1,243750.0
Park Triangle Residences,82.0,2,2,2,0,359756.0975609756
The Bellagio,92.0,2,3,3,0,288043.47826086957
Central Park West,70.0,2,2,1,1,228571.42857142858
Arbor Lanes,109.0,2,2,2,1,247706.42201834862
Avida Towers One Union Place,22.0,1,1,1,0,181818.18181818182
Park McKinley West,35.0,1,1,2,0,300000.0
The Meranti at Two Serendra,58.0,1,1,3,0,284482.7586206897
Uptown Parksuites,35.0,1,1,3,0,300000.0
Avida Towers 34th Street,78.0,2,2,3,1,217948.71794871794
One Mckinley Place,76.0,1,1,3,1,236842.1052631579
Venice Luxury Residences,119.0,3,3,2,1,160336.12605042016
Two Serendra,60.0,1,1,3,1,333333.3333333333
The Bellagio,92.0,2,2,1,0,260869.5652173913
One Maridien,93.0,2,2,3,1,306451.6129032258
Sapphire Residences,80.0,2,3,3,1,250000.0
Arbor Lanes,171.0,3,3,1,0,274853.8011695906
Venice Luxury Residences,39.0,1,1,1,0,205128.20512820513
Two Serendra,58.0,1,1,3,0,284482.7586206897
Arbor Lanes,171.0,3,2,1,2,280701.7543859649
The Venice Luxury Residences,144.0,3,2,3,1,243055.55555555556
Venice Luxury Residences,119.0,2,3,2,1,150420.16806722688
The Suites at One Bonifacio High Street,136.0,2,2,3,2,529411.7647058824
Royal Palm Residences,51.0,2,1,3,0,143137.25490196078
Park McKinley West,119.0,3,2,1,1,336134.4537815126
Essensa East Forbes,290.0,3,3,2,0,310344.8275862069
The Seasons Residences,65.0,2,1,1,0,492307.6923076923
The Venice Luxury Residences,66.0,1,1,2,0,212121.21212121213
West Gallery Place,65.0,1,1,3,1,384615.3846153846
Arbor Lanes,109.0,2,2,1,2,247706.42201834862
Royal Palm Residences,61.0,2,2,2,1,98360.65573770492
Two Serendra,56.0,1,1,2,0,285714.28571428574
Two Serendra,81.0,2,2,3,1,283950.6172839506
Aurelia Residences,241.0,3,4,1,2,531639.0041493776
Park West,70.0,2,2,1,1,228571.42857142858
The Venice Luxury Residences,40.0,1,1,3,0,187500.0
Alta Spatial,33.0,2,1,1,0,122786.69696969698
Alta Spatial,33.0,2,1,1,0,122786.69696969698
Alta Spatial,33.0,2,1,1,0,135869.78787878787
Isabelle de Valenzuela,42.0,2,1,1,0,119047.61904761905
Isabelle de Valenzuela,42.0,3,1,1,0,50000.0
Alta Spatial,33.0,2,1,2,0,151487.87878787878
Alta Spatial,33.0,2,1,1,0,122786.69696969698
Alta Spatial,33.0,2,1,1,0,122786.69696969698
